Open,High,Low,Close,Volume
1881.47,1986.54,1881.47,1986.54,3881263104
2183.44,2259.03,2183.44,2258.99,6358920192
2201.59,2261.24,2201.59,2260.6,4564666368
2122.37,2166.09,2118.87,2152.25,3013411072
2291.66,2341.07,2291.66,2341.07,3618835200
2557.25,2642.11,2532.1,2642.11,4896308224
2508.39,2548.25,2419.29,2511.92,4953597952
2639.89,2696.87,2610.4,2696.5,5136709120
2623.74,2760.09,2609.31,2751.48,4764987904
2915.05,2989.05,2915.05,2989.05,5673677312
2935.21,2993.63,2932.64,2993.63,3767358720
3201.15,3243.88,3201.15,3240.3,6214375424
3362.73,3458.07,3362.73,3458.07,6039685632
3667.55,3784.08,3667.55,3782.26,7372002816
3831.55,3909.04,3809.97,3903.69,6557114880
4051.84,4164.81,4014.56,4133.83,5875138048
4089.85,4364.16,4076.52,4364.16,7162174464
4707.69,4784.43,4700.62,4761.7,8115643392
3901.79,3930.34,3615.11,3618.69,4516643328
4057.17,4117.25,4056.82,4104.55,6173008896
4400.4,4454.78,4400.4,4439.19,5788576768
4139.28,4184.33,3824.89,3851.94,4765213696
3571.72,3658.14,3489.12,3644.79,3350486784
3627.98,3737.69,3603.51,3711.71,4151975424
3654.86,3662.36,3532.06,3532.06,2084593536
3813.98,3984.79,3813.98,3984.79,5043356160
4279.04,4386.29,4277.83,4353.09,5300965376
4446.21,4504.66,4418.26,4504.34,5475012096
4343.73,4350.35,4257.38,4329.77,4050241792
4475.4,4570.57,4468.85,4570.57,4557650432
4802.43,4822.02,4680.1,4724.54,5224181760
4941.98,5023.52,4941.98,5008.83,6463971840
4881.12,5038.95,4834.32,5038.94,4922455552
4926.84,5052.76,4919.7,5047.6,5251173376
5040.3,5080.56,4974.56,5054.73,3962657792
5169.23,5178.6,5084.66,5088.6,3625830912
4896.83,4905.59,4774.24,4890.6,3424587520
4775.68,4812.22,4686.09,4688.29,2335567616
4251.17,4289.23,4211.15,4288.79,1808084608
4306.73,4396.04,4279.02,4361.87,1747105152
4090.91,4119.08,3996.16,4098.56,1725797376
4305.54,4389.15,4285.99,4371.68,1906283520
4130.1,4173.19,4102.01,4108.95,1199554816
4174.79,4209.04,4174.79,4194.02,1396754304
4495.5,4535.15,4464.24,4534.94,2910164480
4489.42,4531.26,4453.77,4467.81,1789208320
4780.47,4820.43,4755.01,4815.21,2855699712
5129.05,5241.55,5110.53,5230.75,4198748416
5372.82,5438.31,5354.86,5382.33,4084967680
5380.82,5467.13,5106.92,5270.96,4293508864
4951.38,5116.49,4915.97,5080.93,4278003712
4839.4,4868.31,4661.59,4663.41,1856793472
4842.94,4929.77,4842.94,4907.52,1591121024
5068.03,5184.15,5022.65,5153.6,3155457792
4986.44,5045.11,4935.3,4989.41,2411761408
5229.78,5296.26,5220.36,5223.82,4475802112
4829.24,4844.18,4589.51,4688.68,2592477696
4112.7,4394.76,3956.03,4347.74,2842838528
4298.39,4298.39,4115.52,4119.78,2174819840
3469.78,3631.55,3392.08,3588.76,1893883904
3831.04,3898.51,3823.67,3862.36,1990794112
3483.86,3495.03,3333.11,3338.27,1673230720
3716.51,3873.33,3669.36,3756.33,4279201280
4015.55,4086.43,3969.97,4024.99,3984169984
3944.54,4107.59,3932.71,4078.88,4698103808
4070.8,4098.65,3792.15,3813.94,3128654592
3712.76,3752.96,3679,3743.54,2010865920
3789.04,3804.56,3741.41,3771.1,2260091648
3250.44,3270.85,3165.7,3226.92,2012634240
2767.8,2970.4,2684.67,2951.84,2635683328
2805.59,2966.9,2797.12,2966.9,2844975104
2768.72,2848.63,2754.69,2811.23,1725578496
3148.61,3226.2,3146.74,3226.15,4209814272
3072.41,3081.41,2893.36,2948.53,2760995584
3161.21,3180.18,3116.84,3122.69,2839507200
3184.23,3201.05,3105.96,3132.77,2232051712
2913.87,2941.4,2857.91,2904.19,1805600128
2454.89,2496.6,2369.38,2472.3,1779557376
2316.68,2521.08,2287.69,2520.74,2633075712
2230.15,2279.55,2180.94,2237.87,1613418752
2246.73,2268.38,2199.15,2237.28,1886648960
2044.03,2108.59,2025.67,2072.81,1534172288
1915.32,1938.82,1797.08,1899.32,2114782720
2091.39,2158.15,2086.08,2138.07,3483687424
2034.55,2042.8,1968.9,1969.82,1574933760
1741.12,1756.36,1703.24,1704.57,1765187072
1716.3,1766.59,1706.83,1766.59,1546669184
1585.52,1613.4,1565.72,1590.23,1659295872
1530.03,1542.76,1514.58,1536.6,1677552512
1686.07,1802.61,1680.77,1784.5,4750786560
1916.87,1990.3,1900.52,1948.68,5982260224
1961.97,1965.65,1860.99,1861.52,4753992192
2062.64,2110.67,2034.64,2037.72,7428473344
2195.48,2203.3,2125.85,2127.18,5162982400
2135.68,2176.46,2118.3,2175.36,4187199232
2015.96,2035.84,1966.54,2003.49,2818966528
1969.63,2020.24,1962.62,2020.24,2471822592
2105.15,2162.35,2100.04,2137.84,3801176832
2209.13,2221.24,2166.09,2192.81,4078084608
2258.51,2306.77,2245.26,2306.77,4270051328
2528.8,2580.75,2500.54,2579.23,9083410432
2833.29,2854.56,2777.42,2854.44,9069168640
2769.63,2878.49,2753.85,2871.79,7358042112
2385.84,2485.03,2382.02,2478.81,3733312000
2661.95,2692.75,2528.61,2536.01,5060505088
2563.02,2604,2539.91,2603.06,3129485312
2784.89,2846.63,2779.7,2843.88,7075225600
2880.53,2904.59,2866.86,2883.21,5737614848
2941.39,2968.53,2925.74,2968.52,5302473216
3047.77,3102.78,3031.59,3099.43,7693697536
3173.53,3225.11,3142.12,3205.08,7986818048
2900.09,2959.95,2897.8,2959.95,4436508672
3215.6,3264.58,3204.31,3264.58,7298700288
3215.97,3247.84,3201.03,3234.15,6144825344
3328.12,3343.66,3302.74,3306.47,7000282624
3287.99,3300.22,3241.22,3276.75,5049246720
3379.92,3393.08,3352.63,3355.78,5816471552
3376.59,3391.37,3281.25,3309.59,5553930752
3433.2,3448.84,3415.75,3434.06,6473724928
3451.87,3454.9,3393.32,3405.13,5753125888
3433.72,3453.61,3419.37,3448.46,5012471808
3519.7,3584.86,3507.18,3584.86,7513046528
3706.56,3747.12,3697.98,3719.97,7785625088
3827.25,3862.29,3809.5,3852.86,7608516608
3945.24,3952.32,3831.4,3907.97,8262575616
3826.19,3933.37,3816.47,3928.58,7525916672
4008.23,4036.2,3875.76,3893.13,6669500928
3780.39,3789.75,3609.66,3609.7,5072646144
3366.46,3469.07,3344.31,3468.04,5158048768
3615.08,3627.37,3512.43,3531.41,4827620352
3422.95,3509.28,3408.08,3489.06,5383360512
3567.62,3659.44,3565.87,3641.82,5352228864
3879.1,3892.17,3707.02,3739.73,8051587584
3555.47,3583.6,3516.36,3536.81,3315150080
3586.04,3629.58,3555.95,3597.86,3919970816
3719.53,3808.18,3714.49,3808.18,5659440128
3914.61,3925.42,3869.15,3911.65,5806183424
3754.94,3955.78,3738.7,3955.78,6595069952
4148.43,4176.43,4120.39,4176.19,6832455168
4295.72,4366.85,4295.72,4364.97,8837484544
4516.28,4592.01,4513.56,4591.34,8283718144
4251.95,4405.69,4251.95,4405.33,6293950464
4508.63,4581.58,4503.49,4581.24,6049309696
4533.36,4533.8,4417.73,4513.59,4609314304
4195.12,4257.02,4185.11,4256.39,3209971968
4388.78,4447.76,4388.27,4447.2,4374973440
4451.93,4465.46,4393.9,4463.6,4527214592
4459.72,4470.31,4408.38,4446.07,4808960512
4444.25,4487.45,4432.29,4485.26,4529280000
4508.93,4542.71,4487.36,4510.53,5125673472
4513.4,4558.21,4480.19,4557.48,5704074752
4535.3,4640.35,4524.68,4639.63,6206169088
4835.83,4852.32,4791.99,4830.02,6615494656
4467.52,4492.65,4254.32,4294.38,4152028160
4344.04,4388.35,4296.88,4301.77,3853250560
4300.32,4334.34,4284.52,4311.89,2989657856
4414.06,4459.73,4352.44,4459.15,3884210944
4692.61,4705.16,4660.17,4690.29,5662885888
4653.06,4674.51,4607.86,4660.13,4721442816
4453.81,4492.04,4426.61,4491.47,2766447616
4690.27,4697.73,4642.98,4658.63,4704866816
4720.58,4748.91,4708.43,4744.42,4734372352
4744.34,4757.32,4726.52,4756.16,4910827520
4756.3,4828.1,4755.93,4827.21,6187885568
4833.81,4851.94,4820.06,4843.18,5943194624
4853.33,4862.17,4814.25,4853.68,5739704832
4851.83,4865.75,4829.02,4863.64,5328918528
4856.41,4881.91,4845.6,4864.92,5717551104
4866.52,4939.41,4866.24,4939.18,5841922560
4948.1,4976.83,4932.63,4976.38,7228171776
4977.76,4993.37,4793.28,4919.87,7346944512
4910.7,4978.27,4896.57,4977.51,5620229120
4975.08,4984.36,4879.91,4914.75,5425112064
4900.6,4936.88,4852.41,4898.67,4304573952
4850.86,4880.53,4688.12,4688.84,5827744768
4680.2,4750.49,4607.2,4749.93,5271907328
4753.12,4896.66,4747.39,4893.98,6395338752
4881.26,4950.49,4849.56,4902.73,6566782464
4892.04,4936.73,4840.17,4864.16,5576390144
4868.73,4904.97,4847.91,4866.55,4851044864
4852.19,4852.19,4645.16,4739.27,5371586560
4682.33,4767.8,4652.87,4714.43,4431985664
4730.49,4758.76,4560.13,4561.4,4829340160
4540.65,4547.48,4350.15,4438.68,4381965312
4353.45,4484.46,4324.5,4434.13,3183759104
4388.5,4564.79,4377.38,4564.76,4305059840
4557.45,4583.18,4418.74,4419.78,4498350080
4313.65,4443.53,4285.47,4350.76,4221155072
4346.7,4391.03,4175.66,4269.11,4019215872
4350.77,4366.69,4134.6,4144.35,4002580992
4100.6,4154.48,3979.13,4042.52,3657183488
4042.32,4158.35,3974.1,4157.84,3651686144
4129.89,4217.61,4107.18,4184.84,3694244096
4125.66,4132.38,3915.75,3915.75,3760313088
3894.09,3983.88,3818.29,3972.15,3771298304
3946.15,4037.85,3908.64,3977.38,3496051712
3941.61,4025.8,3890.35,3901.26,3343432192
3787.15,3982.41,3768.1,3982.39,4023081216
4016.35,4170.73,4016.35,4163.48,5441927680
4134.93,4177.79,4087.1,4133.35,4745101824
4117.49,4165.29,4097.24,4144.66,3422970880
4133.32,4228.44,4083.62,4218.64,4365236224
4254.85,4270.17,4203.49,4235.32,4531410944
4214.62,4259.16,4104.36,4104.36,4140822016
4059.41,4091.44,3933.39,4025.79,3874619136
4004.13,4084.05,3960.34,4083.62,3270880000
4099.85,4146.66,4053.55,4053.99,3754352640
4060.64,4095.49,4023.58,4089.03,3141512448
4000.65,4082.38,3985.15,4072.57,3497036288
4064.78,4122.39,4047.82,4109.32,3423959552
4124.81,4212.18,4110.43,4211.88,4755827200
4191.29,4261.16,4176.43,4223.57,4188617216
4239.06,4252.1,4193.08,4197.99,3441800704
4221.6,4237.1,4144.07,4145.24,2899836160
4131.68,4131.68,3945.73,3972.29,3504262400
3960.25,4087.45,3924.41,4087.02,3508624128
4081.64,4136.59,4069.22,4119.72,3461653760
4098.26,4138.78,4039.93,4094.57,3126797824
4090.97,4120.84,4070.49,4095.3,2497078784
4079.19,4080.02,3992.37,4028.43,2580171520
4023.11,4036.43,3944.47,3961.38,2111946880
3960.68,3973.93,3735.12,3736.98,3357564416
3699.18,3701.33,3620.27,3664.46,2553733888
3657.96,3692.9,3604.36,3606.59,2246347008
3600.76,3609,3430.36,3585.58,3070881280
3535.74,3586.58,3498.9,3563.88,2248425216
3556.19,3665.38,3554.07,3665.33,2959201280
3672.15,3718.93,3656.3,3718.66,2894769408
3729.24,3736.51,3663.73,3698.34,2779247104
3699.31,3817.67,3677.34,3807.6,4073329408
3809.75,3866.78,3799.43,3849.52,4001443584
3816.46,3816.46,3747.4,3788.75,3444529408
3795.21,3862.39,3795.18,3824.05,3540965888
3817.18,3850.2,3735.28,3735.39,3271061248
3713.66,3764.84,3672.02,3757.43,2798721024
3718.13,3848.63,3701.93,3842.31,3507423488
3849.04,3951.54,3848.74,3951.36,5268350464
3953.77,4001.43,3937.48,3959.43,5204248576
3947.99,4018.06,3940.46,4017.86,4617888256
4020.91,4028.51,3965.7,4015.47,4471046144
4023.06,4071.47,4011.75,4071.09,4385787392
4062.25,4091.31,4041.9,4068.86,4106628352
4061.02,4162.66,4050.19,4162.32,5790200832
4170.76,4196.03,4139.94,4194.04,6274903552
4181.22,4203.64,4137.23,4191.13,4729828864
4192.66,4268.4,4192.52,4267.9,5427313664
4277.27,4289.46,4193.3,4193.64,5940590592
4178.19,4248.23,4137.65,4248.01,5468676096
4247.05,4306.65,4231.47,4267.95,5841457664
4260.63,4356.21,4228.67,4356.01,6369627648
4357.18,4414.53,4352.92,4413.57,5999110144
4412.27,4417.2,4246.46,4246.46,6248551424
4230.35,4309.79,4230.35,4297.9,4263884544
4248.98,4317.95,4228.53,4241.59,4532665344
4240.49,4323.25,4212.2,4323.05,4184958464
4322.02,4429.9,4315.02,4423.31,5625259520
4436.38,4470.46,4414.21,4457.76,5691170304
4462.58,4475.92,4409.59,4457.13,5689720832
4456.27,4491.74,4423.99,4461.49,5931286016
4442.69,4444.85,4350.15,4366.6,5829874688
4363.17,4416.83,4362.72,4404.72,4853665792
4401.52,4476.26,4370.57,4456.5,5469966336
4428.36,4457.84,4364.06,4368.3,5428539904
4376.92,4415.84,4355.03,4399.28,4240153856
4393.99,4437.79,4375.39,4431.44,3694988800
4453.05,4553.4,4453.05,4553.02,5541290496
4541.77,4605.18,4529.73,4589.29,5906349056
4595.21,4612.99,4473.57,4530.23,6464895488
4562.43,4631,4545.79,4625.4,6512640000
4632.26,4671.34,4596.12,4662.96,6759264256
4682.26,4692.11,4616.07,4651.96,6424395776
4650.95,4680.33,4613.39,4679.94,5416786432
4660.9,4723.83,4644.35,4720.38,5522650624
4730.86,4746.03,4649.04,4658.01,7024722944
4655.7,4712.56,4593.45,4705.31,6231407616
4713.06,4791.48,4707.36,4789.69,6235460096
4796.46,4821.55,4770.36,4805.42,6104981504
4802.61,4802.61,4712.53,4730.14,6025628672
4721.56,4739.43,4558.4,4610.92,5601623040
4616.57,4646.2,4575.79,4603.49,4208531712
4607.94,4622.51,4531.48,4553.12,3880639232
4561.67,4576.04,4516.61,4546.72,2851413248
4570.61,4673.76,4570.61,4673.6,3648028416
4672.15,4695.04,4643.17,4654.35,4167801344
4648.16,4659.56,4577.74,4590.32,3995348480
4564.81,4660.51,4553.96,4660.48,3528901888
4696.38,4787.45,4691.78,4767.97,5155148800
4784.65,4825.35,4746.54,4789.15,7659540992
4772.91,4808.13,4748.81,4806.03,6783344128
4808.39,4838.86,4766.23,4836.74,7737040384
4842.69,4848.86,4675.52,4679.55,7571346432
4654.27,4719.93,4638.24,4691.45,7182738944
4699.03,4701.16,4545.07,4636.64,8367456256
4637.96,4779.11,4637.05,4778.61,6516314112
4682.65,4828.9,4661.19,4794.19,7663805952
4805.7,4844.54,4771.61,4833.8,6789941248
4837.33,4892.62,4826.82,4877.93,6607192064
4894.85,4998.89,4894.81,4998.5,8102924800
5010.02,5046.65,4983.94,5046.15,8913849344
5046.21,5088.85,4976.86,4994.77,8049167872
4978.54,5019.96,4952.71,4999.59,6178162176
5005.66,5068.7,4992.81,5055.49,6547187712
5072.76,5199.81,5072.76,5199.52,8523837952
5211.47,5272.45,5171.5,5173.07,9686436864
5165.91,5197.96,5096.46,5098.54,7631712256
5104.77,5228.92,5104.77,5228.3,7612600832
5274.57,5313.48,5244.55,5311.78,8908455936
5338.51,5431.39,5330.51,5431.09,9507648512
5435.36,5468.36,5398.7,5467.84,9270057984
5459.4,5504.88,5432.71,5484.74,8859264000
5462.76,5581.35,5440.1,5440.1,9877328896
5411.87,5445.71,5094.8,5111.19,10514325504
5117.16,5255.27,5083.85,5255.27,6750077952
5259.51,5288.97,5017.27,5068.47,7836215296
4989.8,5038.83,4853.77,4864.7,4861433856
4885.91,4941.2,4814.42,4932.4,4202450432
4959.06,5081.03,4919.28,5081.03,5421057536
5049.46,5190.6,5036.32,5150.66,6086765056
5097.58,5108.91,4970.49,5063.23,5377227264
5022.13,5206.42,5017.93,5206.15,5408620032
5228.27,5278.32,5227.37,5259.81,6078655488
5255.26,5256.4,5169.03,5228.14,5407235072
5214.45,5273.79,5180.66,5248.75,5007099904
5238.5,5257.1,4960.71,5110.88,6460012544
5090.4,5139.96,5071.35,5116.84,4082123776
5175.26,5192.63,5136.25,5138.49,4774671360
5135.83,5145.81,5052.43,5100.37,3763797504
5103.86,5114.07,4989.28,5016.53,3413567744
4999.59,5088.76,4931.88,5084.58,3368159488
5077.55,5133.25,5059.58,5069.97,3301617920
5047.04,5047.04,4964.25,4964.9,3503606784
4944.93,5045.95,4935.28,5039.16,3041252608
5063.01,5179.52,5063.01,5179.02,4556355072
5194.94,5244.53,5181.2,5244.04,4936328192
5244.8,5276.14,5211.7,5230.68,4679572480
5219.08,5250.39,5200.88,5216.85,3552043776
5212.14,5230.33,5187.4,5228.34,3041214464
5246.42,5264.21,5043.66,5163.53,4558775808
5166.34,5223.4,5123.27,5222.79,4038840576
5225.77,5226.18,5157.32,5174.54,4077913600
5161.26,5170.18,5060.53,5069.52,3460813312
5046.94,5046.94,4947.22,4991.54,3095078656
4993.38,5048.6,4832.53,4849.63,3415533824
4820.82,4827.35,4700.56,4730.5,2955424768
4730.63,4813.24,4723.29,4812.53,2147683584
4810.44,4846.65,4777.84,4828.49,2353224192
4833.89,4936.72,4833.89,4936.72,2765461504
4964.21,5012.06,4938.94,5011.5,3699564288
4989.1,5038.87,4964.87,5028.77,3475221760
5026.33,5047.26,4992.16,5001.28,3123874304
4990.7,5028.27,4945.78,4975.14,3499623424
4966.56,4970.42,4816.58,4830.56,3113786112
4811.16,4815.5,4747.49,4804.82,2750608896
4813.48,4846.95,4764.47,4833.58,2691439872
4851.68,4859.53,4810.9,4826.76,2544377344
4816.66,4816.66,4719.15,4723.43,2781177344
4690.88,4691.57,4507.57,4519.91,3067750912
4502.06,4550.29,4483.5,4536.96,1944286592
4538.99,4646.09,4530.61,4646.09,2436093696
4637.77,4637.77,4476.56,4477.36,2865246208
4459.99,4549.59,4445.23,4506.32,2709504256
4506.61,4521.13,4397.02,4398.49,2522068224
4390.16,4392.22,4307.91,4341.91,2133616896
4339.86,4426.25,4339.86,4424.89,1974312448
4397.93,4514.43,4369.87,4502.81,2796481792
4497.83,4559.36,4493.84,4548.21,2581766400
4544.33,4611,4536.19,4610.86,2640632320
4612.4,4638.61,4604.91,4630.58,2394669568
4597.54,4654.59,4584.9,4609.72,2754208512
4604.84,4734.06,4602.33,4733.97,3457825024
4736.27,4803.1,4729.39,4786.81,3991598336
4792.85,4884.99,4792.85,4872.49,4781513216
4878.68,4932.33,4862.77,4869.69,5155704320
4860.89,4952.95,4855.95,4952.67,4467136512
4962.12,4990.75,4917.95,4987.48,5044532736
4977.22,4984.18,4915.67,4941.43,4290671872
4911.81,5043.25,4905.36,5042.97,4737021952
5052.36,5058.75,4908.25,4909.74,5738195968
4891.24,4983.23,4891.24,4979.06,4483006464
4976.34,5033.1,4963.76,5027.73,5009068544
5019.5,5039.79,4964.35,5032.8,4445544960
5040.22,5095.57,5007.65,5095.21,5124278784
5099.7,5143.77,5082.04,5122.44,5779842048
5099.48,5120.41,5024.86,5108.74,5314278912
5106.39,5124.61,5000.54,5009.05,5171038720
5005.56,5067.92,4989.65,5067.62,4255960320
5085.45,5138.65,5085.45,5138.25,5747858944
5135.35,5166.36,5113.09,5165.73,5314008064
5168.13,5186.03,5147.87,5181.37,5114619904
5174.03,5174.03,5139.78,5143.41,5231988736
5118.07,5200.7,5113.48,5139.75,5171933696
5127.14,5190.73,5111.01,5190.04,5341013504
5178.09,5178.09,5016.88,5131.33,6333606400
5122.27,5200.06,5119.19,5199.36,5556131840
5151.64,5185.41,5080.53,5104.13,5674077696
5133.77,5160.8,5105.06,5126.93,4267683328
5120.67,5130.93,5062.79,5086.11,4191967488
5093.41,5102.43,5020.76,5085.81,3910699776
5084.77,5155.59,5076.72,5155.34,4637356032
5159.2,5185.5,5149.66,5169.26,4899668992
5164.82,5218.06,5164.78,5212.35,5857739776
5223.07,5231.73,5187.45,5199.55,6912303104
5185.68,5191.54,5105.03,5111.15,7033332736
5101.11,5117.22,5036.29,5064.55,5362860032
5065.12,5079.23,4985.02,5000.4,4579340288
4999.76,5065.08,4991.79,5065.08,3911730176
5046.9,5070.34,5019.49,5057.84,4571475968
5056.09,5090.02,5045.19,5089.75,4496888832
5087.31,5149.05,5079.65,5148.8,4537160192
5157.07,5162.49,5102.71,5107.14,5261754880
5096.57,5139.03,5083.39,5114.46,5271436288
5098.64,5165.49,5069.39,5165.21,4887132672
5162.31,5175.24,5140,5150.87,4891312128
5143.3,5162.41,5103.09,5162.41,5279411200
5149.34,5179.45,5140.41,5178.89,5646023168
5149.66,5153.56,5095.6,5116.14,6401797632
5116.11,5154.74,5116.11,5152.4,5087671296
5169.62,5191.01,5159.96,5188.11,5383070720
5187.76,5193.21,5150.42,5165.12,5498766848
5152.07,5152.07,5054.77,5054.77,5011404288
5033.79,5047.34,4943.06,4970.57,3925771776
4977.95,5003.86,4872.51,4913.5,4112825856
4920.94,4937.11,4752.41,4755.42,4077560320
4749.53,4837,4738.45,4836.87,3011031040
4836.86,4920.71,4816.02,4920.57,3546053376
4900.44,4900.44,4798.41,4814.78,4062791424
4792.13,4842.37,4784.7,4827.21,3470003200
4787.52,4874.98,4764.84,4849.97,3690577152
4855.84,4897.76,4855.84,4889.92,3456250880
4893.95,4918.87,4871.45,4918.67,3522454528
4919.24,4949.02,4880.31,4929.49,4237492480
4896.34,4940.82,4863.12,4863.8,4735557120
4860.03,4903.11,4817.83,4902.56,4246408192
4900,4931.12,4892.24,4900.71,4099534336
4892.29,4912.71,4823.06,4873.95,4686059520
4859.32,4907.75,4850.45,4906.19,3608075008
4912.81,4929.21,4875.8,4879.89,3468265472
4875.08,4886.59,4837.98,4863.19,3021996288
4853.9,4853.92,4677.45,4679.53,4285262080
4656.01,4676.84,4590.13,4672.08,3287198208
4667.64,4689.69,4613.68,4618.75,3418169088
4635.95,4662.29,4572.32,4572.94,3570183680
4561.77,4567.23,4425.76,4428.89,3390238720
4403,4427,4339.08,4345.05,2659257600
4347.99,4444.59,4339.62,4444.28,2647238400
4439.39,4494,4424.2,4490.89,2746729472
4434.86,4452.53,4363.9,4430,3038598912
4425.49,4514.31,4424.2,4506.2,2671969024
4496.96,4548.22,4490.62,4547.3,2535242752
4542.7,4568.29,4486.65,4562.97,2969370368
4552.07,4553.71,4456.59,4456.73,3012745216
4442.51,4469.58,4383.2,4469.05,2716272640
4439.87,4475.69,4408.06,4468.79,2290297344
4466.99,4546.73,4461.53,4540.94,2995558400
4531.36,4562.04,4498.78,4499.69,2954781184
4461.26,4466.78,4396.21,4402.14,2790606848
4392.98,4415.16,4332.49,4337.37,2282689792
4325.6,4333.57,4251.11,4278.75,2158850560
4286.36,4338.85,4269.92,4338.42,2444865792
4341.36,4350.92,4300.64,4321.22,2228087808
4307.81,4411.86,4276.73,4402.94,2927737600
4390.09,4533.7,4381.8,4509.18,4592928256
4511.76,4578.32,4510.72,4568.19,3916460288
4569.76,4582.62,4529.18,4574.48,3231001088
4570.84,4583.49,4511.28,4511.55,3396370176
4506.75,4585.26,4506.74,4579.33,3273795072
4589.18,4635.25,4582.33,4604.75,3882020096
4617.95,4719.57,4617.95,4719.39,5031479296
4722.33,4758.07,4711.17,4749.42,4606851072
4742.17,4763.24,4705.39,4760.92,4330434048
4757.07,4813.34,4742.37,4761.45,4850315776
4755.75,4769.55,4720.23,4756.61,3641059584
4741.98,4802.44,4728.49,4799.42,3725219328
4762.09,4771.59,4727.67,4731.12,4142080512
4729.2,4825.5,4729.2,4825.42,4023526656
4833.75,4866.24,4813.49,4866.16,4613078016
4853.76,4896.1,4842.78,4896.04,4781930496
4902.22,4919.14,4876.48,4895.26,4843666432
4871.68,4871.93,4822.45,4843.7,4150607360
4864.28,4881.46,4801.61,4849.06,3945111296
4846.34,4850.55,4782.4,4784.39,3879897088
4791.45,4822.81,4781.41,4800.94,3316057600
4784.97,4784.97,4597.74,4613.73,4350413312
4604.99,4634.31,4576.93,4633.37,2841260544
4621.5,4716.3,4596.43,4710.38,3221238528
4670.92,4685.45,4633.67,4680.9,3191405056
4678.78,4694.06,4611.9,4628.32,2939857152
4622.7,4665.18,4607.56,4644.46,2498278144
4627.38,4627.38,4539.43,4610.78,3058629120
4565.76,4638.64,4551.48,4625.17,2743907584
4631.42,4670.99,4631.28,4649.43,2591344128
4504.08,4589.08,4472.61,4559.02,3073140992
4494.38,4514.62,4242.87,4330.77,4171750400
4199.13,4347.31,4113.01,4317.11,3800449792
4389.15,4433.09,4372.64,4378.7,3826854400
4283.24,4454.48,4270.62,4454.39,3754621696
4483.85,4526.5,4480.12,4505.89,4038279424
4514.65,4571.72,4509.63,4571.72,3616918528
4578.35,4587.14,4520.94,4533.32,3480351488
4520.69,4543.88,4499.16,4513.48,2810194176
4510.14,4516.04,4434.99,4436.1,2952560896
4341.19,4395.6,4325.04,4395.02,2742939136
4395.03,4435.3,4348.67,4363.96,2447683328
4376.26,4435.21,4365.84,4434.92,2559515392
4453.43,4474.1,4420.29,4427.98,2778394624
4432.4,4520.17,4421.6,4520.17,3411412224
4506.09,4541.47,4496.18,4530.42,3070925312
4509.89,4512.65,4481.29,4490.16,3022034176
4511.25,4541.56,4450.73,4451.73,3137815296
4449.68,4468.14,4386.63,4430.54,2442128384
4435.33,4457.05,4379.1,4395.07,2280109312
4387.3,4399.85,4317.64,4344.98,2096877056
4305.44,4305.44,4237.44,4238.07,2101343104
4205.09,4238.29,4185.8,4204.91,1728595968
4221.99,4306.46,4219.85,4306.36,2348642816
4320.53,4328.2,4260.14,4260.15,2232336640
4256.48,4295.1,4216.42,4233.75,1818235904
4176.3,4176.88,4136.97,4164.29,1806230656
4176.04,4212.29,4111.12,4212.13,1900626944
4215.37,4249.54,4206.88,4215.5,2038122368
4229,4249.18,4212.29,4214.82,1765427840
4200.48,4200.48,4131.31,4131.89,1779025152
4121.03,4168.24,4101.7,4151.85,1771203328
4150.82,4279.12,4140.34,4275.09,3021211648
4241.42,4258.61,4151.12,4151.8,2749161216
4079.06,4134.22,4061.83,4117.73,2324573696
4102.61,4138.35,4039.55,4051.43,1974480256
4077.23,4098.02,4027.71,4068.23,1927412736
4088.78,4099.34,3987.27,3999.78,2029202944
3977.14,3977.14,3868.94,3871.06,2206161664
3875.02,3892.38,3818.25,3856.83,1675697408
3866.86,3882.78,3822.28,3832.58,1375316864
3919.44,3942.05,3778.52,3817.93,2001915648
3803.96,3953.14,3768.11,3950.66,2700203008
3943.16,4009.78,3929.83,4001.85,2875287808
3994.73,4004.93,3948.44,3985.19,2210043648
3993.75,4024.24,3974.38,3997.12,2181506560
3974.46,3974.89,3873.37,3877.02,2445387008
3882.02,3898.81,3837.24,3854.17,1970181504
3841.26,3841.26,3710.95,3740.47,2260114432
3733.7,3743.34,3669.69,3671.7,1721008384
3675.72,3736.76,3605.94,3736.76,2302872320
3735.62,3850.08,3726.25,3842.98,3263863808
3818.24,3921.25,3808.3,3884.39,3889021440
3890.26,3927.44,3872.9,3888.99,3301147904
3932.85,3978.8,3918.36,3978.8,4318106624
3975.07,4004.39,3963.27,3999.36,3618261504
3963.37,4020.46,3950.74,3999.83,3391698432
3937.9,4073.12,3919.69,4072.78,4297387520
4085.5,4150.04,4085.31,4097.62,5758645248
4115.1,4140.63,4093.92,4131.13,4211797760
4125.02,4159.97,4107.56,4114.77,3247751424
4115.77,4125.09,4049.81,4057.55,3057045504
4065.2,4126,4025.72,4126,3218422528
4080.36,4112.37,4063.75,4064.37,3452367872
4069.4,4096.57,4043.76,4062.14,2918880000
4092.05,4159.7,4092.05,4159.57,3512701696
4159.16,4192.77,4153.33,4192.66,3516143872
4194.38,4195.29,4070.9,4088.32,3835667712
4086.51,4125.85,4066.12,4079.54,2924785408
4054.46,4054.46,3955.06,3963.26,2996717824
3956.39,3966.81,3917.03,3966.64,2048320128
3932.5,3960.55,3902.13,3957.93,2017532288
3964.14,3978.47,3932.44,3942.7,2043581696
3909.39,3957.88,3880.58,3935.27,2110914304
3931.09,3960.85,3899.06,3911.36,1914147456
3916,3932.4,3885.69,3915.3,1850107264
3945.36,3980.62,3929.02,3980.62,2275247104
3974.73,3974.73,3776.59,3819.94,3011637504
3923.16,3960.34,3885.87,3897.02,3494188288
3878.01,3878.01,3797.28,3817.04,2321019136
3806.47,3807.05,3682.06,3692.23,2016211328
3679.74,3704.34,3646.07,3691.8,1703889152
3689.05,3718.71,3674.53,3702.1,1532657408
3695.87,3732.22,3635.55,3700.09,1949426304
3672.59,3706.25,3651.7,3663.84,1535836544
3663.56,3675.95,3612.64,3616.09,1409450240
3597.09,3597.09,3482.23,3490.4,2035264896
3477.05,3505.88,3416.71,3423.47,1545233408
3401.5,3401.5,3324.88,3329.57,1986821504
3328.21,3427.34,3324.59,3427.21,1922565760
3408.56,3436.63,3348.26,3434.84,1938126464
3422.76,3474.09,3415.35,3424.45,1995588608
3449.37,3463.32,3340.33,3342.4,1775049984
3315.84,3331.42,3196.84,3298.72,2191627008
3286.45,3357.43,3271.44,3327.39,1899617536
3321.98,3357.36,3307.29,3308.07,1547683712
3297.41,3297.41,3218.54,3224.15,1587409664
3201.31,3208.91,3128.15,3207.4,1744064768
3190.19,3225,3180.06,3207.18,1522092672
3214.2,3267.65,3214.2,3266.78,1778426496
3214.2,3267.65,3214.2,3266.78,1778426496
3290.82,3300.01,3191.99,3192.23,1834283904
3173.01,3173.01,3070.45,3074.37,1996569984
3060.45,3087.55,3002.98,3087.55,1781812352
3089.45,3213.05,3056.19,3212.9,2561640704
3211.57,3345.42,3202.97,3345.39,3938751744
3342.55,3367.4,3315.67,3346.74,3390170880
3330.9,3388.39,3323.14,3345.81,2906987776
3343.53,3349.68,3210.32,3233.7,2810865664
3201.01,3217.37,3130.32,3130.56,1877546624
3128.51,3305,3110.36,3304.88,3014850304
3310.04,3342.36,3223.99,3237.85,3082551808
3230.88,3288.2,3208.05,3270.76,2297402624
3276.48,3323.12,3267.03,3315.6,2206734848
3326.61,3337.06,3290.54,3292.41,1875438464
3284.9,3297.19,3251.42,3294.49,1829072128
3287.22,3318.37,3255.63,3266.23,1823640064
3271.59,3328.25,3266.96,3328.15,2178790400
3324.4,3390.33,3315.69,3383.05,3216831232
3387.22,3420,3381.76,3412.41,3124920320
3397.77,3397.77,3333.64,3356.84,2681577728
3351.04,3445.52,3341.7,3445.52,3352194816
3441.79,3501.4,3434.81,3469.85,4389821440
3463.97,3506.34,3459.13,3488.23,3978319104
3458.81,3535.52,3441.33,3519.88,3823807488
3516.61,3529.49,3493.91,3524.62,3590482432
3518.79,3580.28,3505.36,3578.15,4362572800
3572.32,3607.75,3540.85,3577.2,4377796608
3582.51,3596.86,3530.96,3565.31,3280805120
3610.74,3618.68,3573.22,3574.46,4039259648
3569.23,3618.33,3533.11,3618.3,3680377600
3617.18,3689.13,3616.11,3689,5179167232
3686.73,3711.12,3662.42,3700.89,4694868992
3698.68,3757.52,3689.36,3756.82,5658942464
3767.6,3822.26,3764.17,3764.33,6574950912
3748.34,3761.73,3696.21,3745.58,4900866048
3733.63,3750.46,3691.98,3696.14,4041516032
3679.04,3737.72,3675.28,3715.67,3563681024
3719.96,3794.58,3719.96,3794.42,4623462912
3805.68,3825.72,3793.69,3798.38,4910451712
3786.16,3786.16,3729.6,3760.59,4563923456
3718.76,3780.48,3707.79,3732.71,4210383872
3741.48,3803.37,3741.48,3791.83,4320005120
3802.09,3848.11,3787.91,3848.11,4400342016
3852.61,3876.17,3839.43,3871.12,4707843584
3867.97,3910.06,3856.41,3910.06,4749636608
3924.49,3945.31,3709.09,3734.32,7659077632
3726.36,3754.73,3635.68,3689.01,5089393664
3693.32,3786.62,3687.81,3786.62,4553522688
3788.39,3830.02,3762.3,3829.7,4540098048
3819.72,3819.72,3744.81,3746.28,4141484288
3757,3782.41,3700.49,3760.05,4028183296
3754.87,3769.37,3720.68,3742.39,3365333760
3727.15,3728.62,3652.23,3670.13,3286979328
3661.39,3680.29,3635.67,3666.28,2488481536
3681.74,3699.16,3648.75,3652.88,2610910208
3638.77,3638.77,3483.58,3490.01,3627013376
3471.36,3482.33,3391.8,3425.7,3080146688
3422.81,3445.47,3383.53,3416.86,2482601728
3420.03,3532.08,3412.44,3531.55,2935244800
3530.63,3570.59,3520.89,3554.03,3006546688
3544.01,3563.34,3512.36,3512.91,2582002688
3496.12,3554.22,3432.36,3554.04,2882622208
3513.5,3582.95,3497.94,3566.48,3272145152
3568.82,3640.41,3561.05,3640.41,4179733504
3653.6,3695.13,3643.47,3675.03,4822225920
3644.67,3702.41,3632.85,3685.48,4422581248
3679.92,3702.84,3629.82,3631.56,4285433088
3637.55,3717.54,3632.67,3714.02,4425444864
3712.53,3728.86,3684.86,3704.7,4036202240
3696.66,3743.49,3684.23,3736.36,4583035904
3731.55,3739.15,3673.31,3691.57,5316741120
3658.61,3709.37,3557.78,3666.39,5573181440
3654.75,3728.55,3645.07,3718.91,6291045376
3720.74,3729.91,3683.43,3700.03,5345881600
3690.16,3699.1,3659.11,3664.64,3884701440
3707.82,3735.9,3674.96,3718.26,4765640192
3707.51,3735.32,3701.2,3733.82,4161311744
3730.72,3761.97,3713.99,3758,4067145216
3741.66,3784.57,3733.84,3784.56,4231275776
3783.08,3798.05,3752.39,3783.47,4079656192
3759.39,3759.39,3716.13,3717.47,3933110528
3713.4,3744.52,3713.31,3731.13,3239118080
3727.59,3753.82,3715.06,3715.39,3236015872
3745.83,3760.88,3706.16,3710.1,3797367552
3679.34,3705.9,3652.87,3705.88,3311038208
3696.61,3707.81,3660.03,3660.31,3259432704
3656.82,3716.71,3643.79,3714.19,3667486976
3691.64,3710.41,3645.91,3655.86,3775156736
3650.92,3676.97,3616.91,3653.55,3149620224
3666.14,3711.05,3666.14,3711.05,3453118976
3702.81,3723.19,3670.03,3708.92,4001372416
3697.92,3720.44,3668.28,3678.09,3748289536
3675.51,3683.63,3622.1,3635.52,3569443584
3622.13,3687.52,3568.03,3687.45,4196548352
3686.57,3748.44,3683.52,3745.68,4761059328
3739.04,3764.64,3734.25,3752.22,3961971968
3732.47,3775.37,3722.04,3753.59,3678437888
3752.02,3769.52,3725.28,3744.44,3495140096
3684.04,3707.31,3621.81,3621.81,3714006528
3625.14,3646.51,3603.37,3617.61,2779218432
3621.64,3638.56,3585.53,3600.16,2540549888
3635.57,3647.28,3572.49,3581.14,2562953728
3615.11,3618.78,3557.04,3564.16,2618253824
3565.34,3630.96,3554.19,3630.31,2678314240
3611.92,3628.24,3594.61,3608.39,2531887616
3615.71,3674.88,3610.64,3674.88,3170999296
3669.04,3693.9,3650.03,3652.7,3056998912
3657.79,3674.45,3604.09,3648.99,2782101760
3663.14,3691.93,3662.22,3684.73,2620301056
3681.68,3685.93,3652.97,3657.96,3013596672
3663.99,3671.41,3630.18,3636.09,2577804288
3628.22,3628.22,3569.49,3590.84,2467284736
3576.37,3576.37,3491.86,3493.12,2448152832
3474.16,3500.76,3433.57,3489.97,2463238144
3486.51,3518.75,3474.77,3476.4,2323327488
3484.23,3495.85,3427.66,3427.82,2464760832
3413.33,3471.7,3392.75,3470.97,2525431808
3491.75,3528.12,3484.14,3509.5,2618734080
3507.63,3542.51,3498.07,3515.78,2810215680
3519.51,3525.16,3484.84,3497.75,2323478016
3486.81,3486.81,3407.6,3418.2,2497651712
3436.31,3487.67,3397.87,3486.55,2965821184
3464.02,3478.12,3398.52,3398.8,2926749696
3386.63,3400.64,3351.56,3365.66,2322305280
3358.56,3404.59,3352.53,3404.1,2125446656
3398.62,3462.22,3381.83,3450.3,3171109632
3435.17,3463.22,3422.34,3435.08,2431207168
3434.51,3434.6,3308.64,3311.09,2914620160
3297.15,3335.53,3282.22,3334.29,2312236032
3328.12,3352.97,3276.32,3352.85,2770680576
3343.24,3414.23,3335.33,3392.66,3319639808
3382.82,3407.41,3362.38,3369.91,2747115264
3347.87,3357.24,3310.8,3337.86,2317310976
3317.22,3381.35,3310.95,3361.09,2194170368
3350.9,3365.2,3324.54,3332.09,2280355072
3329.01,3357.79,3301.66,3302.34,2336815104
3312.38,3323,3269.22,3283.59,2056679552
3280.1,3294.65,3205.76,3217.45,2127069056
3211.1,3214.17,3152.42,3159.19,2037841152
3152.73,3232.97,3152.31,3216.18,1989089280
3212.05,3231.83,3179,3195.86,2052930944
3203.11,3259.86,3193.68,3259.86,2185689088
3250.78,3338.62,3244.98,3337.27,3005128704
3336.22,3368.53,3331.5,3368.25,3401231872
3363.76,3374.08,3335.97,3356.49,3030069504
3351.45,3405.25,3335.13,3405.06,3363178240
3400.93,3405.05,3378.54,3395.85,3112478208
3386.03,3386.03,3317.04,3318.1,2773714176
3312.81,3349.82,3263.49,3349.59,2708519680
3340.88,3344.1,3308.49,3310.84,2116013824
3301.74,3316.96,3278.54,3286.83,1765988992
3283.26,3293.25,3252.8,3286.78,1669188096
3270.99,3296.36,3247.58,3289.44,1686018816
3287.73,3347.28,3284.06,3335.75,2279759104
3338.08,3338.74,3292.43,3306.11,2191730176
3303.7,3329.98,3289.55,3327.99,2204294400
3318.85,3321.92,3265.6,3265.75,2363720192
3250.69,3250.69,3184.11,3184.33,2199036160
3179.78,3221.88,3173.75,3200.99,2048633344
3197.34,3221.23,3179.54,3179.54,2089503104
3174.3,3188.76,3083.37,3129.49,2606989312
3122.53,3148.51,3115.62,3139.5,1776718336
3135.23,3203.85,3131.16,3200.31,2258340864
3202.49,3209.88,3160.7,3164.83,2110312448
3158.01,3193.76,3150.79,3181.8,2095168128
3187.11,3218.28,3187.11,3217.94,2177679616
3240.65,3365.66,3240.65,3334.66,5034968576
3343.81,3376.77,3330.93,3363.61,4271761920
3352.62,3352.62,3324.49,3350.09,3345373952
3360.26,3376.33,3339.71,3376.12,3379621120
3374.78,3385.72,3329.3,3329.3,3393824256
3356.24,3369.77,3308.01,3338.04,3491545600
3334.71,3334.99,3237.7,3237.7,2940163840
3222.98,3247.67,3210.09,3224.26,2063993216
3227.36,3257.02,3224.07,3255.87,1963177216
3253.53,3253.53,3160.68,3161.76,2679414784
3153.61,3181.27,3137.39,3143.71,2375236608
3129.54,3177.33,3107.37,3167.16,2212356096
3159.13,3179.37,3137.84,3144.41,1973587456
3138.8,3149.03,3067.38,3071.99,2086043648
3065.58,3159.07,3062.7,3141.08,2694562304
3129.77,3200.08,3121.58,3199.75,2669240320
3198.88,3214.15,3167.68,3183.36,1948532608
3185.21,3265.64,3185.21,3265.62,2987819520
3257.45,3296.92,3248.83,3296.92,3329178880
3288.05,3296.72,3247.6,3248.05,2919182080
3256.97,3282.91,3210.6,3240.4,2821382656
3237.29,3238.42,3193.99,3223.19,2353987584
3219.42,3256.48,3211.3,3233.23,2248972032
3237.64,3249.39,3205.53,3240.78,2249942784
3241.27,3301.14,3241.14,3294.84,3460112384
3292.95,3305.53,3279.25,3285.45,2797590784
3269.04,3301.36,3260.16,3298.49,2452734208
3298.45,3303.24,3255.49,3259.07,2895234560
3242.88,3273.38,3237.74,3257.92,2963966720
3257.72,3282.09,3222.48,3226.17,3336196352
3221.07,3225.4,3142.28,3163.3,2971747840
3158.11,3172.54,3141.36,3158.94,2072765952
3156.74,3189.53,3154.16,3160.69,2260873728
3159.22,3168.28,3141.14,3168.1,2097767552
3169.8,3235.01,3169.8,3228.19,3313639680
3229.95,3251.77,3217.08,3249.55,3313902592
3244.3,3258.99,3226.5,3235.35,2911741696
3233.42,3234.98,3170.62,3213.26,2970741504
3210.84,3223.59,3192.66,3209.14,2447433728
3183.08,3189.47,3129.39,3129.57,2760887808
3123.09,3139.68,3103.84,3116.98,2029019904
3118.11,3139.38,3108.55,3136.31,2140749952
3136.95,3136.95,3066.63,3072.12,2294675456
3069.38,3084.38,3048.24,3081.25,1965778816
3066.89,3080.69,3025.3,3026.84,2026209152
3021.3,3021.79,2987.7,3009.15,1892387328
3007.68,3016.48,2974.14,3016.16,1672378240
3023.08,3031.29,3003.13,3004.18,1633255040
3000.94,3035.28,2963.86,3035.28,2066991488
3021.3,3021.3,2989.38,2995.09,1712528768
2993.17,3019.79,2990.06,3005.46,1710780928
3004.17,3006.79,2966.88,2970.32,1477589120
2960.61,2960.61,2862.47,2864.17,2073907840
2854.08,2854.08,2791.29,2800.54,1830114816
2799.96,2822.33,2768.35,2774.18,1754478720
2773.23,2818.04,2765.79,2816.62,1898035712
2816.3,2829.84,2746.49,2749.13,2111501568
2739.5,2786.13,2704.37,2783.41,2274039552
2775.41,2904.65,2767.05,2886.19,3798793216
2884.81,2902.07,2866.89,2884.35,2838703104
2883.16,2954.69,2875.84,2950.19,3919363072
2951,3004.54,2942.49,3002.23,4045053184
2993.38,3014.07,2978.74,2982.03,3511947008
2978.72,2997.92,2952.39,2982.89,2738800640
2976.58,2989.15,2941.55,2943.28,2677707776
2939.31,3069.06,2939.15,3066.23,5254033920
3073.92,3098.61,3063.49,3091.88,5260639232
3087.32,3124.56,3067.86,3086.58,4699305472
3082.38,3109.94,3074.95,3099.09,3687618304
3092.93,3111.2,3063.32,3108.86,3691136768
3110.82,3144.26,3089.09,3101.07,3914126080
3093.97,3120.73,3090.41,3117.7,2908388608
3110.97,3197.72,3102.61,3189.09,5286285312
3187.2,3228.8,3183.95,3228.68,4680000000
3232.79,3244.94,3198.91,3199.48,4722372608
3195.2,3235.59,3187.09,3235.2,4131622912
3242.96,3275.86,3236.63,3275.86,4741584384
3242.96,3275.86,3236.63,3275.86,4741584384
3297.04,3304.76,3226.95,3258.25,4617085440
3253.67,3288.65,3245.46,3288.37,4273112320
3288.12,3331.67,3270.76,3327.04,5196382720
3321.76,3352.04,3306.82,3335.07,5092739584
3335.09,3368.01,3329.93,3356.71,4790195712
3357.47,3360.41,3270.5,3271.27,5130053632
3264.15,3385.46,3262.57,3383.07,5564760064
3390.33,3462.94,3389.78,3450.9,6936897024
3448.28,3462.59,3400.2,3440.87,5972449792
3444.47,3452.37,3399.66,3405.15,4514013696
3416.45,3464.57,3406.6,3464.57,5111861248
3475.2,3492.22,3458.87,3491.12,5378953216
3487.57,3487.57,3417.41,3435.25,5069134336
3422.77,3451.26,3393.32,3441.71,4335737344
3442.62,3473.98,3354.54,3369.73,5717496832
3363.43,3382.77,3346.24,3364.16,3672972032
3362.47,3449.74,3362.22,3449.74,4534615552
3451.66,3488.82,3447.82,3479.7,4825887232
3482.57,3497.73,3462.37,3494.76,5182713344
3497.28,3499.15,3463.2,3478.82,4796979712
3471.27,3507.83,3462.68,3507.83,4792548864
3517.46,3524.04,3467.02,3484.76,5593744384
3466.59,3520.54,3457.43,3520.54,4704915456
3521.66,3555.94,3521.64,3544.39,4230870528
3539.47,3565.28,3526.03,3557.58,3870483456
3554.15,3618.84,3553.8,3606.49,3673128448
3625.03,3639.36,3604.01,3627.78,4438840832
3624.94,3630.65,3548.95,3561.36,4793806848
3555.59,3634.49,3553.49,3634.49,4389603840
3612.72,3612.72,3531.13,3560.72,5441162752
3552.67,3587.61,3543.06,3548.33,4136422144
3551.6,3594.98,3551.37,3587.59,3767710208
3573.95,3600.46,3533.26,3533.73,4338675712
3538.94,3568.68,3506.76,3536.39,3823254784
3544.06,3608.2,3535.98,3608.2,4606209024
3608.62,3648.55,3604.14,3648.55,5017265664
3614.56,3614.56,3497.05,3518.72,6130078208
3516.53,3593.22,3507.03,3593.22,4832257024
3605.36,3654.11,3605.36,3654.11,5824637952
3648.28,3651.74,3575.98,3609.64,5494145536
3608.9,3626.92,3564.22,3570.38,3964923904
3568.62,3588.7,3543.76,3571.11,3273366528
3570.47,3589.72,3438.19,3481.18,4406928384
3473.26,3477.1,3413.18,3449.35,3141551104
3443.78,3482.37,3440.02,3464.85,2775663104
3466.89,3525.53,3431.57,3471.21,3800305664
3461.87,3477.93,3423.52,3427.12,3615736576
3421.74,3442.06,3378.91,3438.07,3463203328
3436.84,3527.83,3432.58,3527.77,4530862080
3527.76,3575.84,3522.14,3565.02,4850444288
3561.12,3586.09,3549.07,3579.92,4281136896
3581.31,3590.82,3550.18,3568.52,3978482688
3556.3,3557.79,3504.57,3543.81,3813555200
3541.38,3579.39,3528.31,3552.26,3689400320
3526.54,3526.54,3448.66,3448.98,4125274112
3449.28,3470.48,3434.57,3447.28,3155551744
3449.54,3489.14,3448.29,3470.96,3295382272
3471.69,3504.28,3419.74,3428.5,3786367488
3429.89,3438.59,3382.22,3397.23,3672101888
3354.44,3411.38,3315.33,3411.13,3622082816
3411.4,3449.92,3411.4,3444.37,3418339584
3444.46,3455.69,3410.03,3437.27,3555170816
3442.93,3453.53,3420.76,3423.22,3192556800
3418.3,3434.67,3391.01,3394.52,2929498880
3382,3382,3336.41,3346.85,2930810624
3313.51,3383.31,3302.24,3383.08,2989388800
3381.61,3412.52,3373.03,3412.42,2879345920
3396.01,3434.05,3383.97,3423.01,3234672640
3423.44,3498.57,3422.97,3495.24,4333789184
3478.04,3511.72,3475.86,3511.62,4380969472
3509.2,3509.74,3412.21,3416.45,4361645056
3417.4,3489.52,3411.82,3484.57,4244921088
3473.01,3494.53,3431.15,3431.4,4883644416
3427.15,3438.32,3360.74,3367.77,3740291072
3354.47,3386.28,3345.44,3383.4,2943853568
3391.22,3459.98,3391.22,3448.64,3724433920
3456.28,3516.87,3456.28,3514.46,4424931328
3511.21,3531.55,3495.8,3521.48,4120139520
3524.79,3554.15,3517.94,3553.85,4230729472
3551.9,3557.02,3517.59,3555.77,4930172416
3550.03,3577.33,3536.17,3577.33,4466670592
3577.3,3591.09,3565.49,3590.76,3946577920
3586.32,3586.32,3524.58,3549.3,3808365824
3549.74,3597.24,3548.55,3597.11,3648741888
3594.3,3647.49,3578.09,3635.76,5239356928
3632.61,3695.24,3631.26,3691.4,5939850240
3700.09,3740.58,3686.76,3737.75,6679882752
3733.67,3787.1,3727.67,3787.06,6769011712
3782.97,3795.17,3740.22,3755.87,6531326976
3740.44,3783.97,3716.29,3724.23,5781309440
3723.62,3782.17,3723.62,3782.07,5023894016
3784.47,3820.59,3782.27,3820.43,5552935936
3820.24,3829.97,3770.65,3827.78,6007156736
3830.22,3858.92,3828.29,3856.32,5831909376
3843.16,3872.26,3835.22,3865.13,5445480960
3867.59,3884.68,3840.7,3841.22,5506793472
3836.77,3855.79,3803.36,3814.51,4838775296
3809.55,3811.65,3707.56,3739.72,4924970496
3733.95,3759.52,3718.12,3755.15,3661617408
3742.5,3742.5,3686.25,3688.74,3881376512
3690.96,3701.22,3593.97,3616.21,4070865152
3573.9,3573.9,3446.25,3515.05,3724168192
3519.37,3591.25,3519.33,3584.98,3464384000
3593.51,3620.95,3565.28,3593.37,3564596992
3594.9,3613.03,3557.46,3605.76,3133290752
3588.77,3588.77,3525.45,3583.3,3289541632
3562.13,3566.36,3463.13,3465,3302402560
3401.47,3464.59,3347.76,3446.48,3228984064
3439.87,3439.87,3200.67,3232.96,4053654016
3202.66,3243.4,2981.69,3219.13,5155439104
3222.68,3285.82,3200.16,3285.82,3990059008
3293.08,3339.86,3231.15,3233.22,4496868864
3212.25,3292.91,3176.24,3235.98,3864059648
3226.62,3304.59,3210.66,3304.59,3532662784
3304.99,3359.12,3295.33,3359.05,4038507520
3346.11,3372.63,3288.02,3364.18,4431065600
3342.01,3427.38,3325.27,3390.49,4693895680
3392.58,3427.98,3371.32,3371.53,4395283456
3322.14,3322.14,3240.11,3240.48,3995247104
3231.7,3263.39,3210.73,3259.91,3009463552
3259.84,3361.39,3257.9,3361.39,4186412544
3364.84,3484.79,3364.23,3455.88,6332352000
3453.44,3490.5,3424.28,3425.14,5180821504
3432.26,3493.72,3431.5,3493.44,4658588672
3496.73,3536.31,3474.36,3536.31,4931472384
3529.71,3552.37,3474.36,3485.07,5004677632
3476.18,3505.18,3445.33,3481.2,4598343680
3479.53,3510.11,3394.31,3394.31,5098659328
3374.57,3461.7,3359.39,3461.28,4199297280
3470.6,3545.05,3470.6,3544.97,5354383360
3536.16,3575,3500.08,3566.28,5654974464
3561.51,3572.55,3496.31,3498.24,5086679040
3486.96,3520.49,3449.61,3494.16,3935843328
3477.26,3484.64,3423.77,3426.59,3919105280
3426.96,3449.54,3349.55,3411.22,3659272704
3428.13,3462.09,3418.72,3430.74,3582566144
3435.08,3521.16,3429.72,3521.15,4422596608
3535.89,3563.19,3528.64,3533.61,4726402048
3531.65,3592.87,3528.85,3592.54,4172185088
3589.52,3638.7,3581.53,3631.12,4979607040
3628,3644.21,3589.34,3596.32,5261651456
3589.16,3627.25,3577.58,3605.85,4244996864
3611.78,3637.91,3570.78,3618.74,4435769344
3629.51,3676.2,3628.95,3676.2,5649268736
3677.11,3695.56,3669.49,3695.55,5264948224
3694.68,3706.77,3662.04,3681.08,5298329088
3674.65,3686.26,3629.34,3631.32,4373973504
3611.28,3688.69,3550.82,3554.35,5363559936
3528.91,3609.17,3522.15,3609.03,3846959360
3606.61,3634.05,3580.19,3599.64,4315981824
3596.93,3627.91,3577.82,3627.5,4261988352
3621.89,3650.11,3615.71,3636.47,4613253632
3644.68,3654.73,3560.13,3627.97,5483723264
3629.36,3703.79,3627.31,3703.59,5352259072
3702.58,3732.22,3691.16,3732.1,5746790912
3707.53,3740.13,3680.5,3703.92,7020593152
3703.05,3715.85,3679.08,3701.08,6293668352
3702.85,3727.3,3645.36,3664.15,7706919424
3674.68,3695.09,3633.46,3689.96,6286094336
3685.34,3745.24,3680.15,3744.87,5962664448
3747.23,3766.41,3734.78,3755.24,6236384800
3749.94,3776,3741.46,3762.57,6068110500
3758.91,3799.07,3754.64,3792.83,6060311700
3799.45,3835.48,3793.11,3831.93,7293221900
3836.47,3871.19,3832.32,3870.92,8106345200
3876.59,3876.77,3814.28,3834.26,8802626600
3824.75,3857.52,3815.74,3845.07,6727343900
3846.45,3858.43,3825.18,3849.82,6486534300
3852.36,3870.73,3836.41,3854.21,5568231100
3851.66,3851.66,3785.23,3786.29,5755855300
3780.7,3823.01,3776.7,3822.12,4446441000
3830.95,3899.86,3830.95,3899.62,5652713900
3897.41,3915.98,3864.44,3903.52,6507975400
3899.61,3930.6,3881.6,3889.22,7019162200
3879.48,3883.39,3806.64,3808.22,5902757300
3805.5,3841.54,3802.9,3822.76,4354926600
3834.17,3873.49,3834.01,3872.89,3945458200
3875.52,3938.07,3866.68,3938.07,5513437900
3928.4,3981.45,3915.73,3981.06,6021401200
3990.78,4000.49,3947.84,3959.63,6980745400
3975.11,4027.32,3975.11,4026.92,7201558200
4034.19,4069.78,4024.59,4068.32,7469228800
4074.83,4080.11,4043.79,4074.08,7567178200
4063.82,4063.82,3941.59,3963.21,7783795200
3980.47,4010.62,3944.97,3956.97,6631917800
3954.59,3978.34,3937.24,3970.64,5077960100
3977.26,4069.22,3968.39,4069.03,6605729100
4070.66,4089.1,4014.26,4026.52,7364594300
4026.56,4039.43,3906.51,3924.22,6770842100
3914.24,3933.73,3889.34,3898.16,4494228200
3902.23,3916.92,3796.07,3821.78,4990523700
3820.67,3828.72,3785.91,3808.7,3956984300
3801.93,3827.12,3600.43,3703.86,5573976200
3694.31,3764.6,3688.39,3764.45,4154928200
3757.81,3757.81,3710.69,3713.83,4178754400
3698.47,3720.44,3661.74,3702.45,3338735700
3705.45,3744.59,3705.43,3728.19,3285215200
3719.94,3777.63,3688.21,3777.4,3949816500
3768.73,3799.82,3737.11,3737.11,4509725200
3722.24,3734.86,3677.53,3685.04,3481496300
3670.35,3678.23,3618.93,3629.94,3494673000
3626.19,3659.66,3600.09,3645.84,2735750000
3645.37,3681.07,3634.87,3680.54,3005498100
3677.35,3677.35,3611.76,3611.76,3295728600
3602.85,3660.04,3575.84,3659.83,3310775900
3661.28,3766.36,3661.28,3736.45,4882691000
3759.12,3828.02,3755.5,3827.88,5626400600
3830.45,3851.57,3814.52,3840.36,5088261100
3842.25,3878.7,3827.38,3878.58,4858289500
3865.57,3878.24,3838.54,3865.41,5398687300
3868.5,3880.72,3835.92,3842.76,4902397900
3834.81,3874.1,3824.65,3839.6,4643488800
3837.87,3855.97,3822.13,3845.68,4295441500
3843.65,3890.05,3837.14,3889.76,4722105800
3897.26,3945.53,3895.11,3922.67,5544796400
3924.42,3947.91,3919.72,3946.38,4847324600
3870.03,3905.68,3737.32,3770.86,6678309100
3755.19,3861.16,3750.96,3859.95,4694205800
3856.35,3959.11,3852.47,3933,6414188300
3931.14,3944.7,3911.27,3928.72,4952427600
3924.64,3941.54,3906.8,3918.78,4282279000
3928.16,3948.06,3924.81,3947.7,4010473800
3948.57,3965.16,3930,3950.49,4588425400
3941.9,3941.9,3878.33,3906.78,4618804700
3903.45,3943.03,3900.95,3916.96,3909067400
3901.99,3932.89,3886.97,3925.43,3589454900
3929.38,3932.6,3854.47,3857.72,4104767600
3854.78,3867.78,3824.97,3834.03,3187531100
3836.02,3855.36,3819.07,3834.05,2698321600
3840.28,3859.22,3793.4,3795.02,2818348800
3792.68,3807.55,3736.4,3747,2920045600
3745.94,3757.39,3687.4,3742.74,2669013100
3746.65,3799.77,3738.76,3768.7,2861014800
3766.2,3808.46,3756.71,3808.45,2695198800
3809.5,3809.5,3741.61,3743.13,3311604800
3737.64,3809.47,3734.65,3800.77,3221514200
3815.68,3828.97,3803.79,3813,3165404000
3805.7,3829.8,3789.82,3829.1,2927606200
3823.32,3848.25,3813.81,3847.88,3080026000
3841.22,3843.36,3802.99,3816.32,3481756100
3806.59,3806.59,3709.91,3710.9,3451186600
3699.9,3740.72,3688.42,3733.66,2720862100
3735.5,3768.5,3726.11,3738.2,3194344100
3732.86,3768.62,3693.64,3696.02,3335413500
3685.02,3689.19,3619.68,3628.63,3139330300
3628.53,3657.69,3588.74,3612.02,2784241500
3610.64,3683.53,3601.99,3683.53,2856510400
3681.04,3708.54,3675.64,3708.14,2947919300
3709.38,3738.08,3703.19,3714.31,2958331200
3704.36,3704.96,3669.59,3671.91,2532529300
3666.3,3680.01,3627.65,3644.12,2380574700
3645.34,3700.59,3645.34,3700.11,2849780400
3707.08,3799.06,3707.03,3799.04,4184904700
3801.75,3841.03,3795.47,3825.49,4070580200
3817.08,3890.53,3811.14,3882.67,4579074800
3867.57,3916.67,3854.87,3881.95,4263680500
3882.01,3906.57,3847.03,3873.81,3194653300
3878.31,3913.12,3878.31,3908.45,3300838100
3900.01,3908.61,3877.57,3885.42,2854994000
3864.89,3957.93,3854.98,3957.67,3403656600
3972.86,4074.63,3972.86,4074.63,5775494900
4081.54,4099.77,4031.95,4080.38,6187682100
4083.82,4125.71,4064.35,4125.41,5903926600
4123.22,4137.59,4064.42,4064.42,6105150000
4063.79,4134.23,4060.09,4134.16,5063115800
4152.04,4213.14,4152.04,4212.74,6246941700
4216.61,4219.03,4188.07,4207.7,6391329600
4206.02,4232.88,4180.91,4207.99,6121776100
4211.7,4221.63,4139.2,4149.07,6256447800
4142.3,4156.79,4085.82,4121.92,4801788300
4102.56,4105.79,4043.51,4105.79,5123873300
4109.49,4141.26,3937.17,3961.44,6566527100
3941.12,3988.06,3883.96,3987.48,4885673600
3992.72,4053.85,3932.31,3934.73,5451092300
3926.77,3976.13,3874.72,3975.93,4660119900
3975.54,4059.19,3969.3,4058.8,5129025700
4045.2,4067.43,4016.03,4059.57,5365560900
4064.96,4075.75,4031.92,4037.78,5314363100
4030.65,4042.21,3980.28,4032.76,4818990300
4032.14,4051.03,3992.94,4012.45,4568632000
3981.51,3981.51,3856.1,3860.24,4966555400
3848.17,3889.24,3826.93,3864.26,3993967800
3857.58,3894.06,3803.73,3865.66,4122116000
3865.92,3907.85,3861.71,3907.15,3706465800
3891.2,3913.5,3860.32,3888.97,3514083300
3889.9,3967.85,3889.9,3967.15,3928817100
3970.66,4009.35,3968.89,3989.2,4427084200
3979.25,3980.74,3944.09,3980.67,4266895800
3973.15,4000.37,3876.43,3876.58,4986305600
3857.82,3954.26,3828.92,3952.39,5236272100
3954.05,3995.86,3944.69,3985.86,5420297800
3977.88,4007.93,3967.62,3991.14,5366702600
3997.17,4009.88,3987.19,4001.5,4627750200
3994.82,3996.25,3943.79,3944.04,4945987200
3935.2,3951.73,3855.48,3865.3,5345826500
3865,3878,3815.74,3840.54,3833777800
3836.5,3899.66,3835.23,3899.49,3465522000
3901.19,3922.08,3891.55,3902.04,4398194300
3902.07,3919.17,3880.4,3896.28,4234271200
3888.73,3939.61,3881.96,3939.23,3820321800
3927.51,3981.62,3918.98,3981.62,4261820800
3987.43,4019.09,3987.43,4018.55,4368503500
4022.05,4052.84,4012.66,4038.84,5117418100
4021.96,4031.21,4001.8,4021.19,4324739300
4019.51,4051.49,4018.74,4051.33,4157174200
4050.33,4050.33,4015.09,4021.91,4545686800
4010.36,4026.76,3992.5,4019.88,3810511500
4025.38,4035.37,4012.71,4014.94,3871839000
4006.88,4029.76,3995.55,4029.26,3473647900
4004.61,4032.85,3962.29,3965.34,4025395100
3957.22,3974.63,3889.78,3947.17,4193482000
3942.5,3956.41,3913.18,3929.17,3074191200
3924.45,3931.51,3884.59,3884.81,3234572000
3879.45,3886.76,3797.47,3800.68,3600061900
3785.96,3785.96,3679.96,3684.59,3667033000
3678.62,3739.25,3678.01,3738.93,2829741800
3734.8,3770.73,3728.41,3766.17,2659282800
3761.23,3798.36,3746.19,3798.29,2861542100
3795.36,3831.41,3790.51,3817.98,3060038400
3806.84,3806.84,3747.78,3749.97,2936363100
3740.25,3798.22,3733.75,3754.01,3051595300
3748.49,3752.45,3688.05,3716.02,2948883400
3738.67,3812.83,3730.95,3812.76,4245480900
3810.49,3819.75,3788.46,3806.89,3581498000
3805.15,3816.41,3796.11,3803.8,2830755500
3797.12,3799.08,3728.32,3732.34,3077118200
3722.56,3733.28,3685.07,3726.66,2671334600
3722.39,3722.39,3679.64,3705.36,2420359100
3720.23,3748.75,3708.14,3715.71,2484602200
3708.12,3747.55,3680.89,3747.33,2404689100
3748.93,3788.06,3744.6,3746.14,3096098500
3742.99,3786.56,3742.98,3786.56,2887723300
3798.73,3827.59,3798.73,3827.49,3339637200
3825.37,3834.42,3812.89,3818.32,3274276000
3818.35,3862.1,3813,3861.59,3677476500
3862.3,3874.1,3821.42,3821.87,3736467400
3818.47,3840.86,3798.8,3829.24,3447981400
3833.12,3845.48,3821.43,3822.72,3015499100
3820.5,3820.76,3760.29,3789.29,3024040700
3783.88,3832.38,3779.99,3832.05,2958072700
3833.38,3837.4,3800.09,3818.33,2992632200
3809.59,3830.6,3795.17,3797.43,2681952300
3801.51,3840.24,3784.05,3840.02,3029738700
3838.67,3859.03,3832.53,3858.05,3191529500
3851.23,3857.91,3832.94,3850.11,3513491800
3846.62,3894.54,3843.62,3891.56,3984079700
3893.92,3915.22,3893.17,3914.98,3929475800
3909.62,3909.62,3876.23,3879.34,3986075400
3878.69,3881.39,3855.23,3858.1,4068867100
3853.59,3860.3,3739.41,3755.69,4335149000
3751.18,3789.41,3751.08,3789.34,2933163000
3790.84,3827.83,3790.84,3815.88,3220035100
3814.53,3839.59,3812.75,3839.2,3414969400
3835.59,3835.59,3803.29,3814.03,3041989400
3812.91,3863.09,3812.91,3861.95,4055070100
3861.1,3905.54,3853.75,3889.32,4847612000
3895.15,3925.44,3889.64,3924.9,4920966300
3927.48,3951.92,3917.53,3951.73,4881398500
3950.47,3979.37,3937.24,3979.31,5296635700
3978.82,4026.07,3972.12,4019.65,6118409400
4018.39,4022.22,3997.76,4004.56,5516638900
4004.1,4024.37,3992.28,4014.49,5119715300
4012.55,4039.92,3982.33,4039.71,5018074400
4033.82,4047.38,3981.25,3982.4,5694464500
3980.5,4008.13,3975.7,3982.2,4870848400
3979.73,4033.89,3978.1,4029.75,5307468700
4033.71,4090.8,4033.7,4090.8,6059248000
4089.35,4098.28,4063.6,4093.11,6683399800
4089.65,4105.02,4046.55,4062.12,5941441700
4055.91,4055.91,4006.28,4031.44,4998835800
4018.36,4066.18,4012.51,4042.52,4958258600
4038.74,4048.94,4017.45,4030.24,4418609400
4024.42,4086.11,4023.02,4083.29,5467301600
4083.08,4094.65,4042.04,4057.11,5851827600
4055.14,4073.86,4013.55,4054.22,6273828700
4052.03,4089.8,4047.87,4089.8,5504340800
4106.99,4168.39,4106.99,4168.37,7952835100
4173.17,4221.57,4167.27,4207.86,8076083100
4198.41,4220.21,4184.35,4214.84,6914667600
4211.07,4257.41,4208.57,4257.05,6571104000
4242.3,4268.43,4201.92,4210.22,7817189300
4213.11,4278.85,4213.11,4278.85,6608314800
4284.15,4300.51,4262.76,4300.12,7437961600
4291.63,4336.76,4276.68,4328.6,7450724800
4329.3,4348.19,4284.22,4286.09,7113573800
4287.94,4317.93,4283.61,4311.7,5739771600
4317.35,4377.24,4317.35,4377.02,6479859200
4378.25,4400,4370.23,4399.81,6726292900
4399.4,4410.46,4347.37,4401.81,7311060000
4397.21,4426.47,4368.71,4373.5,7461788000
4372.77,4428.97,4368.34,4423.64,6497228700
4434.18,4483.57,4434.18,4483.54,7152626100
4491.17,4500.8,4461.98,4496.94,7752149100
4495.82,4521.25,4481.92,4497.4,7636869200
4498.49,4501.66,4442.64,4495.44,7225705400
4491.63,4526.24,4478.79,4521.75,7203475900
4521.81,4522.7,4476.2,4487.14,6797546900
4474.45,4490.9,4390.11,4407.59,6960691100
4401.88,4432.15,4401.67,4421.21,5435973800
4423.76,4431.58,4368.67,4381.49,5435598200
4378.62,4427.88,4370.85,4427.88,4372281200
4436.55,4507.49,4436.11,4507.44,5768541800
4519.24,4576.12,4514.73,4576.12,8415383800
4582.48,4612.33,4571.95,4608.56,8792713400
4611.56,4648.22,4598.86,4647.89,9431810000
4654.52,4666.92,4629.18,4666.47,9082661700
4672.11,4701.94,4643.38,4701.7,8928430600
4686.12,4713.96,4662.18,4709.91,8618734400
4707.05,4762.13,4670.64,4704.94,9766970500
4698.11,4757.04,4689.63,4756.95,7855002500
4759.77,4810.07,4752.85,4807.56,9287306400
4809.44,4816.32,4643.86,4645.55,11731022900
4649.61,4686.39,4604.67,4686.05,8627612900
4679.11,4719.58,4663.15,4719.01,7791305700
4718.78,4762.17,4705.09,4758.73,7389142500
4753.8,4753.8,4682.62,4694.23,7766707300
4693.37,4754.47,4692.9,4754.47,7167912800
4746.62,4816.18,4733.56,4815.71,8489014300
4826.98,4861.8,4797.27,4814.73,9233939600
4803.44,4833.8,4787.31,4829.94,7296852300
4847.82,4880.15,4847.82,4877.44,8091809100
4886.56,4921.08,4877.88,4916.12,8175504700
4935.05,4993.61,4913.68,4993.53,9035851200
4996.66,5010.82,4936.73,5004,10430328400
4987.04,5007.12,4952.19,4981.85,9612392700
4964.23,4982.68,4906.16,4982.68,8313454600
4978.9,5013.95,4933.6,4966.08,8229218800
4967.23,4988.18,4922.48,4987.71,8198574800
4962.58,5007.27,4906.24,4906.24,9575317500
4894.59,4914.66,4771.77,4860.73,8522981700
4873.45,4929.47,4869.88,4929.16,6459660300
4929.23,4942.46,4878.18,4884.02,6781318300
4881.51,4902.78,4821.19,4825.61,6136080800
4815.12,4832.43,4732.76,4755.23,6501240100
4757.09,4800.36,4754.89,4774.67,5633389600
4762.52,4809.94,4739.33,4809.52,5600358600
4819.55,4925.09,4819.55,4924.95,7511301400
4938.72,4999.96,4923.52,4991.76,10560867100
4988.97,5021.19,4975.79,4992.63,9916860400
4999,5012.26,4945.29,4986.42,9166905900
4993.17,5028.76,4992.53,5028.7,9219743500
5028.54,5036.1,4983.05,5003.47,9380765100
5004.89,5013.61,4976.13,4995.44,8467857200
4992.72,5025.23,4959.73,5024.85,7965074100
5029.8,5049.28,4956.87,4977.26,9620128500
4989.44,5031.2,4973.32,5031,8524291800
5038.68,5041.33,4842.5,4881.48,10650660200
4866.43,4965.38,4855.63,4965.38,7286072900
4963.73,4967.21,4889.37,4921.67,8706349800
4901.14,4920.09,4862.39,4909.61,6575380900
4925.47,4982.52,4894.65,4958.47,6843922200
4951.59,4973.85,4947.02,4967.65,6349050000
4967.64,5002.44,4959.49,4985.1,6816471500
4972.74,4990.94,4961.6,4974.63,5967675500
4975.53,5029.78,4975.44,5029.77,7286676200
5088.23,5130.03,5065.19,5112.12,11851560600
5118.69,5189.43,5106.52,5189,10777001600
5198.13,5215.64,5168.18,5214.21,10988009700
5229.4,5251.7,5202.76,5251.39,12058736700
5249.66,5261.16,5193.35,5245.27,12536175200
5246.43,5247.01,5181.1,5208.14,11592338900
5201.37,5278.65,5196.09,5277.66,10940700400
5284.57,5339.25,5245.36,5339.01,15294699000
5345.01,5452.34,5343.12,5451.96,15212197500
5462.76,5464.23,5185.35,5333.89,17243698200
5310.57,5435.79,5266.02,5412.67,15240200200
5392.95,5465.09,5181.52,5195.41,19760866600
5184.02,5374.23,5150.99,5374.1,13131167300
5366.21,5454.92,5341.86,5454.44,13986962800
5457.23,5498.95,5437.65,5493.2,11656282900
5485.13,5588.85,5466.79,5583.6,12968103200
5590.27,5609.68,5548.96,5606.69,12511682300
5597.88,5597.88,5488.8,5557.29,13313451100
5551.04,5598.98,5543.4,5558.05,10713899800
5554.66,5558.18,5423.75,5524.12,13338714600
5523.66,5523.96,5279.96,5305.21,15132754000
5273.99,5316.72,5187.63,5193.72,9528258800
5212.07,5263.2,5197.72,5262.36,8614574700
5279.3,5365.07,5272.32,5364.56,8976662400
5370.33,5423.35,5359.53,5422.75,10578671400
5436.49,5436.49,5330.33,5367.64,12069624100
5357.39,5366.16,5261.61,5275.09,9891032800
5274.65,5322.71,5241.36,5322.71,9368289900
5338.75,5427.23,5314.34,5417.02,12878760300
5389.9,5482.12,5354.34,5479.86,12375449600
5471.4,5492.82,5436.92,5488.24,9605049400
5482.39,5497.74,5418.01,5444.04,9563461700
5424.5,5497.69,5409.06,5409.06,9064080800
5386.58,5386.58,5303.73,5332.22,7802643000
5333.97,5407.63,5333.97,5405.09,6869376600
5404.37,5417.8,5350.16,5379.74,6708649700
5380.45,5449.26,5380.34,5449.04,6788551300
5459.19,5520.78,5454.24,5520.12,8450684400
5359.47,5475.66,5222.04,5281.9,10533627200
5303.18,5472.74,5303.18,5472.51,9193795300
5490.84,5611.98,5490.53,5611.69,11016742800
5617.61,5690.43,5610.09,5690.16,10541262100
5697.84,5699.73,5611.07,5633.29,9944033700
5644.03,5759.37,5636.2,5758.98,10129879400
5767.74,5783.99,5670.43,5773.82,11431798700
5756.68,5798.57,5722.49,5739.92,10238641500
5692.39,5739.49,5670.51,5701.2,8453858000
5708.28,5735.93,5631.56,5632.73,8059327300
5568.44,5652.67,5539.52,5609.39,7187186300
5627.4,5708.28,5627.4,5707.48,7543255900
5720.98,5734.33,5680.83,5683.52,8092671600
5741.19,5745.14,5654.22,5654.22,8832435500
5640.02,5657.66,5510.76,5534.78,7627761000
5526.14,5551.9,5492.55,5504.97,5587343800
5502.73,5581.34,5500.53,5580.7,5497376900
5587.64,5642.3,5587.44,5641.79,5805956600
5647.55,5689.74,5640.86,5681.34,6269177400
5709.16,5789.38,5709.16,5769.27,8230636700
5786.15,5870.08,5786.04,5869.71,8230557500
5888.87,5914.28,5877.95,5911.1,8093887200
5926.23,5952.71,5887.37,5906.54,8355061500
5903.26,5970.06,5897.72,5969.56,9092074400
5974.36,6025.11,5970.68,6018.46,9656068200
6064.82,6139.79,6039.25,6139.79,12723533100
6124.28,6199.5,6099.13,6118.66,14695326300
6114.69,6211.09,6114.21,6210.42,11922633400
6212.66,6217.79,6161.38,6208.99,12095908900
6214.33,6234.11,6129.62,6133.03,10931372500
6113.58,6212.57,6080.54,6212.24,9870221500
6214.52,6299.28,6205.92,6276.48,10291505900
6275.17,6281.19,6236.79,6262.89,9946245300
6273.69,6288.52,6220.63,6260.14,10182147400
6271.82,6329.7,6271.82,6329.58,9522982800
6369.2,6517.03,6369.2,6516.77,13705832000
6547.39,6635.1,6525.83,6618.05,17258333800
6624.39,6728.51,6612.46,6728.07,16461634800
6733.12,6783.14,6687.44,6782.46,16687298800
6789.06,6862.38,6786.34,6850.9,15216231900
6891.92,7017.48,6891.92,7017.15,17177813100
7042.93,7055.1,6801.55,7046.12,19706688100
7051.82,7170.83,7001.51,7124.87,16957544800
7104.04,7171.62,6995.65,7074.44,16392638000
7076.49,7167.37,7060.43,7155.94,12646098200
7180.06,7259.54,7180.06,7245.5,16321954600
7280.15,7328.85,7214.48,7253.1,16990600300
7258.83,7430.94,7258.74,7425.73,15491880600
7463.91,7561.2,7447.12,7560.65,16765094900
7532.15,7682.72,7494.36,7679.01,17012356100
7728.91,7863.6,7728.8,7863.28,18090483500
7908.77,7920.98,7674.07,7808,18949572700
7818.2,7818.2,7483.28,7746.15,18275474900
7727.01,7971.62,7683.8,7952.19,16150296600
7994.25,8143.38,7977,8122.89,17848498700
8129.73,8192.24,8039.95,8119.96,18319049700
8093.13,8093.13,7786.93,7802.75,16721102400
7705.46,7976.12,7607.4,7912.09,14324605900
7979.35,8032.07,7925.74,7980.76,19110982400
7967.03,8051.47,7801.03,7839.9,21459606500
7852.52,8113.02,7846.61,8112.69,16981040900
8180.12,8333.82,8179.3,8323.43,19915692200
8371.85,8447.92,8275.13,8410.7,19799496300
8321.33,8453.34,8256.2,8419.09,18352767600
8503.57,8576.48,8413.23,8513.02,18568553100
8533.67,8543.33,8187.15,8266.48,18425762500
8248.32,8449.7,8204.73,8428.25,14507472700
8460.39,8551.47,8458.6,8469.67,14665389100
8493.96,8532.65,8381.37,8510.48,13620460100
8501.12,8501.12,8160.66,8199.34,14422427500
8220.6,8359.3,8012.48,8083,12931393500
8043.01,8076.23,7886.36,7903.48,11257094100
7989.34,8201.8,7983.83,8201.29,11888757400
8292.62,8558.8,8242.1,8558.22,14857231000
8595.08,8746.21,8564.66,8745.68,16584906300
8719.58,8909.58,8643.43,8824.93,17498644100
8829.83,8878.47,8725.3,8813.39,14901785300
8790.01,8828.11,8626.23,8742.89,14371357700
8725.41,8929.94,8698.9,8903.59,14044539000
8927.39,9125.51,8904.19,9124.83,15175459200
9176.03,9429.22,9173.4,9277.33,19095596700
9320.84,9620.09,9320.23,9619.22,18717799200
9756.53,9821.81,9547.42,9778.17,22250787200
9717.51,10040.7,9659.32,10040.09,22846395400
10117.73,10373.84,10046.24,10373.58,23851427600
10421.3,10539.75,10192.18,10497.34,23261218000
10501.36,10637.92,9860.55,9868.42,25809407500
9846.39,10140.1,9433.09,9966.84,19877263800
10067.53,10488.89,10067.53,10488.31,18601613600
10592.75,10887.88,10541.28,10886.4,21323422500
10973.96,11055.21,10674.07,10979.99,20905957000
10986.42,11023.34,10269.04,10965.41,21146018900
11117.36,11236.15,10887.17,11144.52,24887460000
11157.18,11157.18,10860.39,11030.92,23563058100
11009.88,11089.2,10861.58,11013.74,18518446900
10947.49,11319.91,10830.33,11208.06,18459036400
11220.07,11367.63,11155.95,11366.29,19036798100
11424.33,11616.39,11400.65,11545.89,21065558700
11589.95,11616.35,11304.04,11332.89,20587737900
11205.75,11205.75,10768.61,10879.84,17950384100
10865.4,11133.11,10497.69,11100.55,16003958700
11093.3,11178.32,10714.33,10731.38,15435193900
10475.92,10601.04,9968.99,9987.41,13784861100
9951.78,10074.83,9333.91,10046.89,14104583900
10136.25,10271.23,9950.62,10267.63,15820943900
10298.56,10343.05,9771.89,9906.1,16407338300
9571.56,9603.13,9059.36,9078.07,14507658600
9267.03,9281.17,8339.33,8484.64,18165277800
8302.18,8912.4,7882.33,8906.02,19556853500
8808.51,9103.09,8385.43,8411.91,17129742600
8369.49,8433.52,7787.1,7835.1,15697383500
7530.27,7930.15,7249.31,7355.49,15610599300
7842.43,7842.43,6883.61,7236,23075438500
6977.55,7030.98,6763.12,6763.53,11411596100
6444.67,6702.28,6444.25,6602.37,27534075900
6525.12,6896.49,6525.12,6896.35,9581574700
7101.82,7245.33,7081.35,7244.78,7214119400
7563.38,7695.67,7502.55,7695.64,12457767900
7854,8076.19,7772.39,7859.06,16738370300
7836.08,7837.84,7391.96,7405.3,16426765800
7342.83,7729.7,7078.71,7578.76,14201307900
7629.78,8050.73,7620.16,7994.7,13937737000
8025.1,8250.4,7931.65,8116.5,16213184000
8011.9,8291.93,7937.63,8220.46,14309759300
8207.17,8354.39,8075.6,8320.24,16116584700
8330.47,8585.8,8288.84,8551.99,17749496600
8580.65,8706.25,8348.42,8425.07,19694787500
8240.68,8493.35,7791.6,7794.18,17174004300
7514.15,7893.94,7261.61,7649.82,18029433000
7765.95,8024.58,7472.63,8022.8,13274524500
7979.57,8174.7,7766.46,7800.58,14192870000
7692.48,7876.65,7634.54,7727.06,10783413600
7605.9,7658.17,7370.04,7540.2,11236458900
7548.03,7942.27,7532.83,7942.1,11718032000
7933.32,8047.7,7773.92,7839.34,11999976700
7660.58,7891.56,7633.29,7792.03,9005828000
7874.42,8015.37,7855.68,8013.32,10946966300
8106.12,8437.92,8079.88,8394.09,14531737000
8402.32,8551.53,8356.52,8435.33,16243482500
8342.61,8490.27,8320.05,8336.34,13268064600
8287.77,8535.37,8237.89,8534.43,13365028400
8599.77,8717.07,8548.34,8625.24,16071307300
8613.29,8820.98,8582.83,8820.46,16201328100
8842.16,8858.33,8140.91,8161.27,18439570000
7865.64,8404.94,7667.32,8340.98,16262225000
8255.93,8376.67,8049.51,8049.51,13831446700
7884.31,8006.29,7583.7,7612.9,13456109300
7255.3,7292.77,7003.65,7006.19,9219222300
6496.11,6666.81,6467.81,6481.41,10416229100
6470,6687.53,6165.11,6238.53,14919720900
6344.95,6457.86,6099.17,6456.06,12493233800
6554.76,6844.45,6512.7,6842.89,14275851600
6791.42,6791.42,6578.35,6581.31,11625855100
6507.88,6507.88,6161.03,6169.21,9866792900
5878.21,6314.29,5866.66,6122.55,11503272300
6187.69,6379.2,6094.49,6143.56,10244707000
6096.01,6387.36,6014.57,6374.85,8550983700
6408.67,6609.94,6380.25,6551.01,15009782600
6434.53,6565.16,6407.12,6440.31,10641517900
6423.52,6523.19,6385.31,6493.32,9257202800
6535.26,6554.38,6018.44,6049.79,11911366500
5886.27,5996.22,5689.97,5708.03,9342742600
5722.53,6107.37,5704.12,6084.84,10495292200
6057.87,6242.25,5965.41,5965.41,12783572900
6007.46,6073.55,5934.1,6036.88,8365211000
5966.29,6251.62,5943.59,6250.44,10543393000
6264.06,6362.05,6215.57,6295.93,11868962500
6192.33,6302.64,6162.97,6224.6,10124732500
6250.09,6324.31,6227.39,6315.11,9329019100
6294.2,6336.43,6064.72,6108.38,9894203200
6118.23,6221.01,6020.46,6219.69,6773715800
6114.48,6183.83,6065.85,6103.61,6857949400
6139.14,6165.75,6066.83,6123.73,5649767100
6322.53,6409.74,6281.53,6372.49,9490731900
6369.75,6495.29,6353.04,6470.05,9971166500
6505.91,6788.4,6501.76,6718.72,15361987700
6672.66,6816.78,6650.61,6802.08,13297752200
6772.46,6842.87,6709.35,6724.5,12588245000
6694.07,6929.48,6694.07,6929.24,13179506700
6979.68,7052.14,6883.2,7047.56,16450996900
7072.36,7113.66,6951.8,7047.37,15600793200
7033.2,7163.26,6996.56,7162.07,13806279100
7159.13,7186.54,6689.27,6712.74,17816918100
6708.21,6970.68,6700.62,6964.3,13547090000
7015.62,7169.37,6988.55,7138.23,15889896200
7223.15,7233.36,7088.57,7186.76,16330471500
7123.08,7266.78,6900.44,7231.44,14744128200
7179.99,7270.79,7019.61,7048.9,13272422000
7097.19,7185.21,7011.86,7108.98,11074126900
7088.81,7185.52,6984.5,7084.97,11006955200
6936.37,7137.05,6914.15,6936.43,10720432300
6956.89,6998.05,6860.44,6920.1,8910533900
6953.87,7268.4,6953.87,7267.99,13920839700
7277.1,7364.51,7225.65,7276.45,18519177300
7284.87,7456.24,7284.71,7446.85,15269327200
7415.76,7593.17,7350.86,7543.8,17752009700
7517.41,7633.01,7486.85,7575.01,16573754200
7589.66,7686.3,7556.37,7684.67,15208617000
7712.64,7739.65,7579.67,7682.45,16228029300
7601.15,7665.14,7478.41,7567.11,14755926100
7438.4,7719.7,7431.74,7718.85,11691995900
7787.07,7820.02,7635.92,7650.38,16275088200
7655.33,7699.61,7504.99,7526.94,12569000600
7553,7719.52,7538.28,7718.62,11052002500
7741.68,7844.06,7720.16,7806.27,14607617800
7816.85,7876.48,7710.05,7744.18,14238345400
7739.09,7799.01,7635.78,7798.5,11025855800
7803.29,7925.54,7795.16,7922.38,12443550100
7962.17,7974.73,7859.63,7874.08,14040461500
7839.31,7852,7317.65,7376.12,15297048900
7388.28,7467.47,7035.55,7408.4,12923402300
7403.94,7519.94,7358.36,7443.94,11300867900
7423.5,7444.22,7201.66,7405.86,10264747500
7413.22,7571.45,7412.65,7570.51,9532941200
7533.61,7600.34,7464.28,7511.68,10136253500
7526.22,7602.77,7476.19,7602.23,9288129600
7555.46,7555.46,7398.56,7404.14,9493882300
7369.11,7431.04,7322.87,7374.27,8329999100
7374.35,7437.71,7332.98,7350.21,7899042400
7320.16,7347.36,7253.84,7290.7,7213228700
7224.81,7441.76,7210.41,7441.03,7995728800
7448.71,7534.22,7447.11,7498.18,8602149000
7522.73,7574.65,7503.09,7529.4,8535116900
7570.67,7716.48,7570.67,7716.25,13005476500
7708.34,7746.51,7650.56,7699.37,11441690900
7698.44,7798.09,7692.1,7788.56,11501500300
7811,7856.95,7752.7,7856.61,11159250800
7859.13,7881.3,7756.33,7773.28,11816630900
7760.38,7778.94,7635.78,7753.04,9150934100
7759.84,7805.05,7738.87,7792.12,8125352000
7815.38,7837.63,7603.36,7603.36,10981351500
7591.71,7675.31,7545.35,7674.39,7729253000
7693.02,7747.35,7664.28,7741.05,8553323200
7745.64,7763.3,7617.39,7617.69,7978152300
7615.51,7624.1,6983.28,6983.4,7801499900
6663.73,7020.54,6627.64,6889.74,11342822500
6916.53,7066.09,6878.65,7065.61,10093042700
6937.42,6937.42,6454.97,6462.24,2842674200
6618.08,6689.14,6222.59,6570.43,11112960500
6435.89,6529.88,6128.22,6128.66,11560073600
6126.67,6205.59,5994.64,6136.66,9190522000
6168.99,6226.54,5924.04,5924.04,8612340200
5734.61,6137.51,5726.88,6124.82,9225144600
6078.61,6135.27,5852.24,5893.68,8863053900
5768.76,6051.18,5765.15,5978.91,7246978900
5965.35,6203.4,5956.23,6197.1,8798101500
6161.23,6244.96,6095.72,6138.5,9194751800
6031.17,6191.32,5886.88,5886.88,8188276500
5954.36,6013.97,5799.71,5980.61,6983070900
6034.08,6093.27,5976.34,6041.33,6530851400
5966.7,5982.5,5573.83,5589.31,8544391700
5604.17,5628.19,5240.65,5514.19,8792411800
5441.74,5511.32,5257.08,5271.23,6733807600
5262.46,5515.49,5248.22,5469.12,7235909100
5458.6,5493.98,5319.7,5399.48,6471611400
5407.71,5594.36,5407.67,5586.63,6657196200
5520.64,5634.92,5482.23,5610.17,6328072600
5631.32,5744.02,5631.32,5721.48,7108398200
5734.48,5747.98,5662.44,5664.2,5607554500
5485.72,5700.52,5482.8,5668.04,5363125300
5694.75,5918.59,5694.75,5902.53,8287714300
5889.5,5979.41,5854.22,5971.41,9058252000
6009.75,6034.85,5945.2,5957.13,9371479800
5939.7,6009.72,5919.68,5979.52,7038049900
6055.68,6111.69,6029.46,6103.72,9432052000
6102.51,6118.65,5982.21,6070.5,8787487600
6041.75,6116.26,5975.14,6111.04,8981957900
6097.42,6097.54,5604.1,5626.05,11066865300
5668.33,5701.05,5517.63,5648.94,7985789500
5618.51,5618.51,5286.35,5350.43,8670315300
5361.79,5504.75,5294.54,5473.64,8080357100
5464.73,5763.8,5462.74,5753.15,11067195200
5757.36,5872.92,5745.62,5776.98,12852736000
5755.12,5805.41,5542.98,5621.56,10882994800
5686.69,5788.47,5681.85,5752.55,8717058100
5751.39,5764.32,5538.15,5764.32,9814965600
5627.14,5709.52,5583.07,5617.04,7261532300
5617.41,5657.26,5517.02,5521.95,5955941100
5460.54,5545.34,5433.32,5508.98,4980002200
5568.46,5748.33,5568.46,5690.59,7999741800
5672.75,5701.57,5609,5639.8,6626890000
5662.44,5689.28,5531.33,5562.8,5748733200
5589.22,5759.54,5579.73,5745.98,8457575800
5774.3,5967.46,5768.91,5949.26,12516034100
6016.69,6100.03,6001.32,6099.48,13182551400
6045.84,6130.27,6013.05,6075.49,10772165400
6054.22,6119.31,6031.27,6118.97,8966132400
6062.76,6127.51,6008.54,6018.42,10143974300
6006.67,6081.09,5996.54,6077.43,7823131200
6114.77,6167.24,6017.49,6037.78,9378233000
6029.94,6041.38,5875.07,5921.87,7900397500
5981.42,6137.79,5981.42,6137.5,8806129200
6164.28,6211.14,6133.6,6155.81,9491572200
6129.72,6157.74,6022.97,6124.53,8521953300
6136.69,6293.47,6117.18,6286.58,10554304900
6262.6,6324.2,6243.11,6323.43,10467457900
6344.37,6355.33,6228.97,6228.97,10992715000
6176.86,6199.15,6087.1,6168.74,8867017300
6226.38,6334.54,6226.38,6304.3,10219997800
6299.47,6316.25,6182.82,6252.77,8706176700
6292.57,6421.73,6292.57,6344.23,13298998400
6375.49,6402.51,6324.46,6401.85,9908817600
6403.25,6414.79,6345.55,6384.35,8279805500
6343.7,6343.7,6241.98,6281.2,8040047200
6314.58,6334.9,6262.61,6308.23,6943866700
6331.87,6344.78,5923.43,6022.21,11732538700
6000.31,6085.94,5960.5,5970.68,8480859200
5930.53,6011.46,5915.31,6011.32,6232381100
5997.21,5997.22,5897.73,5978.08,5703433300
5971.81,6047.06,5958.4,6046.77,5605530500
6051.44,6086.36,6005.16,6016.7,6073158100
6014.13,6027.2,5888.06,5990.33,6043070100
5963.91,6018.27,5953.13,5985.59,4970418800
5991.83,6167.8,5960.94,6167.45,7583105900
6144.57,6213.19,6136.3,6169.78,7455574000
6159.73,6206.53,6133.38,6203.82,6455896700
6208.44,6226.88,5961.46,5961.49,9805691800
5910.12,5910.12,5714.12,5743.65,7823338100
5728.11,5766.16,5697.09,5738.9,5265774500
5770.35,5806.47,5700.1,5723.41,5801112600
5647.06,5727.58,5559.69,5726.46,5821581400
5708.63,5779.89,5677.94,5714.31,5307673600
5692.6,5813.04,5665.21,5812.54,5796089800
5814.1,5853.61,5763.51,5790.34,6526013800
5743.03,5743.03,5563.06,5631.19,6370485600
5628.73,5729.4,5628.65,5666.73,5643894000
5619.94,5733.25,5600.49,5732.9,5593607600
5752.15,5811.68,5752.08,5809.48,6277779200
5800,5800.17,5701.66,5743.18,5795641600
5780.27,5803.98,5691.61,5715.18,5330295600
5705.07,5744.85,5598.66,5744.39,5966572700
5728.9,5780.07,5712.48,5739.59,5998470400
5706,5764.76,5655.64,5711.31,4888800300
5721.83,5947.43,5721.83,5947.32,9523807200
5957.18,6013.9,5949.64,5973.78,9451398700
5961.72,6014.61,5955.35,6013.89,8124530800
6016.95,6062.14,5992.32,6032.6,8484351400
6051.95,6067.47,6008.93,6051.86,7355282000
6048.32,6052.05,6010.35,6045.36,6959825800
6037.41,6058.18,5972.74,6023.88,7349816300
5943.73,5992.34,5746,5746.44,8713985700
5723.99,5778.85,5700.52,5762.76,6203270400
5701.39,5972.85,5692.81,5952.85,9087860500
5945.49,5979.12,5909.69,5930.55,9603146000
5937.32,6002.62,5918.19,5964.27,8906684100
5965.82,5995,5908.48,5985.57,7453014500
6023.92,6053.41,5888.36,5916.8,8814068600
5901.15,6009.06,5895.91,6008.89,7241714500
5998.67,6015.18,5933.68,5978.17,7797955600
5967.52,6011.37,5748.84,5903.62,9841986800
5864.73,6044.32,5864.61,6044.22,8404790700
6018.91,6111.07,6012.05,6107.51,9495272300
6130.58,6145,6100.08,6120.2,9305521800
6127.99,6143.23,6090.9,6123.49,7729966100
6133.72,6163.43,6095.85,6111.54,7381443300
6079.58,6240.6,6078.63,6231.88,10007819100
6244.39,6276.82,6226.3,6269.51,10792880000
6250.49,6299.73,6231.54,6297.4,9506962200
6291.06,6342.44,6256.27,6319.79,11245359700
6308.06,6337.07,6276.83,6299.85,8806474100
6320.06,6387.07,6306.13,6312.5,10366286600
6309.82,6395.44,6248.93,6395.15,11687378800
6413.81,6456.77,6392.4,6446.56,11212208100
6437.28,6458.29,6410.4,6455.58,9527158100
6459.63,6469.05,6409.8,6441.02,9319290400
6426.86,6455.46,6379.06,6412.07,8933062800
6407.03,6431.94,6355.48,6431.94,8096187200
6429.69,6454.18,6404.15,6417.92,7482030800
6414.8,6487.02,6405.6,6442.71,8743792600
6437.88,6448.37,6385.25,6390.93,8644549300
6383.56,6441.32,6374.26,6408.78,8109003900
6410.82,6494.74,6410.82,6494.47,8155655600
6499.34,6515.88,6154.46,6229.29,13852789300
6220.92,6273.38,6148.86,6243.29,9131871200
6239.85,6259.2,6183.16,6202.89,7268133200
6179.2,6179.2,6046.4,6109.28,7291022100
6100.75,6168.68,6099.25,6168.51,5580505600
6154.47,6203.61,6140.83,6198.39,6868695100
6194.2,6245.31,6174.24,6238.23,7055639400
6231.53,6251.4,6202.86,6203.29,6754335600
6191.65,6290.9,6152.58,6290.76,7704788000
6283.29,6341.72,6281.07,6341.55,7816512200
6336.54,6366.09,6314.51,6318.27,7719742400
6304.78,6318.98,6226.31,6226.31,7068452700
6218.35,6299.09,6204.96,6299.09,6863547800
6309.41,6451.93,6289.73,6442.53,11798146800
6449.91,6488.7,6446.24,6468.9,10971284000
6462.05,6502.14,6437.26,6488.36,9578850800
6485.93,6527.2,6466.4,6490.41,11041553500
6485.72,6516.98,6451.61,6499.56,9182709900
6499.75,6508.8,6419.56,6420.35,9236915300
6414.98,6448.54,6380.91,6428.7,8057296300
6432.88,6466.62,6415.7,6435.06,7386234400
6398.56,6398.56,6312.65,6382.57,7972243100
6395.77,6460.87,6395.73,6410.73,7478579400
6409.12,6442.4,6398.78,6427.53,6895657000
6428.97,6459.72,6413.71,6425.75,6158835200
6422.8,6441.11,6390.7,6434.21,6527700500
6434.26,6445.43,6380.9,6381.48,7188610900
6371.49,6403.57,6320.48,6356.95,6750696300
6372.62,6419.75,6372.62,6391.79,6543463900
6392.61,6493.35,6345.69,6492.97,8682608700
6490.33,6529.81,6483.09,6494.32,9319020900
6489.62,6518.33,6478.65,6517.98,7246413500
6518.68,6539.35,6470.9,6471.05,7867246300
6362.77,6383.84,6283.82,6291.64,9004175600
6324.74,6340.87,6284.04,6320.03,6863666000
6286.62,6318.27,6260.65,6278.16,5831969200
6292.81,6344.45,6292.81,6344.18,5497876400
6344.71,6346.93,6319.76,6342.03,5450561300
6342,6363,6335.39,6343.75,5029034300
6381.16,6410.57,6377.17,6385.64,6297160000
6397.33,6402.64,6369.22,6370.58,6257830700
6363.93,6364.21,6239.87,6241.52,7210665900
6229.82,6287.34,6200.56,6286.91,5640053300
6300.85,6300.85,6266.75,6281.28,4916326200
6288.92,6323.42,6288.92,6298.79,5069155800
6292.08,6338.3,6289.47,6328.09,4496512900
6364.52,6447.94,6345.33,6447.69,7272403500
6451.05,6486.65,6443.75,6486.43,7885088700
6463.81,6484,6452.41,6482.74,6771848700
6480.93,6501.56,6468.13,6484.83,6847165100
6476.26,6477.85,6423.58,6469.49,6586009700
6478.51,6487.67,6394.49,6413.15,7170479600
6409.74,6509.28,6409.74,6509.28,7369850800
6518.74,6531.16,6476.56,6495.26,7504880700
6495.83,6506.58,6474.78,6498.24,6557491200
6498.99,6506.61,6424.44,6475.28,7319512600
6479.55,6546.79,6472.94,6539.47,8607674500
6543.47,6563.52,6536.94,6563.35,8392323000
6561.16,6561.25,6511.66,6530.39,8085924400
6522.89,6529.47,6488.36,6517.36,6710299700
6512.04,6536.84,6455.15,6455.84,7069709600
6441.44,6460.77,6408.27,6452.21,6025368800
6457,6508.36,6450.02,6507.95,6253990200
6494.98,6506.78,6450.05,6455.13,7229906800
6442.35,6521,6436.91,6483.73,7754984500
6482.6,6502.74,6449.56,6462.59,7063540600
6461,6487.06,6437.74,6468.82,6881212600
6487.65,6518.19,6476.44,6503.18,7244487800
6504.41,6507.86,6380.57,6453.57,8806010200
6501.64,6538.74,6501.64,6536.97,9062523800
6539.36,6584.41,6527.45,6583.89,11037159400
6568.66,6624.21,6566.05,6615.01,12666934300
6622.88,6641.03,6602.28,6640.46,10511091200
6647.53,6658.43,6630.12,6644.19,9546867600
6633.31,6646.31,6596.9,6636.47,8453531200
6632.63,6643.94,6592.84,6602.33,8127855100
6597.18,6635.89,6591.98,6611.54,7875184400
6619.85,6661.54,6617.07,6661.25,9217780900
6668.25,6676.67,6617.77,6631.17,9396324000
6635.22,6656.97,6607.03,6623.05,9358629900
6620.22,6652.92,6531.37,6652.82,8893463600
6667.27,6692.14,6650.92,6670.8,9574136600
6658.35,6681.88,6619.04,6620.8,10144690600
6605.36,6615.92,6568.8,6585.58,8152681300
6593.59,6624.85,6593.07,6624.47,7781850900
6617.87,6623.79,6520.98,6520.98,8109752500
6462.26,6522.6,6451.08,6486.02,6682182100
6496.16,6514.03,6484.98,6490.89,5200919800
6493,6558.24,6481.92,6558.02,5940641400
6561.72,6562.66,6522.96,6527.43,5698976300
6519.4,6534.9,6500.22,6513.92,5921829100
6512.96,6519.63,6241.61,6249.08,9473677800
6235.56,6292.8,6190.39,6278.18,6520672800
6269.08,6299.04,6216.95,6239.5,6897758400
6216.15,6310.74,6211.27,6280.4,6473297300
6279.28,6329.19,6273,6318.52,6220417600
6319.86,6330.38,6297.37,6320.73,6257915800
6314.61,6315.54,6275.31,6300.64,6092065700
6311.06,6348.38,6311.06,6347.61,6363287000
6341.2,6350.27,6313.86,6341.79,5961720700
6339.35,6343.85,6277.66,6282,5718248200
6260.34,6295.24,6194.27,6294.76,5444435800
6291.65,6311.04,6284.04,6288.86,4927552400
6288.73,6295.89,6257.1,6270.24,4857416500
6261.87,6286.74,6242.98,6252.61,4502814200
6255.62,6275.55,6241.72,6263.63,4692493700
6273.82,6320.95,6273.75,6320.76,4857779100
6321.75,6395,6314.13,6394.67,6673942300
6391.58,6412.87,6385.12,6399.28,6144520300
6398.86,6401.74,6364.89,6371.62,6490247300
6365.39,6415.47,6357.36,6415.42,6397903100
6412.76,6428.83,6388.92,6393.93,6821068400
6381.7,6402.9,6331.51,6331.96,6284335900
6325.62,6339.32,6269.2,6272.85,5343363400
6272.79,6282.72,6182.1,6194.66,5361148400
6184.13,6184.34,5872.4,6031.24,7895834800
6006.08,6082.2,5957.04,6082.07,5054089800
6067.17,6098.78,6049.97,6068.59,4614218000
6054.73,6074.46,6029.64,6043.68,4441961600
6037.56,6129.58,6034.97,6122,4571735400
6130.44,6189.17,6130.19,6172.17,5038973600
6167.84,6177.21,6154.07,6165.26,5012780300
6156.78,6187.43,6152.14,6179.57,4297428800
6183.16,6224.19,6183.16,6223.71,4054247700
6227.46,6231.6,6190.83,6207.09,3554149100
6206.53,6259.41,6195.49,6259.25,4575565600
6254.2,6269.46,6223.54,6255.93,5092823200
6248.47,6291.77,6219.02,6291.6,5388511900
6288.88,6331.33,6285.73,6331.18,7272232900
6329.68,6350.34,6320.25,6337.11,8937713900
6341.73,6370.21,6331.96,6369.65,8376505400
6366.94,6378.06,6346.59,6374.89,7606862900
6367.64,6379.79,6301.01,6311.7,8407660700
6308.32,6363.87,6306.51,6359.34,7507458100
6356.09,6365.7,6300.51,6307.16,7907995200
6307.23,6385.06,6307.23,6385.06,7412663600
6390.51,6434.53,6386.9,6434.44,7889690100
6432.75,6474.49,6431.41,6474.23,8752564100
6470.62,6482.25,6435.75,6473.99,8936667800
6466.18,6477.42,6445.07,6476.17,7625812700
6476.38,6480.19,6417.78,6424.26,7224501000
6424.99,6451.29,6414.78,6450.97,6303112600
6446.44,6488.82,6440.81,6467.64,7247967100
6476.11,6484.12,6431.44,6434.63,7206417200
6417.39,6457.23,6398.89,6452.84,6525325300
6457.59,6518.04,6457.59,6517.32,6727767200
6517.85,6523.36,6491.26,6523.19,6853491500
6519.97,6525.19,6478.55,6497.09,6306736900
6484.58,6484.83,6425,6439.38,6423898200
6436.76,6464.6,6436.64,6447.92,5635992900
6444.56,6508.07,6412.71,6507.9,6491243000
6508.37,6518.78,6480.08,6493.48,6027199500
6486.3,6499.54,6471.72,6486.06,5575008500
6499.83,6543.34,6499.83,6543.34,6865461900
6543.56,6555.58,6480.29,6483.25,7306370600
6484.54,6498.57,6451.35,6498.34,6164478300
6494.77,6516.01,6484.69,6515.95,5899504200
6486.3,6514.63,6459.98,6499.79,7227336600
6502.13,6533.65,6445.81,6512.19,7691114700
6509.23,6552.75,6500.07,6546.61,8354782200
6545.45,6555.79,6510.44,6516.03,7748273700
6509.04,6519.09,6483.64,6498.69,6126211400
6504.25,6522.51,6461.54,6480.54,8561404800
6467.06,6471.94,6369.12,6375.74,9651272400
6374.56,6402.22,6365.45,6401.65,7208277200
6450.9,6539.97,6450.9,6539.97,9701497800
6554.74,6569.7,6535.04,6559.65,9747113500
6554.26,6593.95,6544.24,6578.73,10059667100
6575.46,6595.2,6556.08,6566.54,10252932300
6566.84,6632,6531.53,6629.17,12773804800
6625.88,6626.76,6571.48,6576.48,11417302700
6569.24,6627.7,6562.76,6615.7,8771144000
6623.45,6623.8,6522.79,6528.16,9751115100
6500.95,6502.04,6426.28,6456.6,8753220700
6452.92,6491.81,6416.17,6418.21,8018564100
6390.33,6401.41,6285.99,6350.65,8700044700
6349.41,6377.8,6299.89,6347.77,7917415700
6345.77,6364.67,6296.81,6300.71,6087110100
6282.33,6282.74,6137.92,6138.51,7077136800
6139.48,6203.68,6131.95,6160.46,6465772900
6159.89,6195.32,6157.4,6176.4,6974602900
6157.52,6205.23,6052.88,6192.3,8935778900
6174.14,6214.16,6166.8,6211.86,6676916700
6205.1,6216.49,6186.17,6216.11,7028900300
6205.68,6225.63,6174.69,6197.48,7247544700
6180.03,6236.89,6151.81,6176.31,7741351300
6155.2,6164.25,6089.09,6089.68,7155199600
6076.46,6083.36,5975.22,5975.54,6718255500
5953.84,6012.44,5919.6,6012,5472699300
6010.73,6038.97,5885.52,5885.84,6264566000
5856.41,5873.91,5731.48,5872.64,7305431400
5859.34,5889.93,5820.29,5863.78,5668562800
5880.7,5912.27,5880.7,5893.51,4972593300
5882.33,6014.88,5839.22,6014.73,7342661600
6006.47,6055.92,6001.04,6027.65,7314690900
5983.35,6030.11,5965.35,5976.3,6006212500
5973.77,5990.44,5942.61,5974.98,5506815200
5962.29,5987.31,5873.04,5888.81,6089413900
5879.56,5893.82,5760.32,5764.88,6491864700
5740.44,5799.68,5668.72,5799.25,5813084700
5788.56,5859.5,5740.8,5850.8,7068395700
5843.52,5871.21,5833.09,5836.93,5925619900
5887.94,5913.18,5820.21,5824.1,5847776900
5810.42,5810.6,5709.69,5710,6027890500
5696.83,5780.5,5655.76,5772.52,5886884700
5778.19,5830.05,5777.95,5815.8,5433329200
5808.97,5841.88,5793.44,5841.52,4878150000
5838.88,5955.02,5836.44,5955.02,7466605900
5947.98,5972.73,5940.72,5958.98,6650654700
5952.41,5971.52,5922.73,5969.27,6210987400
5943.64,5950.04,5896.4,5902.85,6035967500
5895.47,5986.87,5894.23,5980.06,6042416900
5976.01,5992.78,5958.2,5966.43,6092696300
5959.48,6024.38,5959.19,6021.16,6499111000
6016.97,6027.4,6003.26,6013,5691259600
6010.94,6057.41,6009.22,6057.41,5923158500
6061.11,6089.81,6058.69,6066.9,6612240800
6074.61,6080.53,6035.27,6078.19,5673042900
6074.37,6094.55,5992.34,5992.34,6922564100
5978.24,6010.31,5923.55,6010.31,6350512400
6013.48,6111.71,6011.86,6111.64,6984617800
6109.37,6128.38,6089.68,6113.17,6231684900
6102.23,6110.35,6075.14,6086.21,6047948200
6089.92,6132.24,6089.92,6116.99,5803528900
6101.36,6139.07,6090.25,6138.16,5352122300
6142.17,6177.4,6129.84,6177.4,6382532200
6169.03,6170.85,6134.88,6146.85,6311419600
6135.71,6193.96,6127.51,6193.96,6862163800
6187.43,6211.97,6149.93,6201.65,8287181400
6182.45,6229.83,6176.74,6226.01,7932830700
6221.52,6236.29,6189,6206.56,9037099900
6194.62,6202.2,6128.99,6128.99,7698233000
6124.96,6143.8,6050.65,6132.99,7557950100
6134.75,6172.68,6124.36,6149.93,7913600900
6143.33,6143.46,6107.91,6128.74,6638636000
6108.45,6108.45,5860.78,5876.46,10153616900
5854.07,5938.43,5842.96,5938.43,7656432300
5928.01,6059.53,5917.67,6059.36,10290191400
6052.51,6120.19,6046.41,6099.28,9382877000
6089.66,6136.97,6080.56,6126.11,8313265400
6121.33,6171.82,6117.3,6167.13,9729992400
6159.41,6170.65,6113.56,6153.6,8922430400
6151.85,6162.88,6111.04,6146.7,8875349500
6136.96,6192.94,6105.96,6184.02,10400553800
6170.66,6229.06,6165.99,6215.46,8646787900
6214.66,6299.8,6208.46,6298,11333106600
6293.06,6299.16,6261.28,6286.54,10108155700
6289.24,6313.51,6248.36,6251.86,11401201100
6240.15,6288.44,6236.66,6261.97,10015993900
6258.85,6297.12,6224.2,6225.11,12588838600
6227.52,6304.27,6217.29,6303.42,10857231600
6302.03,6322.47,6281.62,6303.72,12038043700
6296.11,6340.38,6285.02,6340.02,11534764800
6322.83,6341.48,6246.66,6289.22,11269947000
6242.49,6275.89,6153.6,6161.19,11786061600
6165.13,6293.35,6165.13,6292.64,8984502300
6291.18,6316.2,6283.54,6314.76,8260366300
6307.17,6323.56,6268.19,6318.8,8961769800
6327.03,6366.25,6312.89,6366.03,9872488600
6324.9,6361.97,6313.15,6347.76,9117455400
6354.1,6404.05,6354.01,6403.78,8652179500
6396.93,6398.56,6362.41,6375.98,8910016600
6359.78,6371.3,6310.01,6322.78,7560985100
6322.63,6329.03,6267.23,6278.59,6756758600
6274.35,6358.89,6274.35,6346.53,7554972700
6348.87,6442.4,6348.87,6424.58,9489340100
6420.57,6439.08,6393.48,6408.16,8770409700
6405.9,6462.76,6405.9,6453.46,9555966100
6451.52,6470.94,6429.74,6470.43,9102916900
6472.95,6530.9,6466.13,6526.51,12111719200
6530.51,6566.1,6519.79,6564.68,11998402500
6561.67,6576.56,6528.11,6571.86,9523207700
6550.06,6610.74,6540.82,6607.12,10547823300
6601.34,6614.1,6553.7,6558.6,10706180700
6554.6,6599.13,6537.04,6574.18,9385159300
6579.89,6650.12,6566.28,6649.63,10254740000
6659.8,6715.39,6628.88,6644.01,14188027500
6635.17,6684.86,6630.5,6684.38,10472243700
6683.47,6701.69,6643.59,6672.19,11396678200
6661.52,6663.51,6603.73,6622.04,10938423400
6616.13,6669.45,6616.13,6669.45,8885059700
6670.97,6681.25,6611.75,6636.02,9351872100
6627.69,6692.71,6613.66,6692.47,10197248600
6684.65,6687.12,6612.05,6612.05,9893749300
6591.15,6592.89,6547.28,6572.01,8523646900
6560.14,6568,6484.21,6489.84,7782925000
6484.34,6520.72,6482.29,6520.72,6776594500
6523.49,6589.73,6522.2,6583.14,7517127200
6577.43,6599.13,6565.88,6567.79,7462589200
6572.45,6611.65,6572.45,6603.26,7093629400
6682.58,6696.67,6657.53,6678.37,8641966900
6677.37,6705.72,6658.86,6705.48,8700518600
6702.69,6703.58,6661.09,6666.47,9074605300
6658.13,6674.38,6611.98,6659.1,7796096200
6660.03,6711.93,6659.88,6709.82,7292562100
6709.87,6709.87,6609.62,6619.21,8587104800
6604.33,6644.75,6589.54,6612.94,5941924700
6612.49,6630.67,6557.66,6563.44,7337096600
6553.87,6562.35,6494.73,6501.4,7261579000
6489.79,6571.44,6485.81,6571.42,6047931600
6569.79,6613.03,6562.91,6612.76,6048195300
6605.52,6605.9,6556.35,6603,5917131400
6596.79,6648.39,6593.07,6647.89,5864690200
6639.89,6686.12,6630.98,6671.93,7490589400
6664.43,6673.47,6622.12,6630.81,6792114100
6621.78,6629.3,6460.05,6511.76,8376417500
6496.69,6560.25,6496.69,6560.2,6226143600
6559.52,6586.13,6547.85,6552.95,6463277600
6541.61,6541.61,6476.37,6484.93,6755234700
6477.82,6491.05,6395.46,6426.98,6825710200
6432.07,6512.14,6408.36,6511.1,6671760000
6508.21,6552.26,6498.39,6551.94,7237767400
6544.59,6601.47,6534.16,6561.69,7380679800
6562.36,6611.39,6558.49,6611.35,6881846600
6599.65,6647.23,6593.03,6641.22,8001249700
6644.69,6671.26,6624.67,6671.2,8459671200
6664.61,6673.75,6588.25,6614.51,8474906100
6592.76,6603.51,6505.99,6537.66,7394918100
6529.31,6570.28,6511.9,6558.31,6794015900
6549.22,6555.75,6359.52,6361.94,8901897200
6330.9,6433.78,6239.32,6433.17,7006670500
6420.39,6473.7,6397.36,6456.35,6775458000
6456.32,6483.63,6391.46,6439.44,7089592400
6427.58,6427.58,6274.51,6274.51,7500973200
6250.06,6307.89,6243.96,6278.03,5904905600
6269.23,6279.59,6186.03,6194.55,5940749100
6188.09,6299.31,6188.09,6299.31,5647823400
6293.25,6329.18,6245.06,6318.37,7656391500
6303.92,6322.04,6248.18,6263.42,6088335500
6259.96,6323.84,6256.23,6316.41,5474628200
6311.22,6334.87,6272.67,6279.62,6018816900
6265.79,6279.39,6099.41,6132.91,6969023200
6116.16,6173.35,6053.24,6172.8,6026721300
6156.35,6182.75,6130.83,6135.47,5309797200
6128.12,6217.57,6126.38,6203.14,5557924400
6214.65,6286.5,6214.65,6286.17,6111290600
6281.14,6290.85,6233.21,6233.21,5661439700
6224.78,6277.73,6217.79,6277.44,5035200100
6273.61,6288.5,6247.68,6284.08,5575924000
6274.1,6278.93,6214.65,6235.76,6193811200
6229.74,6247.59,6179.03,6199.99,5377219000
6200.93,6251.49,6200.71,6251.24,5263930800
6244.06,6246.91,6188.32,6199.36,5781453200
6191.78,6255.84,6148.82,6238.5,5924585900
6236.23,6269.31,6235.23,6242.89,5501064400
6244.86,6257.02,6170.68,6185.59,6126471200
6179.56,6220.5,6148.1,6220.15,5767165600
6213.24,6228.88,6168.13,6173.15,6419752900
6163.96,6219.54,6157.1,6204.27,6587754200
6201.45,6250.82,6201.45,6250.82,5716563100
6263.15,6332.61,6258.16,6332.23,7303223500
6331.72,6391.98,6324.26,6388.25,8393674500
6380.27,6418.26,6375.51,6417.53,8054369000
6414.77,6435.85,6397.29,6417.25,8158101800
6413.87,6446.79,6393.88,6446.18,8947692900
6441.68,6449.03,6425.03,6445.75,7557321700
6443.46,6444.31,6361.1,6405.94,8096697400
6391.9,6432.44,6371.54,6425.94,7877007100
6418.83,6435.19,6387.78,6399.37,7783455800
6391.37,6392.52,6236.56,6253.38,9147403200
6245.15,6301.4,6245.11,6301.13,7916973400
6288.02,6288.14,6202.31,6267.46,8419550300
6253.06,6295.78,6253.06,6286.8,6501529300
6284.6,6317,6261.23,6272.38,7180674200
6264.76,6347.81,6248.31,6347.64,7276116900
6342.69,6362.58,6330.46,6355,6675388600
6353.3,6395.57,6322.92,6394.3,7734772700
6386.8,6424.35,6380.84,6382.72,8108293700
6374.1,6401.48,6368.9,6383.63,6900454900
6385.04,6398.97,6295.9,6309.88,8403116100
6301.35,6330.54,6300.46,6313.44,7069968800
6277.74,6277.74,6170.16,6189.34,8073349500
6181,6196.72,5984.28,5984.74,9496852400
5937.62,6006.48,5844.46,6004.85,8374756100
5927.74,6016.16,5907.47,5998.22,7404651900
5886.35,5920.74,5702.85,5704.26,9234070900
5805.97,5831.81,5630.09,5711.33,8523599700
5695.67,5786.78,5691.29,5766.48,6244479700
5631.96,5663.1,5490.62,5554.9,8431884200
5581.71,5714.82,5581.71,5699.1,5724649400
5731.15,5789.7,5727.75,5736.95,5720863400
5741.88,5761.77,5712.88,5754.83,4139822200
5800.95,5875.76,5797.91,5875.73,5963610700
5877.72,5902.94,5848.52,5897.68,6214785000
5926.42,6032.14,5917.62,6029.68,8307398700
6025.88,6042.39,6000.88,6010.56,7702215800
5967.9,6044.07,5939.64,6023.68,7098691700
5987.36,6090.99,5974.12,6090.23,7310177300
6053.48,6094.8,6044.26,6056.34,7343482900
6066.68,6080.97,6031.98,6064.1,6732469300
6077.37,6145.85,6070.72,6145.58,8349576700
6133.95,6149.1,6082.58,6086.49,7459412900
6073.67,6131.7,6073.67,6131.51,6788991100
6131.12,6211.28,6131.02,6206.98,8592834100
6230.81,6295.78,6230.39,6295.78,9766227600
6285.8,6297.43,6251.4,6254.15,8480475800
6234.24,6253.17,6185.18,6189.32,7546663300
6172.85,6203.24,6117.6,6180.11,7217392100
6181.38,6205.87,6146.31,6146.31,6507353400
6142.52,6186.61,6118.3,6153.83,6723321400
6109.6,6176.5,6091.5,6173.7,6747566200
6182.11,6224.56,6125.14,6129.2,7948716100
6130.05,6161.38,6074.66,6101.23,6740744100
5913.37,5978.42,5722.77,5787.15,12136706100
5715.35,5902.96,5675.37,5902.96,8477291300
5956.24,6043.05,5956.24,6034.77,8919927100
5962.56,6036.16,5949.1,5973.34,7529909400
5993.97,6040.86,5967.63,6034.86,6881373500
6052.18,6115.27,6051.02,6114.74,7304648900
6127.23,6169.3,6113.34,6121.96,8543383300
6039.07,6066.44,6008.51,6059.71,7174988300
6077.65,6098.84,6011.15,6017.69,6726019800
5994.35,6053.97,5954.54,6025.65,6485182000
6032.49,6064.39,5993,6063.74,6942099000
6082.03,6110.18,6073.22,6086.61,6624885900
6073.77,6091.98,6039.56,6051.34,6052424000
6073.84,6093.35,6018.01,6027.19,5415763600
6018.17,6053.99,5966.2,6012.4,7098586100
6024.55,6038.25,5886.02,5890.86,7192025800
5925.84,5981.34,5826.65,5970.66,7620171200
5965.24,6041.99,5962.71,6004.73,7599855600
5984.06,5999.01,5872.5,5880.84,7239138900
5885.61,5913.57,5761.97,5823.92,6395239900
5825.45,5957.83,5825.45,5957.19,6795411800
5929.4,5968.88,5919.52,5959.42,6038279000
5951.19,5955.26,5846.08,5847.98,6263839400
5865.44,5886,5808.78,5860.98,5599782200
5861.84,5894.46,5817.39,5855.32,6314702700
5843.09,5911.09,5779.73,5910.61,6760449000
5891.12,5939.95,5883.7,5909.29,5546404700
5921.31,6023.19,5918.38,6019.14,6403335800
6023.58,6042.07,6012.13,6041.81,6219466600
6034.46,6042.91,6002.39,6029.23,5412415300
6036.01,6052.71,5999.95,6040.57,5831066500
6044.98,6052.54,5989.43,5991.34,6384725300
5982.47,6008.89,5951.68,5967.55,5979819200
5972.16,6021.02,5947.46,6020.57,5472154600
6002.75,6045.03,5991.38,6004.07,5833864000
6000.74,6010.3,5959.73,5973.78,5299727300
5968.56,6000.95,5932.13,5995.15,5786827400
6034.43,6080.82,6034.06,6072.2,7072245100
6066.25,6092.91,6052.09,6092.91,6226685200
6080.73,6081.53,6012.42,6013.85,6784586800
6014.02,6028.5,5986.72,5992.62,5371180800
5983.94,5992.48,5909.05,5917.8,5779380900
5910.48,5938.07,5858.27,5891.26,5781012200
5884.59,5921.72,5832.55,5835.45,5617992900
5759.45,5778.04,5675.91,5682.59,6852788500
5722.95,5760.2,5672.18,5754.48,5600885400
5729.92,5759.5,5654.84,5685.12,5383357100
5692.97,5707.49,5652.14,5683.15,4675028200
5681.22,5779.86,5680.49,5779.08,4741047000
5770.71,5784.61,5748.7,5774.26,4818250800
5786.46,5798.33,5734.64,5738.02,4737619100
5731.84,5731.84,5630.66,5669.3,5292555500
5657.65,5672.63,5612.87,5632.36,4310969100
5638.35,5693.61,5594.92,5693.35,4664535800
5678.81,5679.67,5605.55,5607.02,4923421400
5590.57,5645.19,5570.83,5586.93,4441970900
5582.84,5593.69,5448.07,5483.94,5644857400
5396.69,5409.41,5070.22,5141.71,8298635300
5114.06,5222.88,5090.22,5198.39,6032941700
5196.13,5244.65,5086.93,5089.25,6324047800
5052.44,5165.03,5017.51,5160.12,5168920600
5196.65,5211.76,5121.21,5125.03,4786081100
5059.38,5170.17,5044.24,5160.28,5106658700
5159.62,5188.2,5089.71,5109.5,4985784100
5097.51,5150.65,5050.32,5055.11,4776751800
5061.09,5218.91,5054.05,5217.76,5723493700
5216.85,5238.64,5100.88,5138.78,5524892900
5138.55,5203.36,5054.66,5197.13,6142423300
5171.19,5180.27,5102.78,5121.34,5385995100
5109.14,5126.47,4981.78,4982.76,5292741400
4981.98,5061.04,4897.26,4996.63,6134025500
5007.21,5107.88,5007.21,5107.55,5293715900
5114.12,5141.71,5094.29,5136.53,5222766900
5060.07,5070.49,4973.99,5036.16,5891526200
5029.29,5184.02,5029.29,5172.5,6808956600
5174.51,5207.36,5167.16,5204.19,5635421000
5201.53,5216.56,5170.22,5195.2,5166737200
5189.15,5196.2,5132.21,5196.2,4824332200
5198.89,5220.18,5156.64,5156.64,5525713400
5153.38,5179.73,5088.12,5111.33,5048393400
5105.65,5184.87,5072.16,5175.25,5786851400
5146.62,5214.38,5132.38,5214,6848431500
5213.39,5315.67,5211.94,5304.64,8820181600
5308.02,5332.62,5294.42,5308.66,7485086000
5307.3,5318.88,5262.31,5273.48,7512024000
5270.23,5281.35,5230.1,5249.29,6171588700
5244.77,5255.19,5167.4,5185.15,6083602400
5182.83,5208.38,5163.66,5188.72,4949635600
5198.46,5233.5,5105.37,5105.37,6036948500
5094.34,5094.34,4887.5,4996.01,7439032500
4982.89,5008.24,4929.75,4929.75,5073579700
4919.5,4941.18,4798.85,4825.25,5245522000
4836.31,4956.87,4797.45,4956.87,5914578000
4940.78,4952.42,4877.66,4880.57,5808305100
4862.15,5030.16,4856.48,5004.77,6826483300
5000.05,5037.49,4990.83,5030.52,5318501200
4981.34,5064.02,4958.89,5055.27,5572265200
5043.89,5061.41,5016.32,5037.88,4637591200
5035.57,5038.77,4929.2,4932.81,5334998500
4876.69,4943.2,4836.05,4888.37,5239384400
4923.44,4941.1,4793.77,4803.03,5170797400
4794.24,4832.91,4736.56,4832.65,5163111200
4831.21,4901.12,4816.85,4891.98,4973790400
4877.01,4878.82,4829.6,4837.02,4392226700
4832.01,4885.81,4821.11,4863.66,4726381100
4853.86,4880.89,4831.89,4852.29,4389810000
4859.12,4964.45,4859.12,4960.07,5854579900
4964.73,4983.94,4954.17,4974.21,5346544000
4972.09,4974.16,4929.46,4941.96,5327221200
4937.65,4952.61,4861.06,4867.12,5415846200
4854.97,4862.44,4805.21,4814.82,4801205400
4808.38,4840.15,4754.81,4838.87,5290260200
4833.88,4905.02,4828.52,4890.28,6102491400
4877.11,4886.27,4814.96,4815.03,5840354300
4800.94,4849.18,4773.88,4793.35,4586849400
4796.84,4867.53,4759.49,4791.78,5360007200
4792.6,4794.01,4701.29,4704.88,5132647500
4702.84,4738.26,4669.42,4702.9,4996800700
4700.9,4733.58,4681.13,4693.97,4254088200
4727.43,4752.9,4655.21,4721.21,5569210200
4720.78,4724,4669.94,4670.08,5644793000
4649.95,4649.95,4586.32,4602.39,4933894600
4588.23,4684.29,4584.43,4683.51,5443232600
4673.95,4772.95,4664.13,4736.89,6705585600
4734.48,4761.41,4723.31,4733.48,5639897400
4743.81,4813.29,4721.69,4805.22,6589519600
4774.79,4810.34,4763.21,4792.55,5265424000
4794.07,4841.7,4782.39,4815.63,6471955600
4812.65,4817.62,4754.28,4755.38,6143767200
4762.34,4802.16,4746.18,4800.73,5726864000
4722.42,4737.29,4639.4,4646.49,6327566400
4652.49,4685.22,4612.64,4634.89,5043745400
4634.64,4655.55,4586.89,4629.89,5133963700
4483.27,4503.2,4274.7,4307.42,9056360100
4267.36,4300.01,4136.63,4278.03,8152514900
4283.36,4317.71,4195.83,4199.15,6229184800
4193.38,4221.34,4076.87,4099.68,6107665900
4147.35,4167.76,4038.42,4133.38,6952388100
4104.33,4104.33,4013.65,4018.46,5978391100
3958.45,4130.93,3948.56,4127.98,6956157800
4165.76,4375.6,4165.76,4333.15,9295831900
4336.45,4350.73,4228.33,4253.56,7466806500
4233.84,4297.37,4207.16,4245.49,6282348200
4124.19,4240.58,4103.56,4234.42,6968720600
4260.91,4294.56,4217.79,4233.96,6798362100
4220.64,4227.64,4144.81,4162.53,5745157000
4145.4,4233.79,4096.14,4204.54,7283465000
4207.76,4298.24,4204.36,4272.55,7468776500
4299.46,4367.73,4294.87,4298.98,8605914200
4366.73,4437.98,4360.88,4437.95,9689216800
4427.63,4466.14,4375.04,4440.83,8777727700
4427.36,4440.1,4385.33,4438.1,6980304900
4437.72,4479.69,4414.07,4415.14,7808636800
4442.66,4450.98,4379.88,4382.33,7214535500
4363.21,4396.39,4348.81,4368.61,6742496000
4360.63,4481.77,4354.47,4481.69,8699053600
4430.95,4588.5,4422.95,4563.53,12871036300
4551.8,4600.13,4534.52,4545.51,11259883000
4540.88,4619.81,4539.96,4619.81,9830520000
4625,4691.56,4609.83,4659.1,11067182400
4660.48,4677.97,4612.48,4670.74,11101510600
4629.13,4645.9,4535.87,4537.45,10312422500
4483.38,4564.53,4476.42,4554.68,9015662700
4562.64,4583.37,4528.24,4551.33,7527499300
4542.11,4547.52,4365.35,4374.76,9207482800
4371.42,4408.11,4347.75,4367.46,6858469900
4393.29,4416.36,4361.02,4387.65,6235271000
4389.83,4441.86,4333.06,4441.86,7250793100
4462.79,4473.31,4344.9,4345.7,7710248100
4334.04,4385,4291.81,4376.65,6384878900
4483.66,4536.83,4460.39,4515.17,9626575200
4506.25,4538.42,4492.06,4536.21,7628021300
4456.2,4532.28,4445.97,4502.7,7427597300
4476.81,4483.32,4405.84,4411.09,6604759600
4419.61,4432.33,4397.42,4410.96,5175505400
4381.38,4396.4,4350.23,4359.31,5394034800
4373.03,4398.06,4365.12,4395.57,5043078100
4408.91,4417.6,4381.32,4393.32,4809361200
4405.09,4471.26,4378.46,4443.16,6361391000
4436,4439.05,4331.38,4337.1,6578654600
4322.59,4341.2,4285.21,4330.65,5150281500
4308.05,4339.4,4266.45,4307.27,5130347800
4311.28,4315.11,4245.15,4247.9,4626017400
4240.37,4274.01,4225.14,4259.76,4696785200
4246.43,4260.29,4204.49,4231.14,4711042500
4227.35,4276.98,4215.02,4274.72,4184194100
4233.54,4244.95,4132.76,4225.51,6038367300
4218.66,4241.35,4194.31,4208.4,4503293300
4263.34,4272.81,4159.77,4161.27,5421939300
4168.94,4192.7,4138.94,4168.04,4996418500
4176.11,4179.72,4125.94,4131.96,4749444900
4131.69,4182.2,4110.53,4112.81,5549124400
4075.62,4210.88,4071.69,4210.88,7344873700
4235.03,4297.02,4223.46,4288.32,8115345000
4278.28,4289.63,4264.6,4277.3,6955693700
4286.23,4354.2,4280.66,4288.77,8515359500
4289.56,4319.49,4274.2,4281.86,6891088900
4282.39,4316.54,4267.29,4314.88,6835508500
4317.52,4325.95,4278.76,4286.55,6767961400
4282.99,4350.93,4271.64,4347.36,7200518100
4347.08,4364.1,4330.74,4336.88,6927474400
4334.63,4347.18,4297.67,4303.73,7456211300
4307.14,4351.44,4297.48,4347.81,8337161100
4354.7,4395.06,4352.81,4373.63,7278153100
4370.86,4370.86,4291.96,4308.25,6949667200
4298.94,4322.89,4292.09,4315.69,5848573500
4318.71,4363.22,4292.83,4338.17,7063030500
4341.41,4359.46,4315.95,4318.44,7165747800
4341.49,4370.9,4297.96,4307.22,6727993500
4301.47,4301.47,4188.59,4254.29,7775372700
4235.27,4266.88,4211.19,4211.62,5851377000
4203.98,4240.72,4151.41,4176.47,7151120500
4189.11,4295.04,4189.11,4294.27,6609967700
4306.2,4403.73,4306.2,4402.87,7529735600
4398.44,4452.5,4394.83,4439.48,8527115600
4442.73,4526.27,4433.03,4512.41,11321890300
4507.84,4555.23,4494.55,4532.17,9482853300
4523.94,4544.39,4497.39,4502.73,9351160700
4527.97,4661,4527.97,4661,12412400400
4683.32,4706.52,4614.28,4667.28,14387476800
4667.35,4677.98,4619.46,4667.62,12021312900
4666.28,4750.42,4643.11,4659.14,14595111300
4651.54,4777.3,4649.22,4777.3,14616614200
4840.54,5045.08,4835.48,5044.35,24178357900
5059.28,5149.62,5004.55,5038.54,26283326500
5027.39,5093.8,4964.62,5017.88,20885408700
5017.44,5072.67,4994.05,5025.29,15604287700
5047.23,5067.31,4984.99,5067.23,14982833000
5112.95,5253.39,5108.28,5158.25,23244686400
5146.62,5295.29,5125.15,5295.29,20689126100
5328.13,5395.55,5256.79,5390.03,26496431800
5381.23,5512.64,5353.57,5458.61,26696722000
5340.11,5480.17,5245.53,5245.7,28568024900
5279.75,5456.42,5272.19,5456.38,21425221300
5500.94,5591.69,5458.76,5551,24933399300
5557.16,5557.16,5388.25,5424.86,22434923600
5381.11,5432.52,5236.75,5298.5,17860867900
5328.81,5418.33,5308.06,5359.01,15284646500
5387.38,5501.18,5333.26,5501.18,17265525500
5505.7,5555.12,5486.8,5522.18,16671393100
5518.31,5533.05,5415.76,5515.79,17682073500
5525.99,5634.66,5513.39,5589.48,20715004500
5591.04,5625.1,5505.81,5622.14,18195482300
5521.25,5629.23,5507.36,5549.67,17843293700
5571.52,5589.41,5380.85,5394.88,17616473000
5431.98,5447.88,5333.78,5447.88,14495660800
5432.94,5487.77,5370.12,5370.12,14926108200
5370.42,5550.76,5346.21,5547.66,17833301700
5591.66,5763.58,5591.66,5757.84,22118163100
5794.79,5833.02,5750.33,5775.55,22875028400
5744.22,5843.47,5724.13,5836.04,19910476300
5868.39,5894.99,5813.46,5871.56,20883485900
5921.21,5939.5,5765.91,5847.63,23831746600
5834.29,5877.84,5798.37,5858.05,17936350200
5826.03,5906.43,5782.37,5850.76,17875360700
5852.64,5866.92,5720.55,5727.18,16587607300
5720.05,5749.34,5673.74,5714.37,14007834100
5795.5,5815.39,5654.34,5655.98,15775413600
5625.12,5777.01,5583.61,5777.01,15602963200
5776.64,5840.62,5757.99,5807.73,16980015500
5804.3,5826.67,5762.57,5775.17,15132250500
5762.5,5810.18,5710.8,5810.18,14872428900
5821.02,5824.52,5704.98,5723.04,15816102600
5710.73,5710.73,5610.73,5628.06,14987146100
5636.4,5682.48,5568.41,5679.73,13478441200
5652.01,5662.79,5457.82,5458.42,15140171800
5427.62,5496.03,5407.19,5408.03,12427988000
5405.16,5421.66,5252.05,5265.6,13867238700
5244.05,5349.94,5244.05,5307.56,10219034000
5122.47,5125.16,4874.64,4908.8,14338623300
4933.04,4990.19,4886.06,4973.4,11657368700
4865.79,5028.53,4842.56,4947.74,10773812100
4897.98,4955.78,4879.69,4888.41,9093465600
4940.48,5064.32,4842.61,5064.32,12217748300
5009.48,5040.5,4985.19,5005.9,9173639400
4942.39,5018.41,4941.93,4965.61,8754096900
5002.6,5086.73,4999.34,5076.56,9746386000
5071.11,5118.44,5059.21,5108.36,10442216600
5112.24,5116.99,4923.67,4942.58,11907121300
4937.18,4947.75,4835.81,4923.56,9568649700
4917.34,5026.28,4904.82,5009.87,10083707300
5002.16,5018.11,4941.01,4976.39,9409270900
4955.25,4957.99,4860.19,4872.92,9056368100
4848.58,4892.46,4831.34,4841.76,7793343600
4848.64,4974.27,4824.14,4962.95,9307641400
4965.59,5002.25,4933.9,4955.49,9026398900
4943.57,4992.99,4930.43,4956.86,8587685200
4933.5,4933.85,4865.77,4926.4,9477960200
4923.92,4969.05,4902.74,4912,8671672900
4921.71,4942.06,4838.35,4853.81,9854083000
4847.66,4853.81,4768.04,4795.41,8675165300
4837.9,4850.8,4777.98,4783.82,8130016500
4776.49,4776.69,4668.54,4678.78,8341693100
4693.76,4750.54,4662.78,4725.26,7336138100
4730.81,4903.87,4728.48,4901.47,11681144600
4889.36,4917.09,4852.98,4863.49,10784756100
4855.54,4892.58,4831.52,4877.65,9617253800
4880.23,4893.93,4786.19,4795.53,10280389400
4796.12,4826.6,4779.64,4802.82,7336113800
4804.3,4825.62,4773.55,4797.15,6652389700
4902.96,4931.11,4856.9,4858.92,9827437600
4853.21,4987.6,4837.18,4954.73,11969596100
4973.59,5045.72,4973.59,5021.31,12281421400
5032.38,5038.48,4996.17,5024.2,9962015700
5020.2,5020.2,4910.2,4974.99,9920218000
4943.77,4991.13,4928.73,4962.59,7003568700
4974.99,5030.37,4972.67,5007.48,8163126600
5005.19,5005.19,4920.44,4950.48,7716462800
5044.66,5100.26,5016.24,5100.26,11163021400
5092.84,5102.41,5066.25,5084.41,9708063700
5074.71,5074.71,5021.9,5040.72,8535858900
5046.88,5068,5002.33,5025.02,8014718900
5026.33,5055.02,5001.52,5042.66,6490414100
5028.64,5028.64,4855.22,4870.78,9176607700
4868.48,4892.56,4838.94,4881.62,6101251200
4891.91,4896.04,4829.28,4843.86,6079519200
4867.68,4905.16,4821.55,4844.55,6262848400
4848.22,4874.32,4820.66,4861.57,6147939800
4850.89,4951.62,4787.91,4925.32,8459448100
4917.79,4940.23,4909.66,4932.05,6892496200
4930.65,4953.41,4914.49,4929.09,7536108800
4909.72,4909.72,4843.51,4844.11,7263615800
4861.21,4920.41,4861.2,4878.69,6859729800
4885.43,4886.4,4766.07,4776.57,7219157800
4778.05,4823.92,4778.05,4823.92,5472926300
4837.77,4898.81,4837.77,4873.03,6945138300
4873.17,4899.72,4861.77,4891.64,6738441800
4880.72,4902.09,4868.2,4898.11,5925277700
4897.65,4914.48,4872.55,4897.02,5658152100
4902.84,4961.02,4902.78,4922.92,7119412700
4914.04,4921.72,4892.56,4903.2,6275454700
4877.56,4900.09,4850.53,4870.47,6433250400
4773.43,4816.81,4756.4,4809.92,7900236100
4795.91,4838.76,4749.94,4751.98,7161254200
4665.84,4684.52,4558.06,4650.56,9866786600
4678.43,4686.73,4624.74,4626.36,6741740600
4641.87,4663.03,4636.24,4656.1,6007779600
4677.25,4690.65,4593.22,4600.35,6444333700
4608.12,4685.05,4591.66,4685.05,6194650700
4649.35,4667.72,4638.03,4658.39,5869131700
4713.5,4731.86,4677.13,4683.84,7114878700
4585.09,4709.36,4576.46,4706.55,7826161100
4702.14,4755.95,4696.92,4722.66,7754245800
4765.06,4875.04,4765.06,4875.04,10658092600
4878.68,4912.99,4864.82,4872.61,10020229300
4865.72,4896.29,4859.33,4882.72,8494079000
4894.36,4896.57,4851.97,4887.91,8223811000
4888.53,4902.78,4861.2,4887.9,8250252800
4799.48,4867.3,4793.84,4855.46,8845314400
4878.29,4976.58,4878.29,4936.12,10819263700
4929.89,4948.02,4910.6,4928.19,9899429300
4937.59,4954.96,4912.22,4934.18,9681799600
4963.28,4975.97,4862.58,4886.49,10245163400
4894.05,5020.27,4890.23,5008.3,10829293000
5019.4,5044.18,4999.89,5044.18,10909044900
5036.52,5093.27,5027.67,5093.27,12249922400
5119.57,5209,5119.43,5138.4,15894736900
5152.19,5167.48,5111.73,5154.64,11279857600
5202.71,5263.46,5171.85,5263.46,13294192700
5264.33,5264.33,5212.52,5245.31,13111154700
5262.49,5273.97,5206.97,5217.29,11560394100
5230.29,5255.78,5197.57,5242.61,9604422600
5263.3,5279.59,5228.29,5250.34,11413633900
5237.56,5237.56,5118.21,5140.45,11477143500
5148.06,5163.81,5119.61,5141.04,8955599900
5150.5,5191.67,5126.15,5191.67,8812931100
5198.73,5220.23,5180.08,5204.48,9418643800
5192.88,5192.88,5124.8,5171.48,9465768000
5168.12,5237.41,5159.33,5180.74,9452799600
5162.15,5162.15,5087.01,5087.01,9220292000
5099.52,5108.8,4970.24,4970.24,9467075200
4974.03,5033.19,4974.03,5005.63,7432983300
5009.14,5022.43,4940.9,4940.9,6578513000
4955.08,4994.44,4937.03,4941.76,6644342500
4926.21,4985.44,4904.32,4982.95,6650575900
4988.14,5049.22,4979.19,5046.36,7381815400
5057.81,5074.9,5012.38,5055.52,8278601600
5095.22,5151.69,5089.31,5131.13,10368887800
5115.25,5115.25,5057.28,5061,8832143000
5064.33,5086.97,5036.5,5038.36,7822140800
5039.27,5049.36,5017.47,5029.85,7051450800
5033.82,5056.56,4953.15,4961.81,8203885000
4956.79,4957.24,4906.36,4951.03,6989927100
4954.11,5011.01,4954.11,5005.55,6553498200
5009.36,5009.94,4955.06,4967.19,6903650700
4961.69,4972.76,4921.11,4958.25,6486844300
4953.33,5001.51,4922.08,4994.57,7315877700
5026.06,5084.69,5026.06,5084.47,10290739500
5080.93,5080.93,5007.71,5007.71,10870630500
4975.67,4984.4,4938.1,4947.9,8576215500
4950.03,4967.74,4911.38,4917.42,7958268700
4908.65,4967.05,4896.01,4962.35,7415565600
4974.36,5016.94,4974.36,4987.84,8127822700
4995.46,5041.24,4972.72,5025.3,8507295100
5022.1,5027.79,4955.83,4974.73,8321627500
4970.53,5020.22,4960.84,5007.07,7209219800
5036.66,5051.56,4985.95,4988.29,7909655600
4961.19,4961.19,4868.44,4876.16,7709640100
4878.97,4887.3,4823.43,4881.61,6878549300
4878.97,4888.19,4853.6,4875.54,6060640800
4875.25,4925.44,4871.56,4912.11,6391011200
4910.2,4936.98,4868.44,4868.44,7007640400
4862.28,4901,4851.39,4892.46,6396537200
4892.34,4975.11,4890.76,4975.11,7236336900
4975.76,4991.7,4941.91,4946.28,7899827700
4929.85,4963.09,4919.59,4945.72,6616751300
4954.31,5018.06,4876.81,4904.08,8802769500
4904.99,4915.35,4853.84,4901.5,8634726500
4906.43,4920.68,4882.16,4882.16,8125973000
4881.4,4935.63,4872.3,4904.26,7264694000
4897.65,4916.81,4878.01,4889.26,5967231400
4888.35,4909.41,4850.59,4894.94,6139562000
4897.63,4930.59,4889.32,4905.42,6315015900
4889.41,4926.45,4863.66,4926.45,6034552500
4902.48,4935.57,4901.04,4920.67,6349645000
4927.78,4978.99,4923.11,4967.6,7407710400
4968.04,5010.51,4954.79,5010.51,7370595700
5020.22,5040.24,5005.84,5024.6,8848641500
5012.47,5054.31,4998.15,5049.05,8293633000
5044.94,5052.35,5007.56,5027.28,8601103800
5025.49,5044.2,5008.37,5012,8005543900
5047.9,5082.76,5029.88,5073.69,9997918400
5095.35,5166.04,5081.91,5166.04,11652253300
5167.23,5257.83,5161.15,5236.06,15021914200
5235.48,5267.41,5221.7,5235.12,12926439800
5236.91,5255.17,5215.88,5241.74,11366629400
5244.21,5258.01,5182.06,5184.68,11799847200
5161.28,5188.85,5079.44,5084.35,10565253000
5098.81,5165.16,5092.91,5162.07,8545191600
5157.37,5195.87,5153.51,5183.1,9591867600
5181.38,5219.14,5171.44,5219.14,9562553300
5223.47,5252.79,5175.85,5179.19,12625962800
5160.31,5242.12,5119.86,5241.94,11686945600
5239.91,5269.87,5228.17,5267.66,10388965800
5306.67,5374.91,5288.17,5366.14,14589440500
5376.03,5395.26,5351.81,5380.64,12845202100
5365.22,5481.55,5355.02,5434.85,15958741400
5441.9,5499.84,5440.69,5499.84,14414272200
5481.98,5500.16,5409.57,5423.8,15540684700
5465.86,5497.54,5457.35,5497.54,13243166700
5511.67,5516.1,5455.25,5480.23,11381982100
5478.32,5559.63,5447.73,5559.63,11807618100
5576.63,5583.72,5539.9,5542.33,12981138300
5532.96,5545.1,5492.65,5530.03,11242502000
5539.42,5559.02,5514.69,5527.67,11189727600
5539.72,5555.41,5499.47,5510.05,10494932900
5523.01,5587.54,5500.59,5587.54,11540300100
5581.01,5581.98,5515.19,5523.94,12460480800
5502.59,5597.99,5440.2,5575.51,12347477000
5521.79,5558.43,5326.93,5377.74,14577307100
4896.9,4960.75,4896.9,4910.9,8177708400
4736.12,5013.77,4736.12,4996.47,18967227900
5035.41,5178.44,5026.41,5123.96,17109533900
5128.19,5299.18,5100.48,5282.89,18595745600
5287.27,5329.36,5226.7,5327.04,19114764200
5322.01,5389.04,5301.41,5388.44,17670328200
5390.53,5396.96,5323.76,5361.28,15250817700
5345.52,5461.67,5340.49,5459.95,15104147300
5456.66,5482.8,5397.23,5412.84,15820264200
5407.47,5474.47,5375.93,5420.8,14534649600
5454.46,5594.44,5454.46,5594.44,17463665700
5607.84,5660.81,5577.9,5660.81,18509870100
5654.18,5678.82,5601.39,5603.26,18564208500
5619.52,5712.18,5580.07,5706.71,19207602600
5704.84,5822.4,5700.95,5784.03,20723623900
5784.57,5884.14,5754.68,5865.47,21809896200
5745.62,5912.27,5643.88,5897.72,26736667800
5824.05,5885.27,5724.5,5743.39,26637508000
5770.22,5829.04,5689.54,5753.73,20469487500
5558.42,5641.77,5438.85,5451.29,22430670900
5516.44,5683.24,5505.27,5656.42,19951161200
5756.79,5832.35,5658.12,5710.02,22632549400
5670.5,5719.18,5603.93,5716.51,18513309800
5795.25,5811.21,5732.17,5801.12,21723222100
5737.1,5802.63,5723.73,5763.86,18529714700
5668.64,5699.92,5525.82,5525.82,21853808900
5459.17,5675.88,5423.43,5675.11,20840287700
5692.72,5708.91,5589.53,5589.53,18775091200
5507.32,5549.35,5446.79,5493.88,15875315700
5225.51,5507.39,5224.73,5457.2,19526665900
5496.89,5496.89,5183.34,5200.11,18684995200
5245.52,5300.56,5052.65,5212.06,15913787800
5257.94,5333.12,5119.47,5119.47,16428660400
5119.94,5185.09,5020.44,5157.82,15459370200
5217.49,5225.03,5129.07,5219.28,12751328900
5079.35,5129.14,4981.67,4998.91,13868474500
5089.15,5118.04,4963.29,5096.04,14078770500
5200.77,5229.22,5160.39,5217.42,14688107000
5180.47,5227.47,5157.15,5166.11,12565245000
5222.85,5227.79,5134.49,5137.34,11704507300
5073.7,5074.62,4974.32,5027.49,12398131600
5073.52,5090.57,5030.57,5041.45,11160561200
5029.58,5108.18,5007.71,5019.22,11215411100
4998.63,5147.2,4998.11,5147.2,11335107800
5143.52,5161.57,5085.1,5107.04,10947897800
5202.55,5273.09,5197.58,5267.07,14510945200
5243.16,5291.41,5232.62,5271.8,13778625400
5301.27,5336.12,5289.39,5322.46,12509846200
5321.79,5321.79,5197.98,5208.51,12381638800
5176.44,5198.37,5140.85,5169.18,9818099300
5197.17,5288.59,5189.82,5288.59,11018824400
5291.97,5320.58,5264.01,5268.75,12247740000
5245.93,5328.12,5238.43,5316.97,12074219300
5354.98,5377.15,5309.58,5318.45,13696983300
5329.87,5381.79,5311.2,5381.79,12064218200
5358.6,5358.6,5287.66,5343.88,13074442600
5304.73,5388.21,5296.26,5387.62,12359700600
5402.65,5407.49,5354.94,5357.79,14461830200
5350.54,5354.76,5258.57,5273.55,13138336700
5278.98,5314.41,5249.31,5265.73,11713242700
5268.13,5273.26,5102.06,5227.85,14082491000
5203.71,5269.73,5201.47,5226.81,10592684900
5261.05,5368.89,5261.05,5353.86,13303668600
5320.94,5451.46,5318.44,5451.32,14167905000
5454.25,5473.77,5425.8,5445.75,14014635400
5474.87,5527.09,5467.65,5507.7,13631862200
5529.11,5547.94,5466.62,5496.19,12985198500
5494.07,5519.29,5441.7,5512.46,11594367700
5495.9,5546.55,5483.99,5536.28,10789582200
5513.08,5528.09,5485.02,5487.11,11919770100
5510.15,5543.93,5486.26,5507.93,11265151100
5522.72,5528.77,5454.96,5478.82,13365466400
5515.03,5548.22,5504.23,5547.88,11200886000
5545.04,5547.17,5473.79,5489.7,12349126400
5508.2,5511.23,5415.6,5426.18,11455910800
5421.73,5421.89,5307.3,5328.23,10641571100
5323.97,5344.28,5293.23,5316.6,8438568100
5341.11,5421.9,5341.08,5420.21,9096900800
5426.56,5426.56,5358.47,5369.5,10396037100
5367.27,5390.14,5290.29,5361.17,10252425100
5349.57,5416.66,5336.07,5406.34,10500325000
5446.29,5576.65,5446.29,5569.48,14169758200
5595.36,5596.44,5544.19,5566.44,13902910300
5583.7,5618.29,5567.07,5572.31,13834551900
5589.35,5597.26,5549.36,5576.75,12077846500
5585.16,5592.35,5542.87,5585.42,11225389700
5618.38,5627.19,5567.21,5575.3,11944619000
5582.14,5616.04,5560.14,5610.38,11487092900
5611.66,5616.61,5581.91,5615.24,10836809700
5618.64,5673.31,5567.54,5589.1,12751545400
5483.78,5620.21,5479.27,5591.49,12954546500
5605.88,5661.97,5590.64,5590.64,14535977600
5633.26,5695.3,5624.85,5695.3,13395170300
5708.69,5735.42,5685.62,5735.42,14683751800
5738.03,5744.45,5705.3,5734.4,15815436600
5733.43,5796.36,5727.62,5787.15,14176809800
5793.79,5815.39,5770.81,5784.03,14539234900
5783.12,5809.28,5755.4,5804.34,12574812700
5808.54,5824.31,5773.29,5789.09,11024143600
5774.46,5789.16,5740.26,5762.44,11776115100
5790.06,5875.33,5788.21,5864.42,11535032400
5884.54,5885.87,5814.76,5881.89,14283298200
5880.88,5979.99,5858.57,5975.28,20118138000
5990,6052.52,5968.07,6051.51,22682681800
6095.96,6318.31,6095.96,6299.85,30237648900
6368.31,6480.03,6300.24,6380.03,32586542500
6378.95,6541.44,6352.37,6535.41,28884738900
6541.28,6712.15,6530.02,6693.74,31741227100
6664.33,6763.81,6644.36,6676.44,28873667200
6710.64,6899.62,6710.64,6899.52,29730559500
6897,6897,6672.8,6807.73,29386829700
6815.62,6838.15,6598.52,6638.84,25647283000
6642.33,6710.99,6305.13,6320,25331587000
6327.03,6447.51,6272.94,6344.59,19680390900
6419.08,6526.83,6340.65,6526.83,21241322200
6546.56,6591.01,6500.87,6563.32,19396594900
6554.17,6699.69,6534.74,6620.69,21010119800
6562.05,6629.21,6431.26,6620.09,20799246200
6584.81,6609.29,6265.38,6283.98,21901777700
6304.59,6337.33,6229.47,6298.73,14554248100
6345.68,6385.39,6307.79,6359.66,13883814400
6341.01,6530.27,6324.05,6530.27,15922168400
6548.7,6564.77,6491.45,6511.44,17761556100
6499.39,6619.26,6463.41,6579.67,17991294100
6635.34,6739.81,6614.43,6739.81,20726674600
6758.49,6764.9,6672.89,6697.71,20947893600
6696.69,6790.01,6653.28,6772.84,18484381600
6780.33,6792.28,6656.28,6770.3,20522984200
6743.29,6755.53,6578.67,6688.88,19812821400
6666.56,6768.87,6651.74,6725.3,17535322700
6727.77,6756.85,6594.98,6600.85,18084577100
6580.01,6599.66,6395.01,6528.4,17788904500
6552.37,6592.12,6518.42,6552.66,16206051500
6542.6,6629.51,6506.03,6623.56,15687598800
6646.54,6752.32,6614.19,6744.55,20140735700
6747.61,6811.56,6737.53,6789.4,18916617500
6782.59,6782.59,6661.99,6666.27,19430913600
6622.01,6672.49,6570.69,6593.78,15764625800
6628.9,6686.02,6589.2,6643.94,14296349300
6667.3,6702.75,6589.93,6688.97,14302035400
6698.12,6734.44,6631.69,6652.55,14709813000
6650.45,6660.76,6501.24,6525.88,15373477100
6538.14,6585.72,6486.75,6578.79,12983619800
6571.9,6695.36,6553.92,6691.21,14194959300
6719.29,6765.89,6667.68,6668.43,15602438500
6667.17,6710.46,6637.63,6710.46,12563249000
6725.69,6742.55,6647.03,6717.56,14956254800
6715.1,6732.67,6638.45,6662.25,14211033500
6545.89,6631.03,6538.49,6618.58,12535846200
6619.9,6669.39,6459.1,6478.81,15558174800
6493.77,6542.99,6432.95,6525.1,16123031800
6455.31,6471.48,6319.27,6349.22,21691635100
6404.66,6414.96,6219.64,6235.57,18104949700
6209.79,6319.67,6209.79,6311.97,12462919400
6350.35,6381.18,6297.9,6351.24,13050227700
6351.04,6388.13,6328.54,6387.88,11518415400
6379.52,6387.77,6321.57,6353.84,11337988700
6345.67,6416.01,6291.63,6367.02,11895968100
6367.79,6473.6,6353.56,6469.47,13522626400
6492.23,6515.34,6434.32,6445.97,12602372100
6392.02,6462.98,6341.48,6358.65,12130589400
6382.28,6411.2,6356.16,6392.03,9504883300
6353.69,6354.68,6243.28,6244.64,11280146700
6271.7,6285.47,6206.18,6236.89,8779878800
6255.02,6261.93,6171.02,6178.47,7896291500
6206.99,6280.44,6179.88,6228.77,8137116400
6245.12,6260.12,6155.02,6192.51,8148409300
6300.07,6373.94,6290.47,6357.97,10038623100
6408.08,6541.31,6399.68,6541.18,14482434900
6538.84,6557.86,6486.31,6551.4,11155845000
6547.84,6547.84,6492.66,6508.37,11862960400
6511.07,6518.55,6456.77,6460.04,10700425200
6456.74,6473.63,6388.65,6428.68,9873202200
6466.57,6483.51,6346.26,6358.32,10366836300
6349.64,6423.16,6324.39,6423.11,8618922400
6426.19,6426.51,6323.44,6350.01,8751225500
6331.8,6334.54,6256.23,6317.14,8572472900
6312.01,6362.43,6202.53,6213.26,8056509000
6195.35,6239.72,6127.38,6214.38,7339295600
6187.47,6227.84,6168.97,6221.34,7558651600
6221.74,6254.72,6164.24,6246,8713088800
6168.91,6287.65,6159.14,6255.19,9258748300
6272.93,6274.62,6103.89,6111.48,11212236000
6119.45,6162.28,6095.8,6143.12,11175637900
6175.16,6245.56,6155.73,6241.77,10544003600
6246.64,6256.07,6181.1,6234.16,9292974500
6294.61,6358.44,6273.31,6351.98,11884321500
6366.19,6366.19,6254.09,6301.25,11824421100
6337.44,6452.91,6337.44,6421.65,16002788200
6434.43,6435.41,6339.29,6373.09,14192893200
6356.37,6375.24,6292.84,6294.61,13072808100
6305.07,6341,6285.29,6315.49,10468068700
6304.46,6319.41,6248.35,6306.97,10711632200
6319.7,6387.41,6294.29,6387.37,13367733000
6380.77,6380.77,6300.57,6336.94,14127431800
6333.45,6382.5,6314.31,6341.01,13398246200
6328.08,6370.18,6293.56,6360.6,12380484500
6354.79,6429.87,6351.31,6422.98,13066764500
6435.92,6516.24,6407.06,6472.93,18192566800
6472.75,6495.14,6454.66,6475.19,15406296500
6489.26,6489.72,6350.37,6350.37,15381310600
6349.86,6358.17,6284.97,6334.3,12323693600
6337.38,6351.81,6276.07,6351.61,12088511600
6360.46,6397.72,6309.44,6320.94,16315768200
6307.85,6437.94,6299.41,6426.62,15095734000
6437.96,6446.81,6392.99,6434.98,14970510500
6437.38,6461.09,6392.9,6440.88,15221493300
6426.03,6471.86,6409.68,6464.73,12885516900
6465.99,6472.85,6417.65,6424.68,12107828200
6424.16,6448.39,6406.72,6423.65,10549499200
6430.48,6437.43,6307.22,6307.22,12151621300
6295.35,6350.92,6267.17,6320.1,11057714200
6328.83,6340.4,6163.41,6209.43,13264160600
6207.83,6260.61,6176.54,6259.02,10687714900
6250.1,6276.58,6228.68,6265.58,9798099400
6268.21,6271.03,6219.09,6235.44,9928395000
6225.08,6312.01,6184.54,6308.9,12770274400
6310.16,6332.53,6269.21,6291.92,12862228800
6302.26,6401.55,6293.92,6398.6,13634782200
6372.88,6378.5,6241.56,6250.06,15131061800
6255.35,6330.6,6242.62,6307.6,14404432300
6308.48,6308.48,6202.4,6205.23,13122165300
6190.99,6284.59,6186.02,6278.5,13447826700
6283.78,6288.24,6219.09,6244.48,14896021400
6240.74,6280.04,6196.41,6199.85,15447603200
6196.45,6289.27,6188.59,6269.25,13804167300
6282.96,6370.57,6281.01,6367.11,16019408600
6395.61,6501.59,6359.08,6482.79,18662120900
6470.25,6539.73,6452.52,6539.73,19672629200
6549.73,6569.2,6472.74,6528.14,17852108600
6523.68,6567.27,6467.44,6538.12,19713564100
6541.56,6598.38,6484.4,6557.6,18083742900
6557.45,6572.85,6419.73,6455.4,18325727100
6425.81,6543.23,6425.81,6543.23,16231123700
6550.03,6553.65,6457.88,6496.91,18491342000
6471.79,6516.27,6402.6,6439.89,16302381600
6427.13,6447.88,6339.43,6417.5,13824319900
6414.83,6529.41,6392.06,6514.46,13683280700
6510.48,6532.65,6456.11,6476.37,14761671600
6477.67,6535.48,6449.28,6535.42,12852543200
6552.03,6649.86,6550.88,6622.5,15680958700
6619.86,6643.66,6573.82,6637.81,15806231000
6636.22,6711.57,6599.97,6645.31,16562310300
6621.15,6624.45,6515.26,6532.96,14337131100
6527.68,6564.29,6481.16,6557.16,13976004900
6475.86,6529.84,6405.81,6414.38,14482540600
6448.67,6462.37,6255.7,6346.14,14604158100
6338.65,6397.01,6328.34,6393.28,13732518300
6404.85,6459.48,6361.09,6454.78,13239431300
6459.66,6484.49,6399.33,6399.33,14545715500
6375.67,6414.3,6249.53,6328.79,14886133000
6343.83,6382.96,6236.27,6239.87,13513287900
6247.92,6354.02,6215.73,6323.16,11613400400
6334.42,6468.43,6330.79,6457.88,11931911000
6474.75,6542.74,6424.72,6525.17,11904265900
6657.31,6678.61,6564.31,6614.54,16689239200
6600.25,6706.39,6542.78,6703.48,17876781700
6731.51,6810.92,6657.06,6657.06,23706558500
6613.6,6701.43,6609.08,6631.23,19265686600
6633.28,6661.43,6477.75,6536.19,17371883200
6600.2,6609.56,6484.56,6499.15,16206818200
6365.74,6446.95,6346.13,6364.35,15076020600
6407.16,6491.94,6404.89,6488.44,15860843700
6514.02,6514.02,6386.49,6433.33,16587706900
6426.04,6528.22,6420.21,6524.75,17101752400
6482.79,6485.16,6371.73,6401.99,19433461600
6325.75,6442.02,6319.53,6403.5,16650488500
6453.78,6488.82,6253.7,6256.41,16854633900
6235.31,6250.94,6033.41,6108,19643268600
6164.77,6179.85,6053.02,6062.26,14255427900
6074.34,6213.93,6045.55,6213.83,16081464300
6231.48,6232.5,6137.99,6222.38,17574617800
6192.3,6229.57,6111.36,6173.87,17079969100
6176.07,6222.18,6124.78,6195.24,15284599200
6180.89,6230.56,6124.05,6225.36,13484039600
6231.19,6300.94,6227.19,6273.86,14072566500
6195.25,6258.13,6167.51,6206.6,14323827500
6208.93,6307.55,6206.08,6305.69,14304144500
6307.98,6307.98,6181.13,6219.17,15096405200
6180.31,6232.13,6131.82,6142.54,14767311100
6118.87,6190.94,6108.26,6157.41,12930709300
6164.82,6264.56,6164.82,6251.79,12888761000
6270,6277.77,6215.8,6254.94,13963389400
6239.47,6287.87,6217.33,6280.36,13440958400
6277.7,6277.7,6205.94,6254.07,12512849200
6259.41,6321.58,6238.31,6311.66,13037481800
6316.56,6341.65,6291.71,6326.61,12393887100
6345.89,6367.78,6323.24,6343.1,11148915800
6350.38,6350.38,6289.06,6348.08,15001677500
6332.93,6385.19,6309.12,6356.75,17374127800
6345.29,6360.45,6307.66,6335.24,14130690000
6325.26,6344.16,6203.57,6226.42,15544143900
6210.22,6254.9,6193.81,6209.78,13038770900
6206.64,6287.84,6206.64,6277.21,11743821700
6263.63,6281.43,6211.66,6276.46,11977617600
6283.86,6344.95,6276.43,6339.59,12676465300
6331.71,6431.78,6315.08,6425.26,14220093000
6419.73,6467.38,6410.28,6428.54,13467452300
6396.27,6434.63,6369.77,6420.26,12105173300
6444.28,6472.8,6424.75,6445.47,12492387700
6445.52,6463.98,6412.99,6462.76,12611730600
6480.3,6546.64,6437.19,6442.65,14496413900
6434.61,6466.25,6399.44,6446.28,12589471200
6433.1,6489.74,6410.32,6489.74,11723494300
6495.65,6502.43,6453.52,6491.93,12830543900
6470.35,6503.15,6434.73,6485.71,14425423900
6503.6,6548.07,6440.33,6489.35,15414198100
6505.57,6524.18,6439.9,6444.44,17751874900
6461.42,6493.5,6437.11,6475.99,18908013400
6436.29,6472.87,6349.79,6456.04,18726361100
6434.91,6521.49,6419.74,6512.05,15649093000
6448.96,6497,6426.58,6439.03,15965864600
6454.68,6525.8,6421.21,6525.8,16624340700
6521.89,6613.9,6521.89,6578.14,15936375800
6578.97,6604.69,6558.78,6599.6,13250549100
6582.1,6590.98,6544.84,6584.39,13518125500
6541.09,6580.44,6506.41,6548.71,16232992300
6557.49,6570.46,6512.81,6527.86,13435069500
6515.83,6564.07,6494.62,6544.12,13722661200
6549.34,6628.69,6524.3,6619.67,14469203600
6631.37,6642.38,6612.42,6628.21,15623700300
6629.24,6685.48,6620.72,6685.4,14516667600
6699.28,6718.09,6643.64,6668.17,15731838500
6681.55,6729.07,6667.26,6728.99,14692949300
6718.64,6742.98,6656.66,6739.76,16109195700
6740.5,6748.15,6662.75,6681.43,15736532000
6680.1,6744.52,6654.45,6667.73,15488569100
6642.06,6725.69,6628.01,6693.06,13786640400
6705.74,6729.85,6689.7,6721.5,14056089600
6726.09,6752.63,6652.39,6684.56,13868494700
6677.14,6712.25,6656.06,6692.9,13651103400
6688.82,6773.46,6683.49,6765.64,15428096400
6773.64,6775.86,6717.27,6725.91,16956960700
6734.1,6736.54,6649.2,6663.66,15220925000
6659.49,6662.78,6554.89,6566.29,13680787700
6554.3,6618.5,6554.3,6616.17,12449256200
6610.27,6671.88,6587.03,6657.76,13802258100
6652.65,6722.98,6638.52,6707.18,14303117200
6723.3,6748.97,6691.82,6739.79,14654349700
6741.58,6803.97,6720.58,6789.95,15530960900
6791.86,6791.86,6743.33,6754.87,14504652200
6748.87,6824.86,6739.02,6813.41,15148565900
6814.32,6843.52,6802.86,6828.52,14550405000
6833.06,6835.05,6756.92,6765.42,13662572200
6767.74,6812.38,6757.34,6808.18,12540616100
6827.7,6827.7,6716.67,6716.67,13835081100
6701.06,6718.51,6651.48,6658.05,13647228700
6670.13,6716.15,6663.54,6711.01,13473472100
6727.97,6747.85,6633.61,6709.5,14501795400
6661.85,6765.43,6642.57,6764.13,14764695200
6774.85,6797.08,6740.85,6748.65,15956454300
6721.61,6814.65,6683.79,6804.54,16610700400
6852.48,6926.76,6840.02,6904.38,19356104400
6901.81,6961.97,6889.03,6961.85,17962084300
6953.82,6973.61,6898.75,6898.75,17173544800
6874.81,6936.58,6828.48,6932.41,17322110800
6931.05,6992.83,6922.35,6925.12,18490785800
6912.1,6931.14,6856.65,6889.34,16973481800
6831.05,6901.13,6825.82,6901.13,14014063000
6923.61,6998.28,6922.92,6984.54,16300927100
6996.26,7026.73,6960.3,7026.55,19023331600
7036.3,7061.67,6968.31,6985.75,22507907400
6974.11,6986.5,6778.5,6868.21,20819723900
6877.44,6925.97,6719.26,6719.26,22861433900
6650.15,6709.23,6534.92,6621.98,19726716600
6720.62,6773.57,6682.12,6758.89,17101788500
6739.76,6775.01,6702.51,6767.32,18971173400
6756.81,6875.42,6731.78,6872,20620517300
6844.37,6879.59,6792.71,6816.01,19418943200
6814.09,6931.78,6813.23,6931.34,17406434700
6920.94,6946.34,6880.69,6911.83,17937188500
6929.02,6947.54,6885.65,6938.87,17235691200
6914.32,6989.71,6877.19,6979.53,17383337100
6970.83,7019.69,6958.81,7019.23,17308796200
7045.76,7063.02,6876.5,6894.4,20193637200
6883.27,6950.89,6865.07,6941.01,17536733100
6917.51,6978.98,6869.29,6947.06,17181358900
6915.02,6952.52,6843,6920.02,17562713900
6949.33,7031.88,6949.33,7024.56,18945660800
7031.65,7098.03,7009.69,7090.78,20272689500
7092.15,7153.27,7058.57,7153,19812689000
7151.53,7175.51,7115.85,7118.84,23017619600
7096.65,7185.73,7083.21,7180.11,22383046300
7202.63,7262.6,7190.61,7226.88,25064914800
7202.52,7255.34,7159.3,7255.34,24510834200
7271.03,7278.16,7100.31,7193.1,29552014000
7172.4,7309.33,7172.4,7307.01,25341169800
7335.7,7385.24,7227.03,7278.68,28880124000
7297.36,7359.54,7231.73,7355.4,25587515300
7360.38,7501.13,7350.7,7498.93,26072754100
7496.33,7549.45,7483.87,7544.04,27284780800
7534.98,7617.66,7526.97,7617.45,28720406800
7613.6,7661.43,7564.26,7607.68,29346864200
7613.54,7650.88,7566.78,7648.75,26361861000
7630.72,7688.6,7544.02,7556.62,27150151200
7535.25,7627.67,7521.88,7592.31,23339841600
7616.88,7657.23,7445.23,7446.94,26764977900
7421.81,7471.42,7275.98,7395.56,23360422600
7305.08,7453.93,7298.03,7453.62,19679453400
7512.33,7543.66,7467.2,7502.84,24115869400
7490.56,7490.56,7373.28,7380.38,23171558200
7400.01,7410.47,7128.51,7170.59,23954240700
7158.62,7227.46,7155.27,7198.9,20280056700
7142.76,7161.21,6996.57,7010.22,21057070200
7034.69,7116.04,7034.69,7103.61,20248261200
7191.23,7198.96,7058.83,7091.34,20546770500
7102.88,7123.75,7048.87,7090.47,19542083900
7069.35,7079.7,6891.85,6952.19,20166672300
6957.73,6991.24,6887.34,6981.6,16260465500
6970.65,7033.4,6949.48,7008.33,15476466800
6996.12,7034.03,6975.24,7024.16,17410833900
7027.14,7071.87,6983.72,7068.1,17562701400
7060.77,7127.24,7051.78,7120.38,16813576400
7081.98,7154.91,7067.14,7118.8,17051134100
7127.64,7145.58,7069.45,7098.25,16797196700
7089.14,7110.66,7020.87,7026.07,17161515100
7019.02,7105.98,7003.78,7103.99,15900460300
7120.07,7155.63,7085.07,7102.43,17503220500
7093.12,7097.86,7017.86,7048.6,17902088700
7026.29,7043.42,6930.54,6950.28,18807533800
6955.85,7022.75,6920.31,7022.5,17077953300
7005.07,7087.29,6993.27,7060.76,18414299100
7061,7093.61,6921.85,6985.1,19611472800
6975.06,7034.09,6962.87,7017.85,15081464800
7031.95,7073.85,7018.61,7073.85,15265204900
7071.08,7073.85,6991.15,6991.91,17724139200
6986.5,7034.14,6984.81,7026.97,14636085700
7037.57,7087.02,7028.31,7081.75,14169684700
7061.64,7072.15,6965.86,7062.33,16213835400
7048.86,7121.92,7033.09,7119.86,16540069300
7118.99,7165.11,7112.58,7156.61,16851342300
7166.04,7176.77,7083.78,7098.21,16114820200
7083.92,7121.74,7040.51,7045.94,16237031600
7043.63,7106.05,7033.95,7104.53,14034710700
7108.78,7130.29,7066.49,7084.68,16271486000
7083.01,7174.25,7073.72,7169.88,17818585400
7177.4,7259.53,7177.4,7255.07,18052248000
7245.95,7292.92,7239,7261.38,18959503300
7260.22,7278.4,7229.6,7256.11,17767407200
7262.79,7262.79,7228.29,7233.54,16406809800
7216.64,7249.2,7201.19,7219.86,15942313700
7129.94,7226.34,7125.43,7221.9,16694140600
7252.33,7281.13,7210.84,7252.76,18633616300
7239.13,7272.94,7215.67,7272.84,17180629500
7256.42,7279.95,7221.36,7229.99,17655554400
7233.57,7310.27,7223.8,7301.92,18622273800
7308.99,7330.47,7235.45,7240.46,21306995200
7274.13,7284.65,7148.07,7206.83,19224385400
7225,7302.99,7214.26,7302.99,16928045300
7298.8,7331.58,7290.27,7320.32,19608716800
7285.97,7317.27,7276.61,7306.65,18723069500
7334.11,7371.31,7322.44,7353.03,18536306100
7330.24,7349.88,7314.43,7324.13,15958375300
7319.66,7352.38,7302.38,7314.26,15992392300
7323.41,7381,7323.41,7381,17769034000
7380.72,7384.02,7308.72,7314.56,19626533600
7290.95,7313.48,7191.05,7195.97,18172785300
7190.97,7285.72,7190.97,7275.47,17621674600
7289.91,7318.6,7271.82,7302.46,17411719000
7306.16,7349.99,7290.38,7337.19,16913176000
7336,7339.94,7257.53,7278.76,16941870200
7269.37,7323.88,7255.72,7272.75,14861878900
7281,7290.54,7240.93,7286.03,14326204000
7275.67,7290.86,7242.3,7247.77,13620955200
7246.03,7324.5,7244.22,7310.96,14165111100
7320.94,7368.13,7317.7,7359.4,14990900300
7387.81,7392.1,7317.5,7354.46,20081001800
7343.9,7346.26,7200.73,7222.68,19400240400
7187.95,7242.77,7167.81,7229.96,17333576500
7232.41,7262.81,7168.04,7175.68,20001801100
7161.44,7193.92,7122.09,7191.45,16574887800
7187.02,7206.92,7118.84,7135.22,16949456500
7160.18,7196.93,7148.63,7196.93,15605148300
7203.24,7203.24,7096.32,7097.76,16914896800
7063.42,7125.09,7052.64,7081.14,17559119800
7080.62,7169.35,7078.66,7157.86,16177971900
7163.13,7191.01,7133.19,7163.16,17923539100
7144.48,7182.06,7078.36,7118.76,16317836800
7119.51,7135.78,7040.01,7056.78,16866628200
7037.94,7040.43,6965.33,6976.62,14467978900
6942.92,7006.7,6925.77,6979.25,12267956400
6959.99,6979.48,6743.96,6743.96,15033724400
6762.35,6799.81,6721.9,6782.58,12061531000
6781.61,6785.73,6605.92,6605.92,12524375600
6690.18,6690.18,6510.18,6580.53,12708881900
6664.57,6702.33,6656.13,6676.61,14509261900
6678.99,6742.4,6599.37,6742.19,15959857500
6736.75,6848.69,6725.8,6843.03,16282272100
6841.16,6864.69,6797.01,6840.48,15491656500
6811.78,6840.72,6735.89,6745.02,15980135400
6711.59,6765.52,6667.49,6695.7,13708245900
6700.82,6762.86,6686.95,6760.28,11280576000
6779.21,6788.36,6751.8,6772.03,10841400300
6764.33,6797.61,6730.18,6768.79,12298508900
6734.52,6835.2,6727.82,6835.02,13995263800
6843.08,6871.99,6822.88,6867.11,14514631300
6827.05,6827.05,6743.85,6784.76,14860991500
6785.1,6889.7,6785.1,6887.42,14411662000
6861.41,6898.41,6688.75,6764.88,21084975500
6805.64,6895.04,6801.33,6819.43,15642913900
6831.49,6853.34,6770.05,6853.31,13960138800
6868.62,6889.33,6837.25,6874.05,13771721800
6853.07,6878.35,6828.06,6875.24,13711497800
6900.98,6907.41,6843.99,6859.55,18909178100
6823.84,6871.09,6779.41,6803.83,17741188200
6800.77,6800.82,6628.48,6659.39,16648459400
6650.58,6665.95,6416.8,6429.89,18629607900
6443.2,6462.48,6066.76,6305.61,19780274000
6424.91,6475.14,6390.73,6414.94,15315235500
6343.19,6479.72,6270.02,6474.13,15211450300
6419.24,6490.61,6323.58,6323.58,13795400500
6272.44,6278.07,5964.98,5964.98,19471374500
6068.9,6173.79,5824.33,6156.27,17882684700
6233.64,6369.89,6225.98,6267.52,17043854100
6249.48,6338.22,6231.73,6332.22,15262021400
6340.56,6389.21,6284.85,6358.94,15965372300
6343.4,6404.83,6313.27,6358.11,15110787400
6368.31,6420.16,6353.34,6398.1,14317935800
6370.97,6384.4,6315.14,6344.11,13774908600
6346.71,6373.47,6268.24,6268.24,13497225600
6230.12,6322.13,6176.25,6283.28,14485788700
6289.48,6316.31,6233.28,6253.07,14136212400
6272,6377.87,6261.8,6377.87,16401457500
6361.1,6383.07,6313.97,6324.96,17690394800
6289.39,6373.26,6274,6364.52,17512859600
6363,6363,6279.07,6356.93,19685358400
6321.81,6364.63,6221.59,6221.59,19076219200
6227.19,6237.91,6117.01,6224.12,18395489200
6202.02,6202.02,6001.57,6029.89,17838481200
6019.67,6135.57,5964.39,6126.91,17318018800
6094.69,6129.66,6039.92,6044.33,16704306000
6074.13,6156.5,6060.68,6126.49,15903310600
6094.12,6122.29,6048.16,6070.75,18462700000
6019.53,6094.67,5975.45,6074.01,14918638000
6067.48,6106.93,6052.1,6092.4,14199753400
6082.81,6093.78,5942.01,5956.92,15105560300
5933.79,5971.19,5742.42,5759.8,15785450500
5728.19,5794.34,5667.34,5740.98,13999759800
5656.39,5656.39,5369.72,5369.72,18675348000
5374.26,5434.7,5225.21,5234.01,17129943300
5179.03,5440.07,5158.48,5437.04,17969338400
5398.9,5472.82,5339.61,5418.76,15503977300
5458.91,5630.93,5443.66,5627.9,18128951200
5612.5,5728.62,5606.94,5686.7,16864320800
5560.98,5629.65,5542.18,5563.77,15299334100
5552.48,5626.59,5537.98,5608.52,13155392900
5532.6,5698.51,5519.47,5690.09,16532961300
5697.43,5856.19,5696.7,5737.82,18516362700
5707.56,5779.32,5687.18,5743.1,13921616900
5765.32,5796.8,5731.86,5796.8,13655977500
5840.24,5855.72,5767.55,5791.08,15138727500
5789.92,5816.34,5724.44,5816.34,13082939100
5815.6,5846.84,5785.45,5797.49,12724384500
5708.8,5838.41,5700.11,5838.41,13662374000
5854.01,5929.54,5849.76,5929.49,16572732900
5941.14,5968.85,5908.66,5965.73,15387601700
5962.15,5967.23,5745.68,5745.68,17754083400
5741.23,5844.28,5736.14,5844.26,14359063500
5848.03,5928.71,5780.97,5911.56,16235036200
5921.33,5952.61,5854.61,5899.91,14340686200
5918.24,5943,5867.19,5942.83,13385264700
5940.37,6033.47,5902.27,6026.24,15594491800
6008.75,6042.37,5970.49,6023.64,15536577300
6000.62,6084.32,5987.64,6078.44,15957167500
6079.89,6194.43,6070.71,6187.44,18267996300
6186.58,6199.72,6136.04,6186.57,17731171800
6184.96,6227.33,6110.06,6217.83,18642886400
6207.73,6209.11,6088.46,6130.69,17212977500
6083.5,6250.36,6078.78,6240.1,19254134000
6188.77,6250.68,6172.91,6233.62,18813239700
6161.62,6278.97,6061.19,6275.56,19740316500
6275.37,6398.36,6261.04,6261.06,23814076500
6262.29,6330.35,6242.33,6264.82,19461508300
6220.58,6328.36,6181.85,6316.31,16785912900
6323.41,6359,6277.22,6330.39,17520714600
6324.84,6337.08,6215.29,6277,16446163000
6281.87,6285.65,6176.85,6179.57,15409431800
6186.99,6300.48,6142.94,6300.48,16826604400
6306.83,6378.5,6304.08,6368.28,15771270400
6398.36,6449.34,6390.28,6407.74,16891819100
6412.44,6506.66,6392.11,6501.35,17058271100
6479.17,6501.39,6370.02,6374.3,19072830800
6385.22,6493.09,6385.22,6454.08,16384677500
6450.75,6481.15,6423.86,6438.54,14420464300
6445.07,6524.3,6405.38,6523.13,15781996900
6535.45,6548.3,6435.74,6511.53,18662546900
6489.02,6496.97,6359.47,6418.55,17710450200
6414.41,6482.42,6380.17,6452.99,15735112300
6478.29,6490.15,6404.16,6404.44,15098669800
6387.45,6387.45,6274.74,6319.14,15199366600
6317.88,6346.51,6238.56,6241.48,14451309200
6238.68,6287.64,6207.72,6268.49,14271072300
6267.47,6339.42,6254.68,6302.43,14035405000
6279.68,6323.53,6196.8,6196.8,15838682800
6216.1,6315.66,6200.52,6312.36,15914462400
6318.84,6347.24,6283.4,6335.71,14638478000
6353,6416.87,6351.82,6410.71,14293257300
6400.07,6408.46,6347.6,6347.6,14821018400
6353.93,6371.32,6236.34,6289.53,13062066900
6297.1,6319.18,6213.47,6231.24,12945802900
6239.21,6319.25,6213.84,6307.96,11727654100
6301.61,6344.21,6286.35,6332.23,12043512700
6361.27,6393.73,6339.55,6348.17,13847342900
6356.52,6365.26,6285.72,6294.11,13792579200
6293.38,6350.04,6253.06,6347.22,12867901200
6288.61,6288.61,6095.06,6170,18290253900
6171.62,6261.91,6111.22,6124.31,14721340900
6160.49,6177.62,6080.1,6158.73,11364638100
6175.48,6274.27,6163.51,6270.51,12428444800
6266.57,6324.34,6249.62,6323.07,11613293400
6314.1,6344.84,6290.87,6341.48,11696665300
6331.41,6362.29,6298.86,6322.06,11889992800
6349.5,6439.36,6341.72,6439.36,14203828400
6425.11,6463.07,6416.29,6420.85,14039991700
6405.72,6462.54,6394.22,6442.81,13362748200
6446.76,6492.54,6440.38,6465.19,13584149500
6473.25,6501.36,6428.97,6493.51,14622031900
6481.37,6483.69,6448.75,6468.81,13045175900
6468.82,6477.31,6390.93,6391.72,14259085100
6381.34,6472.79,6363.22,6472.68,13373550000
6460.17,6475.82,6436.08,6466.4,13367637700
6470.69,6472.68,6277.99,6284.58,15810387200
6303.15,6327.09,6225.68,6322.7,14194636700
6331.08,6381.48,6286.52,6298.37,13040583700
6213.4,6310.99,6205.13,6310.4,12526884900
6309.58,6319.17,6248.14,6285.93,13210920000
6265.59,6280.19,6132.23,6155.75,14727540800
6153.29,6207.24,6118.58,6126.77,11857505400
6135.3,6176.17,6117.73,6149.43,10656438400
6147.71,6184.8,6122.62,6182.65,11747924400
6198.49,6292.53,6187.95,6291.57,12984604000
6269.99,6314.12,6256.61,6301.56,12016029200
6299.91,6309.9,6266.52,6272.57,11616426900
6275.9,6321.82,6254.26,6316.97,12138922800
6334.86,6343.77,6291.44,6300.42,11810631400
6214.91,6273.63,6206.93,6249.96,10912116000
6280.45,6282.69,6053.8,6107.8,14164350000
6091.42,6102.54,5954.5,5954.5,13717211500
5947.86,5967.65,5880.49,5913.15,10402541200
5949.34,6002.79,5940.58,5958.29,8881300000
5943.09,5998.7,5876.52,5978.58,10346364400
5938.1,6015.12,5931.73,5965.89,9986760200
5961.06,5986.82,5839.93,5889.6,10060943700
5841.58,5922.32,5798.28,5806.32,10324436000
5823.55,5920.05,5808.25,5920.05,9741802200
5910.05,5910.05,5769.52,5769.52,9369485300
5823.27,5856.16,5741.02,5771.88,9538579800
5764.15,5804.2,5714.06,5714.06,8554516800
5729.76,5758.04,5618.8,5635.71,9746934500
5642.48,5703.27,5606.99,5684.51,8657146900
5680.36,5820.45,5594.3,5820.45,10610175700
5789.66,5876.48,5780.18,5830.34,10572226800
5866.86,5996.04,5866.86,5973.44,11821224500
5952.38,6023.53,5945.43,6015.6,11146186900
6031.05,6074.37,5996.39,6035.67,10575019500
6021.8,6037.44,5970.44,5972.72,9388106500
5943.48,6035.55,5886.4,5948.86,10338824500
5959.21,5993.88,5928.92,5956.88,9682629500
5968.54,6061.21,5857.86,5896.9,11950108100
5864.02,5926.57,5785.41,5869.78,10704585400
5871.08,6016.92,5871.08,5971.6,11653007900
5978.28,6020.89,5962.97,5963,11708821900
5922.82,5934.8,5760.05,5781.8,13167633200
5745.08,5859.6,5743.56,5807.11,12701606400
5814.22,5942.14,5786.87,5941.15,13661677600
5925.65,6028.77,5916.06,5997.8,14233028600
5944.51,6018.42,5937.6,5996.72,10638690600
5996.31,6157.43,5996.31,6133.46,13870711100
6133.24,6166.19,6100.61,6141.41,13809240900
6139.89,6141.02,6095.44,6134.26,10826753100
6140.54,6182.34,6118.73,6120.83,10476225000
6085.28,6119.03,6061.81,6089.69,11640192800
6223.23,6249.35,6134.68,6138.62,17649212100
6140.19,6189.38,6104.93,6129.51,15948672500
6125.11,6236.38,6112.62,6236.38,14986096500
6238.58,6263.16,6190.01,6203.92,12977037600
6182.69,6217.2,6148.61,6217.2,12343019600
6213.09,6251.11,6181.55,6191.65,13118109300
6147.72,6196.65,6116.3,6189.71,11285438700
6178.16,6196.2,6100.11,6125.4,11608602400
6114.27,6140.11,6045.02,6115.6,11519351700
6126.6,6149.96,6099.75,6120.07,10020069900
6095.13,6107.07,6062,6087.86,10774234500
5999.85,6059.02,5970.09,6055.28,11794010700
6071.45,6173.85,6071.22,6163.82,15532447100
6156.77,6175.68,6118.9,6156.15,15464797200
6211.29,6229.83,6186.1,6186.1,15252332500
6177.92,6206.99,6154.21,6168.01,11550097500
6201.98,6227.21,6182.98,6215.12,17047721100
6202.52,6244.64,6185.49,6211.25,14937281500
6198.05,6243.9,6183.33,6204.01,13782124600
6199.16,6206.14,6168.78,6186.28,13105132500
6185.79,6213.52,6159.5,6192.3,16780682500
6181.24,6182.08,6146.26,6154.81,13409831000
6153.74,6154.3,6113.41,6121.66,10485751500
6122.43,6139.74,6084.08,6096.39,9508991600
6090.12,6108.96,6078,6101.88,8819045400
6071.96,6087.46,6036.05,6072.86,9391067200
6058.89,6081.44,5911.88,5936.48,10510620100
5919.03,5920.99,5857.86,5878.03,7862327300
5879.27,5892.91,5819.67,5845.84,6978343100
5867.72,5875.47,5761.98,5779.06,8223187300
5751.95,5805.51,5732.47,5763.35,6655686500
5769.07,5850.91,5769.07,5843.26,7542413300
5857.75,5891.35,5832.27,5885.66,8178042300
5869.46,5889.32,5848.24,5862.1,9009889800
5843.94,5895.98,5835.33,5857.4,7951079400
5875.28,5885.89,5848.95,5864.47,7534503200
5861.55,5964.82,5848.15,5955.9,9955783700
5952.51,5970.58,5922.86,5952.45,9716044100
5959.44,6017.34,5950.09,6010.46,9662997900
6004.17,6050.89,5998.84,6012.81,9924487700
6028.4,6070.16,6023.64,6040.02,10069682900
6044.64,6053.59,6017.15,6048.3,9639335100
6049.04,6070.45,6004.22,6014.16,9440638900
6022.56,6048.19,5995.91,6015.29,9290012400
6030.93,6058.23,6015.22,6057.69,9002502000
6068.91,6168.74,6068.14,6126.18,12961973000
6129.73,6138.17,6107.76,6132.64,9592169900
6139.69,6168.37,6136.97,6151.46,9455583600
6145.62,6204.33,6130.42,6204.33,9977779300
6214.02,6253.27,6214.02,6251.43,11390454200
6331.88,6342.45,6279.45,6283.33,14651792000
6266.3,6303.91,6259.53,6289.15,13530209300
6300.5,6368.79,6293.49,6365.9,15244222000
6383.3,6402.26,6347.73,6370.14,14929281100
6354.71,6354.71,6267.44,6343.69,12150718200
6314.6,6330.79,6274.54,6302.34,10848530800
6309.22,6318.84,6273.6,6317.24,10966268300
6319.52,6323.85,6263.76,6268.28,10599489500
6256.31,6354.8,6250.45,6354.56,10903111900
6349,6368.49,6296.55,6334.25,12010082900
6333.22,6386.72,6331.37,6383.83,13156622700
6394.62,6408.55,6369.57,6397.22,12467438900
6398.87,6407.75,6365.31,6384.35,11590702200
6384.22,6429.05,6244.48,6289.48,16838841600
6284.92,6308.57,6237.4,6237.4,11721098500
6248.26,6349.41,6227.35,6346.07,14033407500
6349.91,6396.74,6337.6,6383.43,14182471400
6352.03,6397.15,6344.99,6375.07,10908302900
6377.29,6396.66,6328.64,6360.32,11606465400
6367.63,6372.49,6308.22,6340.84,9695728100
6318.64,6349.09,6288.3,6307.21,10108273800
6323.84,6357.53,6293.18,6357.53,9660316300
6356.5,6410.52,6340.01,6402.14,12390763900
6398.26,6410.23,6375.01,6382.23,12534929700
6384.06,6398.47,6346.96,6390.32,12323477500
6398.1,6405.82,6362.47,6395.22,12684563400
6389.81,6396.54,6284.22,6284.3,13792886900
6264.43,6303.71,6258.32,6301.52,9869835700
6311.04,6311.34,6258.45,6285.95,9268891400
6251.56,6261.33,6202.61,6204.9,10805229000
6189.98,6245,6178.67,6245,10800655200
6237.73,6243.42,6127.69,6189.4,12120014500
6210.93,6254.49,6210.93,6224.64,11294852800
6191.3,6209.97,6133.83,6140.83,12763268500
6174.19,6233.75,6169.84,6183.18,13710833400
6195.35,6201.97,6152.81,6160.35,14558089100
6171.89,6235.01,6171.28,6234.68,12302533100
6244.36,6271.52,6242.16,6269.74,12826638600
6253.58,6305.76,6245.98,6305.76,12917964800
6312.43,6315.68,6279.54,6310.1,14102098900
6304.48,6320.66,6265.01,6311.6,14466486300
6314.58,6331.56,6272.72,6279.92,13915610400
6285.95,6294.3,6239.94,6260.55,13154828400
6257.64,6287.44,6213.98,6286.18,12321859900
6284.85,6343.23,6282.14,6339.82,12948983500
6346.69,6419.87,6346.69,6413.81,16392104800
6414.82,6423.31,6377.53,6408.9,15749175500
6387.23,6428.72,6382.03,6416.85,14406444800
6418.26,6470.09,6416.68,6464.47,12796462500
6474.94,6476.22,6395.38,6410.52,14513418700
6405.63,6421.49,6381.06,6420.88,14239910900
6415.7,6450.35,6407.2,6443.44,14944795600
6438.16,6451.79,6396.02,6404.65,15619957300
6420.31,6444.89,6390.92,6431.07,14530066800
6422.87,6459.24,6421.39,6459.24,16882307900
6448.76,6462.25,6422.05,6449.85,14347134100
6444.87,6456.15,6404.99,6416.97,14869977400
6408.81,6413.08,6376.35,6411.76,15050129400
6411.51,6411.51,6250.55,6250.55,16231329700
6250.96,6260.54,6184.71,6208.78,14769484500
6205.62,6208.4,6042.64,6118.15,16245927700
6095.13,6178.17,6093.2,6142.15,15216635400
6127.64,6190.25,6121.61,6157.94,14313611600
6151.64,6245.55,6151.64,6241.24,16787648200
6223.23,6264.52,6218.78,6262.39,20248797000
6255.7,6256.23,6172.69,6200.58,17826101700
6202.68,6259.69,6200.15,6248.58,20271825500
6242.66,6274.9,6177.65,6181.98,22438946700
6167.14,6199.16,6137.15,6173.81,17545372700
6185.67,6190.39,6151.07,6154.47,14606494600
6138.94,6173.91,6088.22,6091.65,14041066400
6094.68,6159.39,6036.81,6159.39,14984358300
6159.17,6159.17,6095.69,6110.83,12184111600
6097.98,6137.02,6090.88,6122.05,10726634900
6132.52,6153.99,6101.24,6128.18,12294211100
6116.84,6149.14,6085.04,6117.08,11930489600
6111.85,6136.86,6086.23,6115.31,11271568200
6114.21,6117.36,6052.43,6052.43,11110424400
6032.69,6058.4,5988.03,6005.79,10722341400
6000.22,6028.64,5926.2,5988.19,10992283200
5983.14,6045.13,5953.88,6034.98,10638158800
6046.54,6058.92,6012.4,6025.15,12513941700
6008.46,6061.31,5960.34,6061.31,12731201700
6044.02,6063.19,6009.25,6047.8,11747610600
6028.8,6094.24,6008.27,6051.46,12625031500
6061.91,6115.07,6061.91,6105.22,12230673800
6102.13,6107.12,6075.59,6097.11,11574795300
6088.66,6089.07,5969.3,5983.42,12304538700
5982.31,6010.03,5969.16,5987.01,9359789200
5971.73,5992.97,5922.39,5966.15,10898163200
5968.7,6017.28,5960.11,6009.58,12755343200
5999.62,6045.66,5987.27,6027.71,11361247100
6016.69,6047.06,6014.06,6044.04,9868029800
6046.44,6064.29,6034.47,6044.08,10968902100
6049.47,6100.23,6046.16,6096.81,11841773400
6094.84,6154.93,6091.19,6148.01,11534956800
6148.85,6148.85,6126.39,6131.39,11378720900
6122.74,6144.01,6100.14,6126.11,10663083200
6104.25,6104.25,5990.79,5990.85,10644776600
5947.57,5970.61,5875.94,5887.03,11108179100
5897.69,5956.18,5884.95,5948,9303915500
5945.65,5951.13,5857.13,5942.31,9394430200
5928.71,5964.86,5924.28,5940.58,8837685700
5931.87,6016.45,5927.94,5998.73,9450466800
6009.27,6056.16,5997.85,6042.31,11307590500
6042.72,6059.57,6027.29,6055.26,10558376500
6050.35,6059.38,6011.87,6020.82,10412904100
6010.65,6042.3,5983.48,5988.55,9396503800
5973.98,5994.28,5936.23,5961.61,9411834600
5980.61,6003.4,5958.73,5984.28,8516856400
5991.02,6029.23,5972.14,6029.23,8453189700
6030.65,6033.58,5960.43,5962.79,9669224100
5986.25,6049.06,5986.25,6044.06,9965639800
6052.95,6055.53,6026.33,6030.52,9496319700
6012.77,6018.07,5985.44,6012.69,8842021200
6015.98,6027.61,5984.06,6001.8,8771991000
5998.38,6017.45,5962.99,5993.41,7779103400
5996.84,6009.43,5920.15,5925.48,9119536800
5914.35,5961.05,5904.79,5925.63,8197530700
5913.57,5954.24,5896.45,5916.71,7592800100
5976.97,6016.75,5971.73,6016.63,13189639200
6014.76,6015.58,5984.39,6001.54,12182521900
5998.85,6017.67,5952.89,5961.18,12300082500
5945.91,6049.76,5932.06,6043.24,16317187100
6059.11,6133.72,6059.11,6088.24,18655110300
6086.9,6113.98,6077.1,6098.88,18758860000
6088.14,6111.24,6059.86,6077.47,14715452900
6062.64,6101.81,6047.68,6098.69,14647901100
6126.15,6164.15,6105.64,6128.56,19694350100
6115.84,6117.92,6072.53,6090.73,14531913700
6077.3,6088.1,6044.24,6066.1,12154572800
6049.45,6062.02,6012.25,6021.75,9880917400
6013.35,6040.46,5999.56,6031.71,9984263800
6030.05,6030.05,5913.35,5913.35,11307200700
5864.48,5919.8,5833.46,5916.8,10367570600
5919.77,5926.42,5830.97,5879.78,9241738100
5858.6,5891.81,5833.22,5833.22,10495042500
5808.91,5882.15,5778.53,5874.36,11357638400
5875.11,5891.4,5777.8,5777.8,10293184500
5764.67,5802.51,5710.78,5710.78,9283569800
5733.26,5754.57,5646.51,5741.06,10617519300
5732.39,5732.39,5629.5,5629.5,9418672500
5650.36,5701.32,5619.33,5652.67,10808677100
5624.77,5648.62,5560.22,5581.21,10624160200
5885.88,5887.51,5631.69,5644.14,18574561900
5631.01,5789.96,5626.52,5770.32,16085189500
5780.28,5817.73,5753.22,5775.15,13600438400
5770.95,5777.42,5728.47,5739.4,11633513400
5746.41,5775.18,5732.97,5750.8,10417910300
5772.03,5829.78,5758.03,5829.78,13564887300
5819.97,5822.06,5779.37,5788.72,10651765800
5771.85,5800.97,5748.65,5790.38,9048050200
5782.07,5782.07,5701.8,5702.7,9292051800
5684.66,5732.38,5683.4,5708.62,7952002800
5723.02,5802.2,5704.7,5774.73,11283713700
5774.47,5793.83,5763.3,5770.93,8604120700
5764.82,5770.41,5681.5,5715.4,9147247300
5714.68,5721.21,5679.2,5702.1,9024779200
5716.29,5741.07,5680.9,5704.66,9837596400
5685.85,5734.19,5665.58,5719.69,9230572200
5713.49,5713.6,5670.42,5687.9,8511210200
5677.93,5689.82,5651.01,5651.01,7763415800
5638.44,5666.7,5609.21,5611.92,8193150900
5606.84,5700.32,5603.81,5698.82,10411898200
5694.9,5699.15,5659.32,5666.66,9334071900
5661.03,5682.28,5646.65,5646.65,7430961500
5642.39,5701.51,5641.85,5674.35,8108624000
5687.64,5704.62,5677.53,5690.77,7947733800
5679.64,5680.95,5634.35,5658.08,9002983600
5665.66,5678.46,5627.41,5630.37,8772642500
5639.07,5674.25,5617.87,5629.79,9064482600
5655.61,5677.82,5642.49,5671.64,10050298600
5645.44,5646.07,5616.85,5633.38,8939170200
5633.3,5636.32,5559.42,5580.67,8986755000
5585.15,5599.42,5556.57,5595.34,9251673700
5586.02,5586.02,5519.46,5524.6,9895356200
5496.76,5529.87,5463.65,5464.03,10807833500
5443.46,5473.21,5413.02,5423.68,9493611500
5400.54,5400.79,5269.83,5290.33,10308312600
5311.67,5363.19,5290.51,5352.01,11474572900
5386.43,5423.01,5376,5376,11492124400
5351.16,5404.99,5337.49,5398.93,10248504400
5387.27,5514.31,5380.94,5492.03,11254280400
5484.62,5559.78,5483.16,5546.39,12303418500
5547.32,5554.19,5505.93,5528.24,10567937500
5534.89,5534.94,5496.83,5509.97,8718578500
5514.52,5532.85,5457.74,5459.45,9020264500
5462.14,5537.73,5462.14,5510.36,9799057600
5549.29,5609.26,5549.29,5605.06,13924104600
5594.47,5631.1,5578.51,5611.1,12057932100
5602.97,5633.97,5577.39,5608.02,12299455800
5602.49,5638.08,5582.12,5592.06,10636280000
5577.34,5585.21,5550.82,5573.1,9432402400
5589.06,5605.57,5565.09,5605.57,10215893200
5602.98,5639.19,5600.78,5630.55,10107313600
5677.55,5684.75,5649.72,5664.62,11308793700
5647.06,5652.4,5609.36,5609.36,9466267700
5598.95,5632.39,5593.49,5631.42,8942234200
5635.59,5669.39,5609.27,5659.77,10310507200
5669.16,5696.09,5634.27,5641.08,11486120500
5622.86,5639,5572.9,5572.9,10471840800
5566.73,5627.8,5548.97,5622.99,9804243200
5619.32,5619.32,5556.71,5570.42,10124804400
5562.75,5579.72,5531.65,5566.51,9821865300
5561.58,5594.72,5529.53,5591.5,8937327200
5588.77,5593.37,5547.84,5553.34,8950915100
5548.52,5560.33,5509.97,5545.05,8784150500
5541.23,5576.73,5521.06,5566.87,9337170800
5578.42,5590.84,5559.07,5559.07,9930654300
5542.87,5542.87,5460.41,5460.41,9129824800
5448.46,5513.09,5443.07,5481.82,8837399700
5475.27,5501.48,5443.29,5481.14,8904868700
5484.68,5522.06,5477.53,5497.99,11812377400
5473.65,5574.12,5429.44,5564.85,11860591100
5560.44,5576.01,5545.16,5566.18,8423233100
5557.05,5558.06,5507.51,5507.51,7592989400
5532.99,5557.37,5487.75,5489.33,7411809700
5499.37,5516.22,5438.53,5449.79,8012541800
5436.99,5448.08,5374.59,5385.27,7802249300
5380.73,5406.96,5344.03,5379.87,7032372200
5386,5388.46,5308.57,5309.29,7538709700
5286.45,5352.51,5253.31,5338.76,8152231800
5337.38,5366.23,5293.22,5311.69,9038700400
5301.57,5339.66,5288.47,5315.38,6591877200
5312.8,5313.92,5238.04,5258.28,6753200700
5261.57,5293.8,5235.46,5285.53,7539791800
5280.69,5400.24,5275.4,5382.8,10769923900
5376.98,5437.15,5374.69,5429.23,9093176600
5431.48,5439.48,5409.45,5409.45,9296474700
5398.29,5428.52,5373.83,5401.4,8670522900
5395.14,5395.14,5331.89,5355.32,7884656800
5347.07,5373.68,5260.59,5281.87,8953888400
5268.23,5268.98,5167.7,5167.7,8378515500
5176.11,5220.46,5153,5180.65,7874041800
5167.73,5211.82,5118.43,5158.08,7117394600
5152.36,5243.14,5146.9,5223.86,8504129500
5213.14,5262.62,5206.16,5206.18,7661983100
5189.53,5238.96,5171.24,5193.3,7392509700
5188.37,5210.08,5124.08,5190.4,8307037100
5180.93,5180.93,5061.54,5061.54,7874184900
5033.1,5069.23,4924.68,5066.96,11875105500
5056.48,5084.29,5014.77,5018.43,7846738300
5008.68,5008.77,4753.63,4780.98,10970849200
4771.5,4889.42,4727.88,4865.74,9994471800
4886.2,4941.44,4766.8,4933.7,11402580500
4931.63,5074.49,4910.96,5073.18,13230776600
5055.29,5086.13,5009.97,5027.09,11700983600
5032.11,5050.11,4927.91,4927.91,11687665700
4898.36,4939.35,4810.1,4814.99,9967581100
4786.81,4832.4,4690.94,4696.98,12109315800
4667.91,4771.05,4629.99,4678.73,11147191000
4686.1,4724.05,4435.56,4563.22,13750183200
4527.71,4598.06,4281.24,4460.26,16595833700
4411.3,4817.12,4405.31,4805.9,17305833500
4813.95,5110.8,4813.23,5109.57,22719893400
5131.8,5367.22,5129.78,5150.23,21367612300
5225.14,5225.14,5074.76,5141.6,16294989300
5107.57,5151.72,5072.88,5140.96,12164637900
5101.41,5252.88,5074.82,5139.04,15087250100
5133.55,5184.62,5117.68,5176.34,11661480600
5190.65,5197.71,5118.57,5197.71,13526500400
5194.74,5255.36,5162.95,5195.46,14401894400
5174.82,5307.8,5160.88,5307.8,13897175100
5311.43,5383.32,5184.05,5184.05,20256098500
5154.15,5349.77,5154.15,5346.79,16079016500
5350.86,5387.78,5321.56,5379.05,14229839500
5386.94,5400.12,5325.96,5388.82,14392846900
5358.22,5382.98,5329.97,5351.83,14081647900
5332.83,5405.49,5293.95,5350.1,12109956400
5354.33,5384.66,5277.3,5277.3,13983134200
5282.41,5361.71,5268.53,5349.6,12146797800
5342.18,5443.04,5339.26,5441.05,14298173200
5445.88,5473.29,5385.14,5423.72,14707253600
5430.04,5459.32,5389.52,5415.11,12974630100
5415.15,5447.54,5352.12,5392.93,13188735700
5380.02,5456.73,5357.18,5454.15,13640503000
5472.31,5528.45,5459.55,5528.45,15986263800
5514.55,5533.64,5477.12,5478.23,14677724000
5469.61,5499.24,5455.76,5493.41,12627326200
5505.7,5517.46,5454.23,5465.83,12948945800
5454.41,5463.54,5356.11,5384.57,13709602900
5369.78,5401.6,5292.64,5294.75,13077825400
5291.52,5318.88,5237.9,5284.42,11646811200
5280.73,5282.69,5156.68,5156.68,11010714200
5156.48,5276.64,5156.48,5223.81,11631819200
5220.55,5287.04,5211.19,5286.16,10904714900
5309.83,5401.78,5309.83,5401.23,13673485400
5395.48,5402.16,5353.31,5381.23,13214864200
5373.5,5386.34,5350.16,5374.6,13362805300
5358.96,5383.66,5297.56,5298.59,14858855900
5294.47,5342.9,5284.96,5342.9,11330074500
5335.73,5335.73,5242.86,5275.47,11790861800
5244.05,5353.81,5240.51,5301.81,12774514300
5307.72,5336.45,5270.46,5277.22,11852493300
5270.04,5376.05,5219.43,5339.72,15921762400
5309.1,5346.76,5184.65,5191.55,16258397300
5211.25,5339.75,5211.25,5339.75,14759455200
5317.8,5410.7,5299.23,5349.84,15349768200
5322.36,5369.95,5292.02,5314.87,14213421600
5289.41,5340.63,5264.19,5267.58,13526688200
5257.77,5280.06,5196.95,5208.27,12580112000
5210.18,5263.04,5183.7,5263.04,11729722000
5240.48,5297.16,5229.82,5259.34,11083392900
5258.39,5379.67,5258.39,5372.12,17377770100
5371.21,5488.28,5371.21,5478.49,19093605500
5471.17,5478.03,5436.57,5441.14,16279734400
5498.44,5535.95,5496.91,5528.6,16579162600
5532.32,5543.12,5507.5,5527.09,13653540200
5516.45,5516.45,5454.87,5458.76,12395562100
5461.36,5568.73,5461.36,5556.77,13112123000
5562.19,5570.56,5497.5,5535.4,12868803000
5503.13,5527.2,5462.51,5505.26,13162758800
5508.47,5538.74,5484.96,5500.74,11899439900
5495.56,5497.08,5441.35,5446.66,11012498900
5461.11,5475.37,5408.12,5424.66,12210811900
5418.66,5493.2,5409.7,5491.89,12691616800
5496.79,5536.66,5484.36,5523.5,14497144800
5511.48,5513.42,5460.98,5478.91,10869119200
5472.01,5486.31,5455.08,5468.61,11305778200
5448.94,5448.94,5352.39,5362.31,12665756900
5348.51,5400.16,5311.49,5313.45,10656417500
5325.85,5373.11,5284.51,5371.37,11564322900
5363.33,5365.47,5310.32,5316.13,11096537300
5308.59,5361.74,5305.96,5328.31,10436126700
5316.4,5349.69,5296.49,5308.66,10735018700
5310.72,5357.02,5308.54,5308.54,10415114700
5300.79,5316.34,5232.69,5274.07,12696851500
5263.23,5352.28,5247.58,5341.95,10808314400
5328.87,5347.43,5277.94,5277.94,10579275700
5291.52,5305.88,5213.66,5228.8,13336823100
5247.15,5258.82,5172.05,5208.98,11352747800
5182.41,5232.85,5159.33,5217.47,11643711600
5209.13,5245.99,5205.57,5232.95,10306556900
5231.91,5233.8,5182.74,5194.59,11823276400
5180.29,5235.88,5163.38,5213.09,13399862000
5189.28,5223.59,5184.6,5207.13,10797066400
5207.98,5243.59,5204.97,5230.89,9409090300
5235.48,5236.3,5168.82,5168.82,8784959000
5162.16,5184.75,5092.29,5094.56,9560900300
5079.92,5128.14,5071.65,5102.33,8383890700
5072.8,5078.95,4986.77,4992.91,10018664600
4989.07,5007.34,4918.04,4948.63,9163677900
4942.16,5024.77,4915.66,5020.43,9339462100
4998.99,5000.18,4925.16,4928.05,8853718700
4914.67,5003.41,4914.55,4942.78,10630834200
4943.79,5017.61,4929.09,5003.16,9731279300
5000.58,5002.74,4934.12,4949.48,9620933400
4945.4,4950.52,4905.39,4910.93,8452833100
4917.44,4935.61,4827.34,4834.5,9100846600
4828.86,4877.93,4794.13,4866.27,8313327900
4857.02,4857.27,4768.56,4783.62,9025450000
4775.31,4888.48,4745.32,4876.9,11140196800
4857.48,4891.37,4836.17,4844.16,10095318600
4902.81,4941.7,4871.17,4939.73,11527549400
4926.98,4937.35,4905.8,4919.36,9717510600
4903.52,4903.52,4868.74,4883.9,8682431200
4877.6,4907.83,4850.43,4898.36,8726797800
4893.41,4900.36,4853.6,4856.58,9690954700
4822.13,4879.69,4793.43,4877.69,9665475000
4853.04,4900.38,4842.93,4872.05,9329074600
4872.64,4885.36,4839.11,4865.98,9271045800
4862.97,4862.97,4722.8,4722.8,10240371200
4712.29,4738.76,4661.83,4668.06,11267463500
4644.42,4710.46,4635.24,4665.45,8860007400
4670.45,4744.45,4670.45,4736.38,8647204900
4740.5,4742.15,4702.98,4708.84,8110203900
4694.52,4712.04,4650.56,4699.28,8335338200
4694.73,4887.92,4687.05,4886.41,14318091900
4893.87,4928.24,4834.65,4852.97,11321339300
4816.94,4874.71,4783.11,4788.62,9852984400
4756.08,4846.54,4693.82,4693.85,11333814800
4740.45,4774.93,4699.18,4750.78,10777477000
4747.98,4783.42,4719.94,4751.94,9698948100
4737.09,4791.66,4701.79,4755.81,10430925300
4778.26,4805.1,4720.31,4720.31,10881958600
4716.96,4737.19,4696.05,4714.16,8910083200
4713.96,4731.84,4680.59,4731.84,8136517300
4729.81,4730.24,4667.07,4667.07,7458803000
4656.69,4746.41,4647.8,4698.38,9097329300
4703.6,4708.02,4662.11,4670.38,8737958000
4666.33,4729.87,4666.26,4682.96,8713686700
4684.3,4686.36,4590.39,4602.01,9184614600
4589.09,4610.87,4582.27,4587.12,8352691000
4589.5,4595.05,4526.25,4533.37,8585686800
4523.99,4549.3,4513.2,4537.09,7577836400
4542.86,4558.59,4523.73,4544.36,8711829600
4532.49,4532.49,4487.09,4495.29,8252920500
4486.43,4527.77,4482.03,4500.01,8268119900
4483.55,4577.79,4475.22,4557.9,10311556200
4557.5,4704.34,4548.38,4639.11,15159336100
4631.9,4632.31,4546.84,4546.88,12636851700
4543.22,4612.28,4543.22,4596.48,9858968600
4567.69,4623.38,4552.3,4582.08,9243568500
4585.17,4630.64,4582.05,4601.09,8058372300
4609.34,4613.31,4535.35,4537.45,9014759600
4517.57,4541.79,4487.84,4507.19,9194460800
4509.32,4528.67,4432.91,4507.71,9852954200
4490.19,4529.35,4479.03,4514.92,8520684200
4518.99,4568.75,4496.59,4496.59,8665430400
4500.4,4509.07,4450.96,4450.96,9253375700
4450.09,4474.72,4397.16,4462.87,9098968300
4481.46,4565.39,4437.54,4520.39,11561186800
4514.96,4515.81,4471.94,4498.39,9431204400
4495.78,4545.54,4483.13,4494.69,8993522700
4524.22,4690.57,4503.12,4689.6,17714470300
4743.63,4847.2,4724.43,4731.48,20459351900
4726,4938.18,4719.35,4938.18,22993032300
5027.26,5227.96,5021.52,5201.67,23017750800
5449.79,5757.92,5387.34,5743.22,38870320000
6417.81,6417.81,5868.85,6155.58,49354642000
6013.7,6088.08,5704.48,5735.64,43115641600
5768.61,5875.94,5597.48,5690.88,35348024500
5650.05,5652.85,5408.87,5470.81,24438337300
5503.65,5623.97,5408.39,5608.15,25060854100
5578.26,5661.07,5471.88,5472.56,23899701900
5393.67,5546.18,5393.67,5461.09,20545092600
5499.77,5541.03,5417.88,5418.99,20276868500
5416.03,5774.14,5404.2,5640.02,28711421900
5680.56,5797.88,5631.23,5704.23,26688518600
5703.32,5779.3,5673.79,5753.85,23702362400
5745.11,5853.46,5727.77,5776.38,27341264000
5747.56,5759.86,5694.78,5726.7,20769004600
5735.28,5855.27,5729.44,5809.69,23672570800
5816.33,5883.72,5787.48,5883.72,27065378700
5903.31,5917.22,5807.29,5812.53,27537114300
5793.83,5869.11,5777.43,5837.93,25202127500
5839.98,5935.18,5812.03,5901.29,31354920200
5893.32,5934.2,5795.08,5831.82,36984064100
5835.39,5928.91,5835.39,5928.91,28655229400
5925.86,6119.25,5910.89,6111.97,36634449200
6134.92,6204.53,6081.81,6125.79,41518773700
6061.73,6240.76,6049.59,6239.56,41841332300
6306.8,6333.68,6206.3,6222.44,38564834700
6211.03,6330.81,6199.06,6330.61,33409692100
6349.23,6382.98,6205.1,6263.88,33285691900
6234.16,6282.28,6162.9,6259.84,26040067300
6240.61,6240.61,6068.66,6078.31,23974313800
6055.53,6093.42,5924.35,5924.48,23622604200
5940.49,5977.49,5799.91,5833.04,28252722400
5836.61,5936.94,5776.2,5936.6,24140421500
5920.32,6015.23,5909.11,5992.39,21734522400
5973.15,6009.63,5937.81,5985.31,20619894100
5969.07,5983.34,5750.25,5750.25,22506673700
5754.55,5774.82,5662.1,5735.65,18600506000
5727.37,5773.36,5688.58,5690.48,14756286500
5669.56,5805.64,5604,5804.94,17531330200
5802.8,5826.49,5749.29,5757.6,17218353700
5748.17,5899.87,5736.41,5851.94,20425554400
5853.7,5956.6,5848.42,5943.62,23618130800
5946.73,5954.66,5877.8,5932.12,20987050900
5929.48,5940.85,5850.91,5879.27,21599163400
5855.74,5923.62,5853.53,5901.99,19854223600
5903.5,6011.77,5877.04,5979.2,26532953600
5983.33,6004.23,5911.36,5947.11,28446220900
6132.29,6141.07,5982.58,5992.09,32052782300
5973.33,6051.47,5972.27,6047.1,25388394100
6048.78,6107.72,6023.23,6100.4,24365369000
6065.95,6065.95,5988.29,5988.29,28632819800
5983.16,5991.58,5888.04,5912.6,21464744100
5896.97,5924.62,5837.25,5848.16,19310854700
5861.26,5921.98,5853.16,5888.62,18799629000
5829.26,5918.49,5816.47,5901.92,19653119400
5889.95,5962.41,5889.95,5917.18,17809039900
5917.69,5935.15,5815.34,5818.55,17731548600
5827.16,5897.19,5827.16,5895.26,16736582400
5896.43,5897.51,5796.65,5840.29,15727913200
5830.72,5897.48,5830.72,5887.06,14531944400
5892.69,5975.79,5881.72,5899.17,17908549800
5890.46,5928.57,5867.85,5898.88,15556558600
5902.03,5905.46,5725.73,5725.73,18215885500
5717.92,5722.11,5498.82,5545.82,19376315700
5552.75,5581.4,5419.74,5427.8,17407731000
5421.06,5482.62,5384.33,5427.1,14626565800
5429.17,5485.59,5405.13,5484.69,14506527800
5462.32,5501.66,5326.93,5461.59,16384991500
5437.81,5493.68,5436.7,5456.59,12983262700
5449,5496.38,5369.28,5369.28,13017955300
5319.7,5422.01,5319.27,5381.7,11968293700
5393.76,5582.84,5378.59,5572.27,17214286000
5559.58,5569.19,5509.58,5522.46,13839324300
5546.7,5633.85,5508.91,5545.63,14931808500
5524.2,5621.94,5519.41,5587.29,12669117400
5621.93,5665.18,5598.16,5614.33,13571250700
5639.6,5642.92,5573.5,5633.93,12649130000
5606.85,5618.58,5567.78,5607.06,11537499600
5659.37,5717.69,5584.26,5584.26,16341998700
5570.48,5660.43,5570.48,5649.95,13943805800
5660.48,5676.03,5589.34,5589.34,13654605600
5643.18,5646.04,5588.56,5614.39,15567414100
5606.87,5749.02,5597.32,5747.9,18142819300
5750.29,5889.43,5741.73,5833.99,23271886300
5858.24,5895.41,5836.17,5888.55,20930090500
5890.37,5890.37,5827.38,5858.28,18192050800
5841.36,5940.54,5841.32,5940.53,19544615500
5938.2,5957.58,5889.69,5898.26,22828183900
5893.93,5954.48,5886.95,5947.8,21191426100
5979.85,5985.36,5906.27,5948.72,23390168900
5935.5,5947.93,5816.05,5840.71,21494148200
5834.95,5945.35,5831.48,5943.88,20529830500
5941.6,5977.73,5920.57,5957.55,19820741100
5969.65,6061.82,5943.19,6057.06,25231712800
6057.38,6079.02,6007.18,6044.97,24381379800
5967.04,6044.76,5956.18,5979.97,20683395300
5990.29,6055.87,5973.86,6051.74,21086089800
6050.19,6064.49,5940.34,6028.99,21665293000
5997.92,6007.47,5847.15,5859.87,20522381400
5875.95,5964.27,5851.56,5885.77,18502458100
5845.47,5943.08,5843.46,5937.63,15392221100
5937.11,5955.9,5892.53,5950.7,16307150000
5980.38,6062.54,5972.6,6047.77,21304285200
6029.38,6067.35,5989.32,6013.77,20743714900
6022.68,6041.52,5971.81,6013.62,17304433600
5944.42,6044.97,5942.91,6044.97,17385564300
6068.38,6098.23,6038.82,6040.5,18476353700
6032.85,6050.18,5947.78,5993.97,19371071700
5993.97,6099.98,5978.53,6099.98,21924583400
6119.61,6129.85,6098.51,6108.02,18431727300
6126.04,6161.23,6114.21,6133.3,16602304300
6117.42,6128.23,6076.56,6101.44,15389378000
6094.84,6109.18,6055.38,6059.49,14718786500
6038.99,6071.09,5951.8,5971.93,17410378500
5973.05,5987.06,5882.88,5969.08,16919243500
5969.42,5993.93,5929.67,5946.95,14748394800
5935.85,5983.47,5935.85,5948.5,13670211100
5932.52,6000.66,5891.77,5957.6,13470890400
5954.73,5973.8,5904.92,5916.03,13426192700
5886.96,5908.3,5802.42,5857.77,15425609000
5870.94,5931.5,5867.85,5892.85,13644860200
5884.89,5936.65,5884.11,5899.09,11215996000
5842.62,5906.71,5817.97,5845.51,13493862500
5523.96,5587.85,5212.68,5287.03,23652265600
5279.76,5371.18,5249.23,5326.91,22384066500
5249.68,5465.15,5135.97,5439.77,24511802700
5534.56,5610.19,5513.95,5544.06,21196303500
5514.19,5631.6,5510.9,5581.32,16441166300
5633.78,5661.81,5608.73,5627.14,15548707700
5625,5626.68,5567.03,5602.53,12327370800
5589.78,5592.67,5492.65,5556.86,13253722400
5527.59,5604.62,5526.89,5557.01,11365238200
5546.97,5579.48,5525.4,5560.72,11164425800
5556.51,5646.22,5535.7,5642.38,12311188300
5634.89,5651.55,5617.88,5624.21,12466668900
5647.91,5670.26,5614.77,5634.95,12700776400
5633.02,5651.53,5583.43,5605.88,12269669600
5613.14,5661.59,5596.53,5627.18,14000080000
5624.42,5628.08,5587.79,5598.3,13621809400
5583.72,5622.02,5571.24,5604.91,12674292700
5604.65,5647.78,5603.17,5631.82,13838662100
5668.88,5740.33,5666.47,5740.33,16277360600
5805.66,5819.24,5713.27,5750.29,17101175700
5731.72,5783.79,5724.95,5773.81,13614032200
5770.44,5770.44,5705.16,5721.72,12393900700
5751.44,5794.52,5737.46,5793.67,13582436700
5838.03,5838.03,5772.07,5781.67,13827108100
5778.08,5835.49,5750.54,5799.12,15627999400
5786.78,5786.78,5715.29,5715.3,13516076800
5703.73,5735.01,5703.73,5715.85,11670913600
5719.44,5729.07,5669.72,5720.8,11538493900
5723.51,5759.46,5707.81,5747.37,11689661500
5741.69,5763.08,5733.83,5757.92,11580454200
5739.19,5757.8,5701.16,5703.28,10905772000
5697.14,5738.08,5653.04,5653.04,11436119800
5653.21,5693.62,5644.58,5669.46,9717098900
5666.3,5667.87,5629.13,5652.15,9514936300
5651.88,5660.47,5628.42,5637.24,9490888300
5637.06,5724.52,5637.06,5719.91,11468248400
5704.77,5704.77,5665.52,5671.07,10990070700
5653.68,5710.42,5653.3,5694.84,12285390300
5696.57,5744.45,5696.57,5739.01,11619607700
5741.03,5778.1,5719.55,5769.97,12522358400
5768.4,5771.76,5750.66,5762.08,10821766000
5772.78,5823.9,5765.35,5805.65,12818861900
5809.83,5810.92,5715.97,5757.99,13826918100
5758.53,5818.57,5758.53,5792.95,12371670700
5780.97,5808.81,5766.52,5799.93,12561584600
5783.16,5794.67,5728.21,5740.24,16761337400
5725,5775.95,5725,5767.81,12824265800
5772.3,5776.63,5734.83,5750.91,12152662400
5740.16,5753.71,5709.8,5745.87,11270384400
5733.81,5750.46,5660.05,5676.83,12553113400
5669.09,5688.74,5636.78,5639.51,10179476600
5613.28,5684.4,5613.28,5674.17,11160180200
5683.46,5766.02,5683.46,5765.84,14208225600
5777.74,5866.52,5776.12,5862.55,18463231000
5868.29,5885.25,5835.34,5838.24,18016416300
5850.43,5905.7,5839.58,5863.73,19938972500
5877.68,5918.31,5872.23,5915.39,16627514700
5915.8,5936.92,5890.11,5934.67,15419236500
5922.54,5922.54,5873.89,5892.95,16250048500
5896.24,5929.73,5885.94,5922.66,13007004600
5917.75,5969.3,5889.73,5911.44,16494106000
5901.4,5910.8,5889.6,5900.41,13720736200
5903.1,5979.63,5903.1,5977.74,16868114200
5980.65,5992.14,5940.18,5953.49,16491440200
5950.97,6000.69,5942.29,5983.05,17624260700
5985.82,6057.62,5963.26,6027.08,22236309800
6033.18,6042.89,6011.69,6020.86,18927744400
6018.63,6049.79,5973.8,6018.76,18973623400
6019.58,6061.2,5997.16,6017.19,14861006200
6013.71,6082.46,6013.04,6082.46,14969265800
6092.23,6112.11,6073.64,6099.61,15315220400
6115.03,6162.44,6110.99,6161.31,20735050700
6166.62,6215.41,6152.81,6213.41,24621164200
6218.21,6256.15,6187.01,6196.76,25837789600
6197.85,6293.6,6197.85,6293.6,26835556400
6297.63,6311.17,6276.42,6299.59,23705532800
6305.23,6329.03,6271.93,6323.42,21444826700
6308.12,6356.15,6272.31,6356.13,20175762900
6345.37,6368.27,6269.51,6314.69,21212841100
6297.91,6322.06,6206.19,6226.34,22421423700
6221.05,6253.66,6177.48,6213.2,16590719100
6190.34,6261.96,6187.62,6261.73,14859148000
6277.01,6303.24,6272.51,6303.24,15420666500
6298.93,6357.59,6293.23,6357.38,16602763800
6356.33,6366.21,6299.49,6337.54,17044640000
6324.18,6351.34,6308.15,6323.5,17250752600
6335.43,6404.83,6335.43,6391.76,17490919900
6392.4,6418.16,6360.11,6418.16,16835191800
6422.79,6514.46,6422.22,6508.1,21602242300
6509.21,6519.79,6411.92,6429.85,22895316800
6417.39,6570.5,6417.39,6568.57,24521724000
6612.99,6709.78,6580.44,6668.17,30244822900
6663.16,6707.11,6631.12,6655.31,25283927600
6623.61,6728.07,6598.55,6728.07,24423390700
6739.69,6767.32,6673.06,6704.17,24254016400
6704.03,6823.36,6704.03,6822.85,25678382000
6886.27,6967.8,6863.93,6951.9,33382894500
6928.29,7008.96,6910.41,6964.06,28153238200
6964.77,7074.63,6862.56,6862.56,32806018300
6858.5,7011.16,6798.93,7011.16,30806178600
7030.27,7078.92,6990.75,7043.94,28091581400
7087.73,7110.69,7038.34,7110.29,28590831100
7108.94,7108.94,6909.72,6961.69,29403653900
6988.02,7003.27,6846.18,6868.46,25908326600
6884.36,6906.69,6607.98,6698.45,27034189400
6709.15,6919.34,6678.6,6913.95,24085745700
6927.41,6995.72,6896.66,6992.12,24417430400
6959.94,6999.73,6895.51,6928.97,22584355700
6911.11,6977.77,6870.4,6932.11,18992286700
6924.3,7123.05,6889.59,7122.7,24395106100
7115.61,7200.16,7112.42,7147.75,26656750800
7170.41,7174.89,7126.83,7137.36,23826572400
7152.19,7195.43,7080.43,7190.99,24234918300
7184.26,7265.39,7159.67,7260.03,25826444900
7248.28,7350.98,7115.63,7199.88,34858954100
7200.69,7232,7142.06,7170.35,27150719300
7182.89,7225.86,7143.07,7225.13,23185806900
7240.85,7250.82,7045.56,7180.71,28128363400
7140.31,7327.02,7133.43,7323.71,24006493800
7325.66,7379.61,7312.35,7341.32,23617503000
7311.84,7351.79,7237.05,7240.91,21144414800
7251.52,7377.22,7216.74,7350.56,23353941800
7372.52,7428.03,7372.06,7412.37,22070750200
7470.05,7559.09,7437.32,7548.92,28313078400
7499.39,7509.12,7373.98,7398.22,26225664600
7135.1,7391.82,7135.1,7376.56,25802781700
7434.11,7459.02,7166.08,7194.85,27735887300
7205.74,7294,7153.42,7294,21755977700
7269.26,7305.95,7206.44,7231.53,19493637000
7226.42,7254.58,7009.89,7016.07,20004411300
7092.88,7129.99,7033.38,7069.64,17683419200
7095.62,7193.73,7082.3,7185.62,20597382900
7135.21,7166.56,7101.83,7128.48,16974325400
7108.85,7153.66,7022.3,7142.95,18893373200
7175.92,7258.53,7174.35,7258.53,19532393300
7336.2,7391.21,7302.02,7379.39,23205182100
7344.45,7404.76,7308.27,7341.03,20211846300
7350.76,7480.97,7350.76,7480.97,22384413300
7462.43,7463.65,7375.24,7385.71,24341203600
7385.74,7430.86,7331,7331,23204167600
7327.12,7336.51,7214.83,7333.6,22168706000
7315.19,7323.7,7167.35,7210.82,19332584200
7098.96,7257.84,7098.96,7229.34,19558024300
7243.2,7352.18,7243.2,7345.72,20172296700
7307.3,7371.44,7285.82,7327.91,19292057800
7357.34,7384.78,7289.77,7343.8,20450133000
7364.93,7379.81,7281.98,7291.61,19166031300
7264.79,7305.86,7187.87,7243.25,18550701000
7243.64,7366.41,7243.64,7355.29,19989023000
7283.7,7329.6,7235.46,7235.46,20586491000
7248.92,7262.33,7202.59,7235.35,20305060200
7215.03,7230.54,7118.41,7151.02,20221412100
7141.26,7178.15,7086.12,7122.75,16278660200
7174.1,7180.73,7056.9,7061.95,15961874600
6955.75,6986.78,6817.41,6817.41,20893338400
6856.76,6905.92,6797.5,6868.97,16636391300
6915.12,7018.47,6912.32,6954.6,16271253000
6946.08,7024.88,6936.88,6965.05,14894352600
6970.73,7045.85,6943.44,6951.28,13784110300
6947.24,7031.71,6941.48,7031.55,14021118400
7053.85,7101.83,7040.8,7101.83,17897343200
7084.8,7085.3,7022.61,7040.3,14951819700
7044.86,7064.16,6975.09,6996.35,15783886700
7001.64,7039.72,6958.63,7012.81,14103833800
7008.65,7104.02,6965.81,7097.84,16873827400
7119.05,7193.72,7114.32,7172.37,19261175000
7150.97,7185.11,7103.83,7121.33,16690106600
7111.57,7171.97,7070.48,7155.99,15396782700
7171.21,7179.43,7082.89,7082.89,18184855400
7088.1,7187.1,7063.84,7169.79,19840247300
7121.38,7177.15,7110.68,7113.96,17217406400
7101.67,7102.77,6962.65,7001.32,17206587400
7002.51,7160.78,6988.87,7137.83,17441313600
7096.98,7172.96,7094.54,7100.84,15489612300
7124.4,7197.07,7117.16,7169.55,17884314600
7205.49,7277.39,7205.49,7255.66,17824288100
7257.91,7297.7,7228.72,7256.79,17347600200
7257.61,7362.57,7247.4,7352.04,16883771300
7341.92,7426.14,7334.34,7410.71,16841420100
7422.6,7484.92,7397.43,7458.84,19927688400
7467.5,7491.69,7411.45,7430.61,19884433800
7390.14,7495.06,7389.87,7458.94,19620361500
