Open,High,Low,Close,Volume
2434.408,2476.858,2414.573,2450.61,31296068
2451.778,2455.504,2318.926,2319.868,53656796
2297.245,2355.929,2284.585,2344.469,38593821
2332.484,2523.469,2306.662,2523.282,73736663
2484.485,2518.443,2431.046,2431.716,61331990
2414.459,2426.707,2362.093,2405.226,46284593
2408.095,2443.99,2382.291,2413.374,33757217
2384.946,2403.016,2327.22,2350.084,40979466
2343.882,2385.991,2310.455,2342.147,40952604
2341.956,2374.246,2333.03,2350.143,34752734
2361.046,2420.848,2352.099,2397.369,46405768
2380.468,2380.468,2311.727,2325.135,36265240
2312.102,2329.009,2284.92,2304.891,34190291
2301.941,2321.535,2248.067,2276.672,42250006
2270.524,2295.355,2249.12,2277.411,34163089
2224.527,2238.324,2199.365,2202.446,38608171
2210.344,2220.546,2135.375,2143.421,37669497
2152.277,2161.35,2114.503,2145.779,30722691
2131.8,2185.694,2102.906,2150.759,39012042
2143.4,2148.124,2070.427,2078.981,36441803
2077.55,2104.626,2064.29,2079.673,30312475
2049.813,2049.813,1974.388,1986.636,46223445
1971.944,1999.953,1922.68,1929.047,45853472
1876.122,1942.846,1802.331,1895.837,66333202
2067.643,2075.091,2043.316,2075.091,58433536
2241.723,2269.733,2164.798,2236.41,139930636
2209.122,2253.395,2181.96,2201.51,100165152
2133.098,2218.291,2116.96,2216.811,64547818
2214.584,2333.277,2211.45,2297.501,101230404
2304.119,2310.445,2246.279,2293.784,78259307
2267.394,2267.394,2172.569,2173.738,60938137
2101.093,2182.998,2072.896,2157.839,56902611
2095.911,2127.085,2059.086,2092.224,50759473
2125.567,2130.87,2063.408,2074.583,45071001
1995.957,2027.831,1963.183,2000.572,54077527
1978.56,2074.468,1931.472,2073.568,56633806
2139.065,2146.73,2016.184,2017.321,68042483
1995.885,2013.491,1963.103,1994.667,40817957
1916.133,1943.32,1901.503,1909.941,50672447
1921.842,1941.299,1902.598,1930.651,38647298
1924.177,1979.839,1890.92,1974.006,44569785
1978.674,1996.658,1956.11,1958.529,54096739
1932.677,1950.791,1894.31,1895.822,48310367
1851.259,1879.849,1828.308,1875.561,47830065
1875.631,1888.101,1825.526,1839.621,46244580
1809.225,1809.225,1721.604,1723.351,50534797
1671.396,1786.435,1664.925,1771.821,59847441
1786.2,1795.087,1719.335,1719.812,52188518
1732.772,1788.204,1710.726,1763.607,53560920
1754.206,1765.679,1721.59,1728.786,40219619
1713.763,1750.319,1702.981,1719.774,35858333
1707.925,1717.101,1678.957,1706.703,39253457
1716.219,1788.258,1716.219,1760.609,60317911
1720.421,1728.219,1703.099,1717.722,45680712
1686.524,1762.233,1680.602,1747.713,46807658
1782.305,1876.162,1782.305,1874.801,91273263
1872.067,1887.795,1840.916,1843.607,90879185
1820.439,1863.896,1815.076,1859.11,65873321
1837.274,1942.897,1825.883,1927.613,121067441
1943.964,1987.261,1921.836,1986.438,130439493
1981.264,2031.103,1963.854,2030.485,136840656
2020.986,2050.879,1889.865,1902.43,156698879
1889.351,2023.911,1883.835,2017.474,128809645
1977.208,2030.868,1956.734,1983.76,130840578
1932.596,2013.179,1893.147,1969.389,127123084
1961.206,1974.47,1893.343,1897.06,84519444
1925.248,1939.369,1858.165,1888.715,69541174
1890.333,1914.708,1873.179,1897.884,65140003
2012.686,2022.483,1916.466,1917.861,122337126
1901.675,1915.274,1856.286,1871.156,77722281
1865.743,1895.756,1838.1,1894.615,81890353
1856.97,1907.775,1846.533,1889.638,104288934
1903.429,1965.83,1902.94,1965.414,134916124
1992.72,2055.207,1985.198,2001.504,175952280
1984.258,2019.748,1975.711,2018.656,118490336
2049.162,2091.284,2038.189,2090.773,164973061
2100.772,2100.806,2036.889,2037.74,145334179
2025.027,2079.552,2005.558,2079.117,128251050
2072.577,2087.196,2028.726,2031.681,121696744
2014.58,2023.177,1932.272,1954.215,108147808
1977.028,1989.303,1936.561,1964.374,81536951
1948.859,1976.719,1907.826,1975.006,78328544
1983.836,2003.375,1971.816,1976.819,97247278
1978.974,2016.569,1958.975,2015.694,92160304
2006.208,2038.657,1997.12,2018.463,102183392
2016.454,2016.454,1965.354,1987.755,86820548
1990.049,1990.049,1895.178,1897.225,98985955
1873.577,1887.314,1850.855,1863.8,74495756
1865.721,1877.768,1832.355,1852.419,64566147
1852.911,1866.63,1840.191,1851.518,53256201
1846.304,1856.334,1815.407,1850.48,55021399
1851.909,1862.937,1826.98,1832.91,56466221
1834.949,1844.367,1814.752,1820.805,50396099
1849.02,1880.716,1844.094,1880.716,67136715
1878.827,1938.69,1871.971,1937.145,99066756
1938.974,1948.233,1920.515,1924.012,92360086
1890.242,1894.171,1862.263,1878.181,80374000
1875.164,1909.349,1875.164,1904.861,71224779
1897.703,1924.441,1886.833,1900.347,83645557
1880.868,1888.309,1861.811,1863.367,73836460
1862.31,1929.276,1862.309,1928.869,87918051
1912.772,1937.728,1902.542,1920.206,115984409
1928.922,1984.728,1928.922,1954.438,132972538
1971,2018.51,1966.188,1986.672,109401361
1981.147,1994.809,1956.102,1994.107,74565389
1965.944,2007.911,1960.529,1985.016,87289198
1996.086,2009.851,1980.438,2004.951,88284495
2001.172,2008.788,1986.348,1990.657,85967706
2008.134,2012.742,1987.129,2011.683,84766272
2011.77,2060.925,2005.022,2060.808,134407694
2068.086,2108.257,2067.786,2107.749,151785867
2106.835,2149.476,2082.596,2098.018,165352197
2102.078,2185.086,2102.078,2181.239,160860189
2211.317,2238.894,2196.708,2224.714,192312686
2218.489,2266.398,2197.007,2265.161,172587361
2230.49,2305.705,2218.297,2260.82,209328074
2265.789,2274.201,2191.887,2248.091,173976848
2249.185,2323.12,2236.178,2320.792,199715512
2338.758,2389.878,2328.179,2389.387,211427610
2387.354,2402.807,2316.934,2319.441,198117836
2271.26,2295.741,2206.062,2209.862,162461879
2224.49,2247.616,2190.473,2227.125,129844050
2234.365,2262.332,2206.211,2261.478,128938105
2249.289,2313.594,2219.714,2305.777,160289118
2273.755,2295.59,2193.268,2200.654,183853106
2222.506,2234.018,2142.601,2206.574,152376898
2201.672,2237.547,2102.346,2121.251,148638852
2100.063,2123.244,2064.918,2082.852,122905210
2066.229,2102.112,2052.992,2093.447,87462587
2047.213,2088.628,2037.024,2071.431,97781728
2076.616,2201.727,2076.616,2198.107,154811275
2220.15,2241.761,2173.491,2221.076,182441105
2180.788,2221.04,2171.668,2193.007,123863233
2205.746,2232.674,2116.453,2118.748,124300647
2097.139,2159.268,2088.162,2158.568,83940262
2199.983,2203.534,2133.141,2139.025,103723453
2127.726,2136.795,2086.018,2133.881,87213151
2148.418,2166.022,2124.979,2128.848,83504887
2122.408,2158.9,2108.612,2153.291,73382635
2156.774,2225.192,2151.776,2218.326,130805423
2227.981,2255.009,2221.588,2223.725,146994599
2227.344,2268.144,2220.164,2265.759,145822319
2272.437,2294.117,2250.405,2281.087,150523664
2286.246,2329.183,2276.81,2325.48,160060235
2359.679,2369.454,2327.43,2338.42,162727081
2333.163,2355.69,2291.359,2291.555,144842469
2296.047,2362.048,2274.895,2361.704,158556822
2380.626,2392.769,2361.091,2374.438,186528389
2377.964,2380.194,2348.527,2358.04,139880606
2313.883,2375.712,2299.158,2373.213,142695498
2380.979,2422.625,2380.979,2408.017,179857619
2417.217,2450.003,2417.111,2425.291,188385983
2446.124,2456.811,2406.496,2419.778,170251684
2422.1,2449.537,2407.506,2439.182,124209223
2429.879,2435.388,2346.537,2347.385,146809157
2345.009,2380.935,2331.877,2379.876,113234976
2400.014,2444.981,2392.8,2444.226,157491196
2468.083,2522.445,2464.061,2513.701,191344932
2512.009,2532.089,2495.337,2527.181,165180093
2514.591,2542.54,2485.926,2536.056,181085688
2542.336,2549.312,2497.122,2534.134,186163119
2524.626,2539.352,2481.899,2503.935,161593595
2500.173,2559.036,2497.321,2557.456,147904251
2523.262,2552.598,2499.601,2535.828,164621542
2548.105,2579.218,2449.895,2461.346,193984096
2440.676,2474.146,2422.789,2463.954,126119756
2477.156,2481.527,2445.664,2448.595,113796845
2443.436,2452.928,2393.162,2405.348,113008183
2382.884,2411.438,2372.343,2401.438,94815296
2401.658,2477.725,2395.483,2468.192,126530722
2477.928,2491.072,2461.365,2477.569,131154168
2486.685,2560.544,2486.225,2559.911,153369990
2577.429,2590.776,2552.39,2567.337,158422283
2563.564,2596.925,2552.632,2592.52,160708583
2612.123,2622.112,2566.121,2597.447,181811460
2586.759,2634.061,2574.572,2625.645,161920976
2646.287,2663.95,2579.747,2579.747,178248359
2562.363,2619.692,2558.963,2618.172,123005960
2629.031,2670.213,2608.317,2663.766,145836006
2631.445,2651.488,2610.223,2639.887,124762442
2646.891,2661.366,2623.364,2645.263,110890182
2632.569,2656.844,2589.613,2652.779,119048894
2679.396,2688.112,2660.56,2676.682,147466097
2680.547,2686.345,2651.011,2651.414,138245861
2639.141,2663.227,2598.869,2610.622,138926981
2595.988,2617.749,2578.593,2597.601,99147298
2555.342,2618.359,2538.622,2610.01,112000785
2615.006,2618.8,2585.91,2588.575,114514670
2601.24,2635.313,2592.794,2632.93,103167720
2668.4,2726.716,2668.4,2721.28,147959551
2739.442,2750.88,2713.466,2724.302,156356058
2722.266,2778.683,2717.863,2778.589,155681658
2753.248,2778.242,2728.199,2767.244,170878921
2783.859,2791.649,2750.377,2753.891,146648113
2753.345,2795.149,2729.028,2768.336,133231447
2766.51,2788.366,2721.854,2787.887,132601567
2796.903,2820.575,2789.996,2816.247,145267188
2812.279,2828.739,2787.449,2797.32,134114877
2793.968,2812.679,2722.217,2743.762,127694651
2743.031,2790.977,2727.739,2789.549,106225013
2762.741,2797.483,2753.694,2776.022,103383327
2771.521,2813.613,2744.218,2810.123,110783742
2812.989,2855.415,2810.853,2853.903,138842694
2861.177,2886.499,2847.358,2880.492,153023362
2900.572,2923.236,2884.131,2896.302,146972200
2853.491,2941.055,2841.902,2892.697,144465267
2889.046,2923.47,2880.285,2922.299,140574260
2926.62,2946.898,2909.09,2925.046,119613020
2930.502,2937.614,2910.345,2928.211,109560720
2930.313,2976.922,2918.39,2975.314,128543774
2990.118,2997.272,2953.364,2959.362,125813958
2950.169,3009.706,2947.69,3008.15,138250133
3015.077,3062.564,3015.077,3060.254,161960284
3035.814,3088.862,3029.546,3088.367,159467946
3091.478,3128.31,3090.099,3124.667,183237316
3118.268,3130.067,3077.476,3089.45,178775741
3057.46,3097.964,3011.214,3080.774,155489181
3073.518,3123.51,3064.209,3123.035,167287882
3124.789,3140.044,3099.987,3113.932,161162269
3098.956,3112.875,3076.302,3080.556,156610057
3088.58,3147.592,3088.58,3145.157,161688479
3156.625,3188.91,3156.625,3188.551,195911479
3209.775,3221.068,3175.957,3183.742,191230184
3181.063,3197.231,3158.566,3189.741,164690672
3203.888,3269.18,3192.904,3266.92,198870795
3275.667,3279.587,3207.501,3213.206,197565897
3207.987,3301.427,3207.257,3296.615,168213043
3301.103,3331.063,3289.224,3328.49,166397752
3343.756,3398.049,3306.911,3372.603,189738676
3377.716,3435.933,3376.286,3435.212,197623634
3434.32,3439.924,3392.428,3438.371,204245819
3419.991,3454.019,3174.214,3266.432,275801197
3281.203,3336.64,3215.753,3321.56,198010213
3354.679,3414.145,3333.718,3412.062,193714375
3429.693,3465.173,3398.448,3462.59,200813706
3477.112,3478.01,3404.818,3471.442,211490154
3467.047,3468.097,3385.424,3428.501,202502543
3401.479,3419.744,3309.606,3356.33,174827374
3352.659,3374.461,3244.101,3260.69,153160007
3287.759,3307.885,3201.06,3249.76,126683738
3261.406,3273.021,3222.707,3264.726,103752297
3255.985,3255.986,3104.565,3112.719,134447463
3112.573,3150.365,3060.119,3140.56,116934226
3138.146,3146.005,3039.305,3046.972,125815592
2994.866,3020.264,2867.394,2870.63,125058959
2845.335,2920.639,2827.113,2910.884,106251526
2916.095,2929.063,2761.395,2785.584,114469464
2798.37,2914.64,2798.37,2911.582,110039086
2905.053,2969.521,2883.273,2960.771,126790301
2982.192,3004.904,2944.923,2993.429,122875721
2980.1,2980.1,2823.637,2915.803,145236180
2889.735,2995.803,2872.264,2967.595,130425354
2947.827,2988.028,2909.893,2946.395,136745904
2938.423,2949.432,2843.109,2860.688,123048500
2817.629,2817.629,2662.997,2667.745,118246250
2649.168,2727.077,2639.759,2683.724,98042585
2681.33,2729.706,2669.217,2714.974,83934714
2722.305,2854.161,2715.619,2845.024,129890251
2841.171,2875.983,2827.576,2861.609,128889936
2877.622,2919.35,2860,2881.116,131182812
2865.695,2931.23,2831.852,2930.475,127929384
2944.174,2962.287,2900.111,2946.259,130754494
2934.958,2958.954,2911.212,2924.883,105894857
2917.193,2999.328,2915.904,2989.792,123246666
2990.933,3033.083,2984.835,3026.741,143711225
3029.097,3050.426,2999.433,3033.728,144467755
3027.506,3028.564,2960.591,2999.71,147415778
3015.586,3064.234,3015.586,3060.26,160740391
3063.309,3068.028,2940.83,2962.667,168076584
2937.926,2968.701,2871.646,2967.011,136231980
2956.129,2982.895,2896.937,2897.553,124074699
2897.808,2924.198,2825.859,2842.721,107626362
2824.583,2886.256,2783.106,2853.554,102541326
2836.699,2864.075,2812.918,2838.842,75167601
2844.37,2857.948,2752.773,2763.525,71874586
2763.764,2779.691,2712.299,2754.54,73565539
2772.569,2803.858,2763.712,2779.426,64833254
2840.131,2912.55,2834.618,2911.715,85546555
2927.021,2932.078,2893.573,2894.483,88186631
2889.788,2937.824,2886.959,2936.191,79997904
2945.669,3010.611,2943.742,2970.532,129630148
2994.89,3014.26,2967.108,2979.788,98617587
2992.745,3008.179,2931.92,2976.633,92222799
2974.644,3039.605,2962.307,3038.273,120615598
3062.551,3084.944,3053.643,3084.454,143651187
3080.52,3105.514,3062.56,3070.589,135482770
3068.678,3080.663,3045.033,3051.412,103031488
3057.387,3123.463,3057.387,3107.847,138600902
3114.294,3123.364,3083.183,3109.566,114826118
3086.091,3086.091,3020.494,3021.459,120886757
3014.182,3038.059,2974.258,3031.329,100973138
2975.199,2993.435,2952.014,2960.466,110282234
3007.25,3027.131,2983.93,2995.848,104792187
2933.817,3077.907,2923.525,3076.649,137286110
3085.744,3121.202,3078.944,3114.227,150552258
3119.313,3141.453,3096.354,3128.537,145370268
3133.505,3158.718,3122.524,3155.053,145465766
3176.137,3183.574,3156.993,3164.037,163490814
3162.146,3176.661,3141.77,3175.585,139189835
3203.171,3211.105,3176.255,3178.61,142448019
3176.311,3186.595,3149.071,3175.192,126821701
3181.457,3199.869,3163.078,3172.945,138033047
3164.65,3189.091,3127.502,3187.647,151147494
3206.428,3275.549,3206.428,3275.048,200378981
3291.044,3298.379,3275.305,3282.889,166037305
3287.265,3315.872,3274.212,3303.234,158663952
3311.188,3329.028,3285.805,3320.612,174619648
3309.376,3332.531,3280.184,3308.346,176074025
3312.974,3339.305,3305.502,3338.663,169531590
3352.22,3361.386,3214.026,3223.526,250211554
3214.815,3291.173,3188.019,3290.165,189026737
3296.014,3305.327,3160.35,3170.98,217978838
3137.297,3169.755,3080.885,3096.265,148802727
3114.29,3195.879,3114.29,3195.301,138860263
3191.058,3240.661,3173.416,3235.363,165279767
3252.979,3278.27,3245.964,3269.752,175051363
3267.995,3270.367,3227.772,3264.628,159219988
3256.614,3319.129,3214.84,3317.044,215945072
3313.06,3334.011,3302.134,3331.897,139876001
3330.326,3330.382,3260.671,3296.664,137065573
3258.003,3284.645,3228.204,3239.568,115095030
3258.354,3276.126,3225.562,3254.264,94306516
3260.448,3280.939,3242.373,3247.318,91542945
3246.951,3315.034,3178.229,3302.904,118243321
3283.598,3303.176,3267.935,3274.46,101484567
3262.862,3299.331,3246.607,3255.213,103873513
3261.608,3272.975,3176.626,3179.078,105646586
3154.815,3169.582,3108.03,3113.886,101866376
3108.067,3123.986,3088.003,3122.973,74568126
3126.615,3129.314,3039.858,3050.52,85080787
3048.199,3078.837,3041.348,3073.777,80058134
3080.874,3156.531,3075.107,3153.41,102406204
3149.226,3154.774,3128.15,3141.353,84545783
3148.86,3202.087,3148.86,3188.785,91211608
3190.172,3212.516,3166.758,3211.761,102612637
3211.828,3267.001,3206.217,3262.6,129456039
3264.998,3282.211,3250.026,3277.139,116520402
3289.75,3295.279,3243.319,3243.76,109447927
3254.468,3290.512,3221.462,3282.179,126115066
3277.517,3295.868,3253.044,3254.215,123651384
3253.991,3268.819,3176.707,3192.776,128652827
3177.259,3198.92,3149.017,3195.997,98377147
3301.611,3306.751,3197.328,3212.75,136327216
3205.705,3275.202,3180.085,3273.966,140655241
3204.976,3232.818,3165.485,3172.658,158344278
3183.381,3219.016,3165.596,3215.55,135954504
3217.19,3241.815,3197.221,3224.152,120541135
3213.637,3238.242,3202.207,3237.098,135067238
3242.216,3268.806,3236.839,3246.874,129943532
3252.037,3255.128,3148.334,3151.85,158243112
3154.189,3176.147,3126.902,3158.863,114337079
3118.724,3147.829,3062.629,3128.588,137758538
3103.32,3136.999,3092.926,3094.411,78361862
3094.848,3107.198,3001.956,3019.394,93507092
3020.54,3028.647,2972.627,2986.607,76552214
2985.214,3006.039,2963.891,2994.143,73365767
2979.743,3024.848,2968.453,2989.292,80475875
2981.374,2981.374,2912.887,2941.36,88147114
2955.753,2990.748,2930.559,2934.713,82485789
2945.034,3005.131,2890.021,3003.835,101022537
2983.05,3015.126,2968.68,2995.308,99918364
2936.197,2959.233,2918.909,2939.402,97274989
2936.452,2954.266,2922.187,2935.174,63299582
2932.09,2957.474,2929.21,2948.842,62282207
2967.138,2983.179,2958.217,2982.5,55588005
2985.082,3001.636,2976.079,2985.499,56646305
2996.088,3018.858,2993.437,3018.133,56092124
3016.703,3026.659,3002.811,3003.398,68505143
2998.907,2998.907,2938.753,2982.575,80392858
2964.984,3023.739,2955.069,3022.177,92918962
3026.656,3063.004,3022.373,3060.618,119670781
3053.498,3067.525,3041.689,3051.943,101296291
3057.006,3093.095,3054.554,3087.842,111038878
3089.706,3095.992,3060.956,3073.108,105327647
3074.099,3098.456,3061.467,3097.005,117156519
3098.069,3102.398,3016.215,3023.373,126383889
3026.639,3044.165,3011.088,3031.065,92259665
3036.415,3058.832,3030.905,3053.232,81011950
3053.26,3084.85,3028.69,3069.141,92381803
3067.15,3085.994,3034.739,3048.927,84612953
3050.644,3070.935,3025.309,3051.282,79872195
3051.474,3057.519,3011.972,3013.412,71418912
3010.722,3013.517,2963.494,2976.939,63749768
2974.487,2993.843,2963.438,2992.841,59627991
2999.815,3050.757,2994.893,3050.479,87085699
3053.158,3063.586,3035.019,3046.089,91379124
3046.749,3069.662,3031.023,3067.75,88481189
3069.66,3083.345,3061.759,3074.576,96499411
3076.957,3082.965,3051.211,3053.125,92867190
3058.928,3076.749,3052.213,3056.808,89266365
3051.356,3051.356,3012.308,3019.176,90190542
3017.215,3067.707,3009.905,3059.715,93077716
3076.048,3130.279,3071.69,3123.798,131895114
3123.832,3132.576,3113.767,3128.468,102431515
3129.574,3130.112,3101.756,3109.105,101143351
3111.935,3148.344,3111.935,3147.416,126779213
3154.77,3159.598,3141.866,3157.957,122789383
3170.612,3177.968,3141.93,3158.681,116814703
3156.314,3161.081,3132.236,3148.222,103521570
3143.451,3143.827,3110.256,3118.709,114643389
3118.926,3146.459,3114.788,3145.347,105425960
3151.888,3156.211,3111.899,3129.263,137962701
3129.692,3173.634,3101.483,3161.251,143982040
3161.551,3167.658,3145.555,3166.183,106435847
3168.139,3181.663,3135.99,3164.966,106263908
3159.672,3159.672,3121.366,3130.302,80934918
3096.785,3096.785,2977.774,2980.297,129360505
2980.081,2998.913,2941.35,2979.533,101732249
2984.618,3034.327,2972.096,3033.278,116308514
3021.289,3023.641,2978.457,2999.484,121726664
2995.568,3015.633,2966.785,2983.537,103518713
2988.077,2996.828,2965.832,2969.503,89146675
2962.145,2962.145,2866.342,2907.928,108271273
2883.167,2916.676,2865.469,2900.331,83749411
2912.196,2928.93,2867.938,2868.432,89344434
2867.649,2875.806,2820.949,2870.611,88734444
2821.354,2862.555,2809.132,2835.277,66079844
2804.514,2857.293,2770.328,2857.151,95340578
2838.951,2838.951,2734.999,2739.702,92649316
2685.992,2732.183,2665.812,2688.383,92026260
2690.859,2713.061,2646.589,2698.757,81854050
2745.604,2751.07,2638.533,2647.574,87897107
2628.019,2668.118,2604.198,2655.714,82544160
2653.579,2711.066,2646.896,2710.507,83077733
2692.096,2712.863,2677.19,2696.629,73368024
2663.882,2663.882,2557.239,2559.931,82648326
2555.141,2603.32,2529.625,2594.783,82792386
2581.63,2623.959,2554.984,2587.807,71372186
2571.54,2609.639,2551.452,2555.94,66390044
2492.575,2584.452,2481.974,2583.522,83856090
2596.318,2680.493,2596.318,2673.423,112497272
2654.359,2659.74,2609.086,2622.63,93269050
2620.853,2644.941,2610.51,2625.793,68710464
2615.105,2662.081,2583.548,2655.918,87883569
2680.403,2686.542,2641.405,2655.767,86947998
2647.868,2665.39,2591.535,2592.147,78743882
2577.763,2598.897,2534.267,2568.283,74666113
2548.542,2572.343,2521.057,2571.423,64866634
2575.77,2596.137,2551.529,2552.656,69502328
2536.231,2556.969,2527.873,2553.593,56518495
2508.329,2527.104,2491.661,2511.729,65697988
2510.084,2531.882,2491.647,2513.947,63032468
2523.879,2589.473,2501.118,2583.87,96030984
2561.549,2581.047,2554.787,2562.58,74583964
2574.899,2590.979,2566.616,2569.942,66519280
2588.965,2595.509,2559.723,2560.245,54957039
2556.602,2568.861,2505.327,2513.222,67218453
2517.292,2587.34,2504.315,2586.21,78554425
2579.631,2598.353,2572.962,2588.698,63681459
2576.343,2593.673,2546.52,2569.872,58776822
2563.639,2586.898,2554.342,2566.745,48856571
2556.54,2572.832,2534.269,2552.817,50078852
2550.649,2561.485,2528.385,2535.278,43203938
2534.496,2541.142,2425.927,2427.053,73744904
2409.542,2411.441,2382.358,2398.37,55210569
2393.947,2410.769,2371.778,2373.792,49967686
2371.323,2386.4,2319.739,2382.901,68329570
2358.757,2378.088,2335.571,2363.947,47996452
2358.284,2409.783,2356.553,2409.424,61364295
2407.665,2421.679,2392.567,2421.117,56110700
2429.676,2436.283,2402.002,2415.15,54485954
2416.58,2485.6,2398.676,2470.923,85890148
2468.541,2501.024,2455.814,2490.718,82922349
2468.69,2468.69,2439.243,2450.286,66327019
2456.103,2494.589,2456.103,2470.44,72946145
2465.989,2487.237,2423.649,2424.304,105539239
2414.681,2428.464,2389.071,2424.271,70793303
2399.58,2484.194,2392.273,2475.421,88838962
2477.753,2530.331,2477.46,2528.73,118598374
2529.619,2553.452,2520.149,2535.394,114247832
2525.976,2563.239,2522.201,2562.406,105934217
2566.851,2579.523,2549.237,2572.028,114373149
2576.372,2589.484,2556.466,2588.683,93326486
2581.59,2587.997,2565.636,2575.368,86605236
2574.322,2636.002,2564.156,2633.663,128979538
2635.048,2656.408,2623.944,2648.116,139123605
2642.852,2643.035,2614.732,2637.503,94773788
2635.807,2675.762,2633.647,2672.516,112944633
2678.791,2681.786,2626.722,2627.002,127971094
2620.499,2638.898,2589.988,2638.522,112123737
2636.243,2640.589,2606.622,2620.757,113514382
2618.713,2659.412,2598.913,2658.392,120927286
2656.364,2676.09,2650.397,2672.533,119964750
2672.793,2675.313,2594.336,2595.274,127010021
2587.615,2618.451,2586.018,2607.497,86941461
2584.919,2608.761,2570.963,2575.475,92675203
2576.687,2607.033,2564.838,2606.7,88820450
2603.792,2665.314,2596.771,2661.708,125862823
2663.184,2677.57,2654.011,2671.893,122638294
2674.501,2687.76,2654.408,2666.301,136254348
2669.431,2701.93,2659.297,2687.979,128441613
2677.019,2683.288,2636.908,2642.307,116172184
2637.82,2656.116,2629.707,2639.366,88136539
2636.532,2667.171,2614.563,2650.307,107243639
2634.95,2645.503,2595.728,2596.58,109695828
2604.882,2616.962,2590.614,2603.481,80313857
2602.501,2613.487,2588.643,2610.742,70466094
2622.266,2656.355,2620.19,2652.664,110479525
2644.787,2647.253,2626.793,2638.798,110890245
2641.053,2662.876,2604.487,2622.882,127164940
2646.893,2659.978,2636.418,2655.776,124076238
2658.129,2660.539,2631.851,2655.394,129456526
2667.195,2698.601,2664.239,2696.25,144209066
2698.218,2704.933,2679.023,2698.363,112231539
2687.711,2695.845,2674.321,2695.291,113519409
2698.638,2698.638,2651.602,2656.352,132989434
2657.235,2667.837,2628.829,2663.209,113041151
2665.655,2696.674,2660.607,2688.32,117918914
2694.069,2703.781,2678.974,2688.522,120712410
2688.386,2688.49,2645.864,2652.503,122039815
2646.921,2653.272,2583.337,2602.465,118998200
2607.551,2615.079,2592.535,2598.689,83171357
2601.482,2607.347,2573.629,2588.713,79469519
2593.763,2601.099,2580.177,2591.55,58101406
2600.54,2629.045,2597.139,2627.967,76844658
2625.326,2625.326,2607.018,2611.354,93117430
2608.919,2634.124,2603.927,2610.678,88618663
2599.715,2655.999,2597.597,2655.658,89580361
2681.253,2747.805,2677.994,2738.744,135759543
2755.026,2823.597,2755.026,2806.942,207535265
2795.764,2843.428,2782.341,2841.407,167428327
2842.138,2862.035,2826.221,2861.361,185281671
2881.552,2919.414,2864.519,2879.636,229461709
2863.738,2971.16,2858.216,2971.16,236568558
2985.462,3026.099,2944.715,2955.227,263316938
2949.63,3002.371,2931.91,3001.853,170667828
2947.511,3041.151,2942.505,3003.951,207804424
3009.225,3018.244,2958.546,2983.533,161436141
2976.754,2997.624,2954.619,2975.043,147079881
2979.706,3051.539,2959.298,3051.419,192114243
3065.844,3073.384,3017.818,3041.543,198778908
3031.645,3056.399,2988.871,2997.048,176268280
2989.29,3007.013,2969.304,2992.579,143537933
2993.296,2996.774,2955.48,2978.835,147109754
2986.886,3054.05,2986.886,3054.021,186243180
3061.631,3089.568,3029.324,3045.434,224947283
3044.022,3069.066,3017.098,3030.988,189848032
3035.366,3087.421,3035.366,3086.939,176857096
3129.87,3142.589,3105.921,3129.497,211955803
3140.395,3160.699,3124.091,3159.512,205417960
3159.019,3159.019,3110.343,3135,192455746
3120.44,3124.256,3093.878,3115.356,185052423
3108.511,3186.72,3102.774,3147.744,210274743
3121.922,3150.146,2975.163,2985.435,233084958
2984.872,3016.131,2939.68,3014.413,153152448
3007.643,3007.643,2885.753,2894.538,171089373
2852.478,2891.052,2824.121,2838.857,123780261
2855.605,2873.696,2827.179,2865.452,102226182
2879.655,2888.75,2806.644,2888.566,123778460
2861.606,2904.97,2852.774,2884.371,127117716
2872.172,2872.172,2791.584,2828.282,116311956
2794.864,2861.485,2794.864,2859.936,116156238
2875.858,2901.675,2856.962,2898.261,131608453
2890.287,2894.421,2851.957,2871.698,110866191
2861.149,2878.827,2841.795,2866.356,102452542
2863.412,2881.16,2758.924,2820.181,139324863
2810.543,2834.199,2795.811,2823.449,81263296
2860.464,2870.806,2841.473,2843.607,104195755
2846.725,2853.401,2822.743,2842.431,83521010
2850.382,2871.407,2831.697,2857.178,89773055
2843.767,2884.53,2809.11,2875.861,86785497
2868.733,2880.558,2843.94,2848.546,86707379
2837.615,2854.7,2808.506,2810.949,94622552
2798.736,2850.422,2792.522,2841.04,80496108
2850.325,2923.774,2847.658,2922.954,128878468
2928.3,2933.407,2912.42,2927.077,120944936
2927.264,2939.05,2905.649,2911.414,109462489
2908.865,2921.275,2891.858,2898.138,87606313
2896.77,2898.812,2881.004,2893.74,73677136
2901.47,2911.561,2804.556,2852.916,113755495
2857.589,2908.166,2846.633,2904.115,106825623
2910.731,2917.199,2867.049,2877.9,98325557
2874.202,2893.711,2849.836,2855.22,89002488
2841.346,2853.486,2813.496,2835.157,81216848
2842.807,2876.811,2774.538,2781.402,97807278
2768.031,2775.149,2730.407,2732.99,84332632
2735.476,2753.025,2721.479,2751.527,63941278
2751.973,2768.126,2724.541,2759.575,73172046
2759.162,2808.926,2758.131,2808.077,83350214
2825.329,2855.396,2810.108,2852.648,110072791
2833.117,2850.493,2824.296,2838.593,104415282
2838.435,2853.875,2816.951,2824.197,84705616
2820.665,2868.005,2807.87,2838.801,113129568
2832.622,2847.358,2786.861,2791.809,90780872
2783.476,2810.762,2770.338,2804.047,80553780
2811.785,2828.468,2788.13,2821.305,79246117
2830.534,2837.526,2810.874,2827.713,74886265
2817.048,2817.048,2780.438,2791.344,76753880
2772.45,2780.942,2698.781,2706.66,92519113
2696.147,2715.406,2683.367,2708.979,60377276
2707.816,2759.602,2700.811,2758.097,78493169
2752.799,2752.799,2676.129,2677.652,86047191
2668.677,2746.178,2667.286,2715.294,95639038
2716.524,2736.109,2690.652,2695.72,87920807
2691.693,2701.044,2661.448,2677.432,69481412
2677.172,2710.738,2676.769,2708.814,60750899
2690.825,2753.001,2677.21,2749.15,105569163
2741.314,2759.44,2733.291,2752.75,85427992
2751.527,2790.921,2748.538,2790.694,91502814
2795.071,2805.049,2785.296,2798.96,73350092
2778.701,2804.208,2764.867,2774.065,87257788
2769.646,2819.063,2760.175,2818.163,97919763
2815.119,2835.411,2807.605,2827.328,107758171
2828.571,2906.261,2828.571,2899.134,154242970
2900.427,2934.467,2892.637,2899.237,152449898
2893.682,2924.188,2882.549,2923.896,127805697
2929.255,2939.284,2905.032,2926.964,130415498
2924.23,2924.23,2890.262,2899.792,113775463
2886.54,2932.82,2884.191,2932.246,118855883
2941.318,2944.413,2851.62,2855.516,153004622
2844.99,2868.484,2839.195,2862.634,111083059
2861.393,2881.537,2854.564,2878.603,109772588
2876.777,2890.324,2848.65,2878.565,100094039
2880.17,2906.169,2861.817,2905.053,118705763
2906.285,2931.58,2901.552,2918.92,136555048
2905.514,2924.963,2883.566,2913.808,133442258
2918.731,2937.557,2900.761,2902.978,150488884
2902.19,2944.459,2898.084,2942.306,118277241
2952.722,3000.429,2952.722,2996.211,160105884
2996.727,3001.624,2976.6,2999.942,126681154
3002.546,3012.044,2989.342,3002.154,124790735
2995.768,2995.768,2954.367,2957.143,123799889
2942.419,2966.98,2927.683,2933.796,115994480
2923.982,2939.652,2914.458,2937.627,116910618
2927.984,2927.984,2850.945,2896.256,154951951
2894.252,2934.018,2894.252,2930.804,130777237
2906.955,2935.625,2885.651,2897.298,137797827
2920.806,2930.606,2900.872,2906.886,100637335
2913.913,2927.073,2895.154,2909.137,96760275
2917.687,2923.392,2884.751,2919.142,95117457
2919.016,2950.422,2911.626,2948.477,112603475
2949.85,2958.663,2942.134,2946.706,108955979
2948.543,2985.083,2946.697,2977.814,136396367
2985.356,3005.783,2979.196,2984.005,156016878
2979.865,2994.174,2953.54,2958.077,168543246
2955.453,2968.182,2935.747,2955.771,126493548
2954.653,2961.63,2914.384,2928.111,108935611
2932.481,2967.847,2924.394,2967.41,99844094
2964.212,3005.238,2963.899,3001.36,141650613
3003.204,3012.288,2990.311,3007.909,124734591
3005.368,3031.097,2998.34,3030.021,114337794
3037.91,3059.568,3019.886,3022.746,147189576
3012.795,3039.124,3003.445,3021.369,145990547
3006.83,3050.401,2994.465,3050.398,128202655
3049.667,3058.239,3036.726,3042.635,129487107
3036.345,3062.53,3020.156,3050.526,128530989
3040.531,3067.456,3037.189,3057.329,137488739
3038.807,3038.807,2996.222,2999.041,141896394
3005.975,3019.123,2992.672,3007.037,119741657
3021.77,3035.471,3012.544,3026.668,121510664
3025.699,3032.965,3004.465,3010.517,118525613
3003.031,3003.61,2964.643,2964.951,117316622
2956.949,2970.278,2931.502,2938.981,95154819
2946.327,2961.133,2907.662,2925.408,105492475
2937.947,2953.193,2884.839,2887.044,105230875
2886.629,2913.556,2871.01,2911.511,87534255
2911.51,2933.46,2890.225,2932.188,96402722
2916.845,2916.97,2860.075,2866.017,111481131
2854.768,2880.125,2849.91,2872.404,91084427
2842.765,2881.706,2834.456,2863.886,91063909
2868.235,2885.178,2861.42,2872.46,81576155
2876.98,2891.034,2865.104,2890.634,81297176
2890.353,2897.141,2868.349,2883.42,92477122
2864.976,2876.448,2843.097,2844.083,100240961
2846.311,2871.992,2832.254,2871.031,93238815
2864.377,2877.091,2846.307,2849.067,84648251
2846.447,2869.23,2821.203,2852.773,94819847
2846.725,2877.427,2843.676,2872.771,76826970
2879.387,2884.141,2856.829,2859.574,76994538
2858.311,2866.763,2850.445,2858.459,70743786
2853.286,2853.286,2771.117,2774.569,98622045
2766.059,2771.748,2744.777,2767.056,74852898
2764.56,2771.177,2737.33,2741.741,74406534
2755.394,2764.89,2734.536,2736.527,78741315
2739.387,2746.842,2708.548,2709.947,82521052
2704.485,2728.062,2689.206,2706.361,65174388
2707.559,2744.934,2702.095,2743.472,67900383
2737.057,2744.559,2726.495,2743.572,68555501
2715.316,2727.995,2676.538,2705.181,86021158
2701.773,2732.427,2701.25,2728.02,67983945
2720.97,2745.77,2717.313,2744.3,65021293
2742.043,2754.122,2715.25,2750.288,74294661
2743.539,2747.332,2702.695,2703.345,83469268
2696.13,2707.742,2672.32,2705.143,73400294
2687.653,2703.423,2669.395,2700.379,63069459
2696.223,2735.553,2691.671,2730.04,83097514
2717.677,2730.476,2705.072,2705.431,74856945
2685.632,2691.944,2663.12,2664.283,70927870
2661.414,2675.027,2641.392,2642.818,64442633
2635.834,2637.883,2610.99,2621.253,60059864
2628.022,2648.024,2618.807,2646.483,64821871
2648.534,2657.725,2633.474,2649.321,58313802
2640.66,2693.417,2630.336,2688.249,73772688
2678.052,2759.71,2674.303,2746.211,125773628
2746.787,2769.043,2743.496,2758.23,101601018
2759.713,2763.28,2736.398,2759.202,88277450
2757.4,2759.231,2727.253,2728.483,88224197
2729.992,2774.365,2729.992,2762.076,90967124
2767.834,2778.668,2752.966,2759.362,92072878
2770.94,2813.27,2770.94,2812.818,121962260
2812.722,2818.141,2799.11,2816.355,110124224
2811.815,2811.815,2780.728,2810.479,103104393
2813.193,2825.123,2793.892,2794.267,116512143
2797.026,2807.38,2784.126,2797.774,86211609
2789.454,2807.322,2780.665,2802.692,86063595
2783.722,2783.722,2752.186,2754.582,96674475
2756.032,2797.266,2756.032,2795.476,91929128
2798.212,2811.704,2788.983,2810.444,104502080
2803.585,2821.339,2794.159,2820.169,107470064
2821.358,2826.959,2807.108,2816.688,108108623
2804.923,2809.315,2790.685,2796.983,92740884
2810.436,2817.285,2779.381,2794.205,84030616
2795.896,2799.852,2763.418,2765.894,81760582
2769.863,2782.169,2763.8,2770.79,70211837
2759.628,2759.628,2680.747,2688.746,111242249
2685.754,2704.939,2677.119,2703.026,72881454
2690.144,2726.801,2680.433,2723.492,80407781
2701.771,2712.09,2684.661,2708.777,78474915
2706.497,2721.53,2681.272,2701.729,75471655
2697.575,2712.888,2688.529,2703.783,59000711
2689.971,2689.971,2651.28,2679.259,69993181
2659.118,2688.065,2654.364,2678.485,63981610
2683.192,2698.815,2675.534,2684.039,58872111
2620.277,2644.581,2605.137,2626.423,78571833
2599.289,2614.19,2497.918,2526.816,110302496
2468.032,2537.409,2437.681,2526.07,103723892
2562.393,2579.156,2544.952,2549.176,100369343
2508.857,2582.155,2505.012,2581.508,95597265
2593.395,2605.447,2585.846,2593.173,97171206
2598.138,2627.104,2584.407,2626.77,88676842
2627.854,2636.36,2601.501,2608.166,85226861
2603.961,2617.165,2596.039,2601.261,70109146
2601.99,2603.485,2556.859,2559.472,70989277
2519.645,2538.272,2513.754,2534.358,70606801
2534.57,2553.415,2507.782,2515.863,61214429
2524.877,2554.178,2514.949,2554.019,60944193
2562.411,2569.278,2536.256,2541.091,65462469
2546.402,2616.304,2545.054,2615.261,104537978
2602.208,2616.636,2593.238,2612.188,77850450
2595.466,2595.466,2570.844,2576.413,73696095
2592.597,2615.135,2563.689,2566.595,75910686
2566.529,2574.415,2545.096,2567.34,59169720
2569.799,2584.804,2547.855,2556.042,57290927
2551.556,2557.31,2517.618,2528.28,54436581
2510.1,2510.1,2478.195,2478.739,55031066
2465.565,2482.242,2459.543,2470.524,49223173
2480.941,2516.754,2475.218,2516.09,59665860
2523.962,2524.377,2498.113,2498.943,55271952
2506.969,2528.422,2487.145,2497.753,51253380
2467.73,2477.083,2453.796,2471.305,49930919
2478.586,2485.934,2439.372,2484.827,54065977
2482.859,2496.572,2477.651,2479.055,56003688
2490.177,2499.481,2475.758,2482.343,47986854
2469.6,2469.6,2437.165,2437.795,48746822
2433.721,2460.034,2426.703,2447.755,46265892
2450.116,2517.673,2438.852,2512.963,86689276
2491.212,2499.976,2442.462,2443.057,74695409
2411.833,2440.751,2400.141,2433.159,67302693
2416.226,2441.729,2384.64,2393.183,57425042
2410.991,2423.913,2395.164,2415.054,55231432
2427.289,2430.27,2383.396,2392.062,55758447
2378.423,2387.538,2358.572,2365.343,59191239
2368.398,2377.541,2348.217,2359.22,48818372
2363.078,2368.149,2338.685,2344.787,41745306
2401.738,2412.376,2323.412,2348.516,63975806
2335.488,2421.693,2318.628,2420,91508568
2412.832,2439.64,2406.282,2438.79,87860106
2429.885,2437.594,2409.288,2431.375,60673160
2434.486,2452.99,2424.726,2440.402,58267682
2423.282,2425.646,2378.667,2383.485,79525744
2387.831,2401.688,2374.417,2377.512,58534637
2365.909,2368.64,2315.9,2331.366,65425215
2330.512,2340.315,2313.782,2317.275,48436725
2322.02,2371.092,2307.146,2370.333,70874071
2366.398,2414.049,2357.387,2409.672,90888876
2398.19,2448.98,2394.73,2427.48,107447168
2432.473,2449.701,2426.315,2435.614,82408961
2462.085,2483.759,2456.177,2473.41,110032721
2470.254,2478.307,2455.205,2468.25,84172562
2450.331,2491.355,2445.527,2470.019,88892417
2437.87,2505.121,2433.715,2504.108,105468200
2510.842,2535.24,2507.297,2508.09,136576325
2525.244,2536.779,2512.904,2528.294,101873675
2518.898,2536.18,2507.615,2509.799,78867174
2514.259,2524.82,2500.02,2503.836,78672656
2512.587,2527.703,2489.025,2524.919,78208572
2498.594,2507.452,2478.139,2479.536,87111088
2483.957,2496.527,2472.761,2481.084,66137668
2498.672,2529.632,2496.335,2528.714,81229812
2525.948,2534.059,2518.703,2529.761,79227750
2529.073,2529.458,2456.856,2466.959,93382109
2467.704,2482.528,2459.165,2463.046,66414285
2448.387,2448.51,2411.042,2416.562,72180807
2416.732,2419.244,2396.087,2415.13,50170366
2400.984,2414.85,2387.826,2412.625,51443233
2415.197,2418.56,2390.654,2395.065,50547850
2379.146,2409.719,2370.695,2397.554,52154150
2393.327,2403.942,2372.622,2380.224,45362552
2383.893,2396.827,2372.156,2383.034,46064666
2398.994,2413.326,2388.202,2412.393,55123190
2406.329,2407.326,2319.44,2333.414,76611104
2392.485,2423.559,2376.916,2386.86,98650046
2374.899,2378.299,2344.846,2360.664,59868845
2363.111,2363.127,2327.61,2333.229,52214969
2326.66,2331.892,2310.155,2325.905,45917077
2325.562,2339.847,2317.814,2332.73,41570306
2329.911,2346.654,2302.642,2329.82,51473520
2315.513,2331.259,2309.457,2315.27,39988559
2312.151,2315.811,2290.264,2291.545,39632578
2283.223,2285.814,2245.868,2248.59,58627478
2241.387,2256.744,2224.725,2228.525,44079822
2215.792,2216.909,2179.467,2180.895,56712186
2179.509,2225.538,2170.748,2224.84,57265903
2208.071,2221.448,2164.887,2218.235,57818464
2209.699,2239.859,2206.519,2215.93,52761113
2230.18,2237.466,2188.71,2191.148,50877262
2178.572,2201.587,2149.423,2186.297,58986117
2183.911,2219.786,2178.141,2204.784,52421325
2193.659,2213.453,2186.07,2190.11,43613663
2186.709,2196.973,2162.723,2166.205,45712179
2157.65,2170.672,2134.017,2170.013,49633435
2161.184,2181.955,2157.115,2173.561,44749200
2177.517,2200.988,2177.517,2199.417,51943838
2211.995,2217.52,2168.644,2169.39,49245537
2160.898,2183.404,2145.556,2148.452,58743447
2148.147,2164.322,2132.626,2163.395,50583054
2164.741,2226.218,2148.453,2225.89,76759839
2221.832,2288.628,2218.275,2285.744,109585415
2282.913,2290.644,2265.185,2276.046,84441781
2268.739,2295.224,2265.256,2275.01,71569994
2277.08,2281.532,2225.736,2244.58,71474322
2230.433,2241.259,2206.045,2206.193,45859522
2206.531,2298.376,2196.117,2298.376,87803560
2298.834,2311.579,2257.898,2266.384,89940422
2266.076,2305.707,2259.337,2296.075,72498861
2300.5,2322.891,2293.893,2319.118,69922753
2324.493,2324.493,2284.291,2285.038,58413687
2285.954,2296.384,2277.056,2292.61,48738325
2288.066,2305.863,2263.342,2268.08,53553811
2273.85,2312.556,2268.687,2312.556,63471872
2306.656,2336.267,2300.982,2330.405,78943697
2334.248,2341.575,2317.422,2331.136,75734477
2319.421,2319.708,2278.825,2291.902,67326906
2291.812,2350.965,2286.819,2347.53,87114528
2344.224,2363.613,2333.935,2349.589,98032325
2342.011,2368.979,2339.885,2351.981,96501619
2332.055,2365.339,2325.028,2351.855,86263585
2348.877,2352.469,2332.247,2344.771,73130413
2340.455,2374.282,2335.101,2366.702,98861021
2363.897,2373.804,2342.073,2356.86,95051169
2366.63,2372.512,2344.76,2357.181,71924839
2383.686,2388.009,2362.012,2363.597,88911586
2365.487,2382.146,2345.053,2381.43,79348669
2380.504,2404.442,2374.03,2403.587,118684269
2401.738,2416.805,2396.71,2409.554,112553593
2410.881,2439.977,2405.274,2439.628,134903249
2447.406,2478.375,2444.629,2447.057,158073244
2440.914,2458.651,2431.828,2451.857,118361993
2446.228,2453.067,2426.329,2428.487,95536952
2418.788,2437.874,2418.334,2426.115,75083289
2430.098,2461.121,2430.098,2460.693,103228378
2464.849,2469.841,2442.115,2445.002,112693326
2439.779,2442.001,2406.056,2410.445,103709012
2391.203,2413.695,2388.519,2394.794,94790636
2401.102,2426.698,2401.102,2420.276,96782134
2425.885,2440.511,2414.966,2439.462,100624055
2438.546,2440.857,2420.84,2434.859,106223059
2432.843,2457.22,2428.609,2455.795,104649712
2464.915,2476.216,2382.836,2391.23,179786029
2388.063,2403.742,2366.024,2373.774,120025499
2377.757,2406.148,2368.311,2404.736,103675622
2401.217,2412.336,2383.674,2410.184,102153490
2407.542,2407.542,2376.031,2376.839,97903935
2384.709,2396.722,2361.222,2378.195,95686538
2376.991,2386.099,2364.13,2375.772,79348880
2369.077,2371.263,2342.12,2349.539,76862139
2349.086,2357.996,2339.141,2350.599,55427733
2358.545,2363.766,2344.304,2347.179,60881116
2341.003,2341.42,2281.433,2284.881,83645283
2276.74,2280.958,2242.345,2252.16,74248084
2256.042,2266.208,2246.245,2262.788,62024147
2258.031,2303.824,2251.393,2302.241,80101456
2299.055,2309.64,2291.559,2306.553,72136521
2300.051,2304.65,2284.442,2285.777,59760639
2281.024,2306.387,2258.853,2305.863,67345526
2286.716,2319.053,2280.035,2308.925,75130070
2310.484,2351.055,2307.841,2350.864,97687895
2351.513,2369.701,2346.944,2359.161,98774414
2346.307,2364.111,2342.199,2357.026,85322682
2355.369,2363.013,2333.341,2334.985,84688445
2341.135,2383.64,2337.857,2380.848,108612544
2378.632,2386.978,2369.459,2378.634,94272421
2374.662,2407.294,2372.13,2406.863,115522062
2403.521,2411.51,2383.068,2388.588,122907558
2380.236,2415.749,2350.399,2388.834,133722354
2382.211,2411.421,2376.626,2406.813,130972867
2408.558,2414.754,2393.265,2404.697,115529587
2402.431,2408.42,2393.867,2396.316,91228350
2421.082,2446.35,2407.788,2438.436,128006006
2433.589,2441.953,2427.728,2440.08,102248493
2437.465,2453.731,2427.969,2452.014,102204871
2441.757,2451.947,2432.736,2451.947,108830107
2451.575,2451.598,2431.025,2448.884,104855537
2432.472,2432.472,2407.509,2408.587,97902212
2409.945,2419.121,2402.204,2410.23,81698471
2406.074,2415.977,2393.378,2394.983,74863995
2408.262,2411.272,2377.983,2380.725,90526339
2367.083,2376.594,2354.614,2374.843,77922916
2369.295,2372.032,2344.5,2346.192,76733829
2347.177,2383.306,2342.352,2378.886,86870030
2364.899,2369.598,2338.241,2344.52,89689419
2343.576,2360.386,2330.325,2348.3,74840341
2355.732,2374.056,2354.868,2373.307,76779780
2369.265,2378.077,2350.548,2363.437,84216580
2359.682,2373.057,2344.58,2350.973,79206805
2350.541,2355.808,2327.408,2333.553,74019252
2325.317,2361.744,2309.072,2361.367,94962105
2361.003,2393.279,2358.374,2389.636,117157725
2385.392,2391.691,2378.133,2384.668,89809793
2370.007,2382.989,2362.314,2372.234,77890228
2373.224,2388.087,2365.442,2373.436,77021923
2346.984,2348.199,2308.229,2308.55,90179347
2313.741,2323.298,2304.046,2311.916,66078528
2315.561,2323.113,2301.035,2309.555,58532028
2324.672,2328.672,2288.665,2293.13,60232048
2306.219,2306.882,2276.714,2281.447,67924641
2282.891,2311.772,2278.163,2305.856,64197967
2295.07,2298.95,2280.951,2289.791,59941982
2289.707,2319.714,2284.65,2318.924,78454349
2306.781,2314.585,2293.065,2295.946,71633722
2299.781,2314.242,2283.4,2306.85,68687579
2313.53,2325.052,2309.709,2316.052,60594622
2313.455,2313.455,2298.394,2300.795,60135905
2300.406,2304.458,2291.541,2292.877,54103955
2288.454,2288.454,2253.789,2260.877,58992012
2253.514,2253.514,2223.054,2224.114,59768952
2214.649,2229.24,2203.944,2222.067,52940798
2219.944,2233.543,2213.323,2216.934,51049128
2220.236,2224.155,2195.356,2195.843,54182183
2190.576,2226.485,2188.716,2225.431,61441886
2234.32,2234.873,2215.358,2226.11,62196207
2225.568,2244.832,2219.05,2229.193,62703021
2233.335,2239.27,2219.448,2227.315,55273656
2218.216,2218.216,2192.648,2201.353,57967934
2203.73,2227.473,2185.522,2223.579,76557917
2210.714,2216.697,2168.608,2170.814,75111472
2166.947,2178.195,2156.726,2164.437,58993972
2160.02,2176.491,2156.596,2175.383,58614472
2172.064,2197.044,2152.675,2185.491,82133762
2180.172,2198.661,2177.924,2185.895,57546838
2187.887,2188.063,2146.154,2147.955,67487681
2142.43,2165.335,2141.481,2161.186,55184408
2159.857,2170.296,2138.792,2169.099,66552659
2164.274,2197.79,2159.943,2184.841,79338049
2180.012,2185.733,2162.064,2168.638,64346672
2154.171,2154.171,2135.563,2141.402,55677081
2132.317,2158.948,2131.013,2146.589,54411286
2141.036,2151.45,2132.833,2136.151,48575894
2134.987,2147.664,2124.155,2126.004,52884076
2132.009,2139.154,2120.63,2128.765,52076920
2128.159,2137.736,2107.634,2109.914,51992383
2109.325,2116.904,2100.252,2103.634,53456097
2101.723,2130.712,2101.708,2123.36,53804602
2120.146,2126.46,2103.495,2111.182,53467539
2113.964,2133.266,2108.33,2132.796,53371329
2129.148,2158.681,2127.263,2154.916,71843204
2153.093,2159.683,2148.897,2157.62,75049798
2158.982,2168.734,2153.02,2160.99,72869536
2159.434,2175.545,2148.694,2174.102,72529246
2172.964,2176.795,2165.284,2168.814,68368559
2164.043,2164.043,2134.554,2136.078,71352322
2137.047,2144.006,2119.253,2142.525,67571589
2138.278,2139.142,2118.503,2118.945,54609394
2116.08,2122.683,2109.658,2112.197,45173009
2111.653,2120.714,2100.787,2114.891,44390634
2102.231,2110.78,2089.018,2106.957,46717499
2106.381,2124.195,2103.071,2118.268,60756505
2118.881,2121.149,2097.605,2107.711,58441412
2106.96,2118.736,2097.083,2113.072,58472299
2108.36,2109.822,2089.217,2092.104,60178948
2085.373,2085.373,2055.377,2055.708,60314833
2054.967,2083.956,2052.492,2073.154,54422104
2066.82,2073.949,2051.775,2053.235,52209808
2044.033,2060.185,2032.537,2052.585,61963792
2046.289,2059.302,2044.65,2047.522,46143904
2044.825,2066.78,2041.161,2059.147,60635498
2060.613,2063.817,2039.266,2043.649,57462184
2038.873,2048.319,2029.054,2037.681,57649803
2040.668,2052.95,2036.366,2051.918,56091817
2062.99,2145.003,2062.99,2127.762,139932624
2128.065,2140.168,2120.486,2134.893,103580026
2127.519,2127.519,2107.219,2120.554,80426638
2129.687,2137.89,2109.137,2126.554,84114742
2123.84,2130.079,2109.996,2110.379,79044972
2127.389,2136.226,2111.12,2123.847,91248271
2120.617,2121.583,2077.484,2078.5,76392233
2069.343,2074.762,2053.662,2059.543,53794850
2061.061,2069.95,2055.198,2067.831,52243629
2060.306,2060.306,2023.085,2024.837,67482659
2020.554,2041.948,2018.263,2026.69,60289456
2015.767,2040.85,2005.263,2033.192,57637779
2028.633,2039.096,2021.809,2029.293,48219408
2027.855,2033.036,1999.484,2004.172,50400828
2003.099,2068.071,2002.324,2056.323,76691457
2042.886,2089.633,2040.35,2086.169,79448952
2084.849,2096.259,2063.089,2074.419,55131612
2081.589,2119.336,2081.589,2115.23,84563788
2111.587,2121.992,2102.535,2119.942,78912035
2114.232,2117.839,2101.14,2102.868,74497029
2109.07,2127.307,2092.511,2104.932,68262972
2105.024,2107.199,2085.115,2098.703,53940751
2097.05,2111.78,2089.695,2098.808,57818438
2104.28,2113.162,2088.044,2105.618,59874065
2108.498,2137.686,2107.492,2131.688,87191092
2129.82,2136.869,2125.736,2128.302,67641279
2118.521,2138.027,2112.752,2132.758,60117222
2132.108,2136.218,2111.923,2114.447,72683806
2106.83,2123.998,2104.67,2115.99,72886618
2114.764,2128.74,2100.609,2101.58,85393109
2100.1,2102.162,2058.063,2066.209,78606435
2061.847,2068.237,2053.092,2058.943,53635009
2059.202,2075.905,2054.264,2062.347,60569092
2061.124,2070.479,2053.583,2068.88,59527234
2070.02,2109.496,2069.947,2104.428,82886670
2105.449,2119.224,2096.531,2117.046,76557220
2113.328,2123.327,2104.584,2114.027,71538762
2113.658,2114.791,2078.472,2105.999,71343850
2102.419,2112.631,2093.289,2105.73,59380128
2091.254,2092.565,2070.65,2071.509,66594561
2066.495,2077.228,2062.417,2069.067,54223460
2069.214,2079.571,2061.84,2079.274,56694855
2078.133,2078.133,2044.036,2047.889,61087293
2047.257,2056.488,2040.172,2055.419,48093000
2045.456,2053.56,2029.874,2030.29,50556857
2026.563,2028.686,2001.716,2014.725,49581680
2013.246,2018.38,1995.721,2016.982,45327018
2020.433,2023.611,2004.17,2008.923,42580635
2008.211,2031.149,1995.174,2030.319,53282021
2021.209,2023.085,2009.72,2015.611,45577847
2020.015,2034.884,2017.004,2027.384,51551469
2023.339,2027.274,2014.029,2017.464,44779551
2012.075,2014.211,1990.336,1991.165,56627422
1984.48,1984.863,1968.213,1973.523,50505587
1972.925,1980.556,1961.822,1963.488,49540088
1961.815,1983.419,1959.334,1980.117,56893416
1977.254,1988.191,1957.884,1959.767,61653375
1956.616,1980.119,1949.457,1975.143,62378123
1973.107,2040.604,1970.202,2031.907,119973040
2029.562,2036.609,2018.379,2029.237,81459219
2028.766,2065.745,2023.961,2061.786,115157289
2067.324,2087.007,2064.615,2083.77,115383226
2077.557,2088.635,2070.192,2074.704,93370830
2073.271,2085.934,2066.391,2082.726,78559142
2077.416,2081.363,2059.472,2061.476,72272324
2062.689,2152.496,2062.543,2150.625,160873812
2152.097,2169.57,2151.936,2160.342,144242218
2155.858,2183.714,2144.733,2162.464,126099467
2158.67,2175.395,2154.287,2162.239,94391522
2156.193,2174.819,2142.951,2168.353,99384183
2169.57,2190.398,2148.17,2153.31,103372872
2150.654,2170.394,2149.825,2159.053,78469664
2154.32,2220.263,2146.862,2213.611,143327708
2211.594,2220.475,2206.787,2219.132,121858630
2223.655,2234.724,2204.79,2205.897,129023501
2207.913,2234.869,2204.003,2233.252,115924934
2236.461,2269.512,2236.461,2269.128,128031402
2289.51,2296.113,2256.56,2276.992,139469931
2271.663,2293.317,2266.862,2285.364,118162813
2284.654,2289.139,2262.979,2276.07,122907877
2271.299,2283.896,2259.051,2275.34,122014924
2274.377,2295.484,2268.648,2283.658,120066676
2285.185,2290.205,2234.947,2242.997,125068275
2236.288,2317.617,2235.107,2311.74,144749889
2312.468,2332.783,2309.323,2325.682,165645981
2322.158,2326.764,2279.507,2309.499,153511167
2305.14,2305.602,2275.877,2284.909,119101835
2295.809,2324.509,2285.972,2317.07,125438026
2321.49,2329.581,2305.099,2328.221,134680458
2326.49,2335.806,2301.301,2315.139,149466584
2308.521,2325.118,2296.491,2320.911,118179722
2320.258,2362.943,2287.296,2302.598,161031674
2300.001,2308.38,2288.262,2291.304,92605741
2295.352,2346.921,2295.352,2346.505,128383760
2347.215,2363.797,2337.353,2358.977,141853934
2360.748,2383.763,2347.89,2382.475,149878907
2383.426,2391.821,2371.226,2385.422,139707892
2377.414,2421.154,2369.57,2419.02,140818172
2425.921,2440.376,2417.585,2428.154,167551402
2411.001,2437.415,2403.302,2433.13,150754505
2432.677,2441.726,2427.699,2434.477,116579966
2430.688,2433.893,2394.218,2418.53,120008634
2416.619,2443.032,2414.398,2432.402,109070386
2441.906,2444.804,2415.429,2421.558,116174994
2420.265,2427.075,2373.535,2382.914,123473334
2383.493,2397.941,2370.608,2397.178,110280577
2378.822,2378.822,2309.171,2325.951,144059478
2322.94,2330.879,2308.76,2314.164,96981828
2320.618,2338.78,2315.012,2325.819,88367374
2313.74,2340.709,2289.887,2293.341,117638667
2297.767,2324.627,2292.034,2313.22,97824887
2322.323,2366.164,2308.916,2365.593,126950494
2364.544,2369.649,2330.858,2359.506,120312752
2332.08,2333.54,2259.247,2273.404,161750025
2274.808,2328.143,2270.1,2326.306,131136598
2333.615,2351.441,2321.6,2347.179,141333692
2340.436,2352.021,2304.27,2324.293,139756348
2326.417,2333.667,2314.587,2318.611,98794148
2314.683,2320.961,2296.583,2310.593,84111903
2309.158,2333.286,2264.829,2286.605,117664456
2282.17,2286.329,2253.249,2263.968,90972788
2255.775,2276.222,2253.31,2270.277,80294086
2269.315,2312.078,2250.005,2278.401,116477813
2267.287,2276.05,2239.214,2240.016,93122772
2244.265,2261.314,2232.023,2257.434,87582105
2257.737,2317.86,2257.421,2317.374,131241284
2318.205,2330.813,2311.603,2324.242,119200910
2321.403,2331.995,2314.967,2328.278,101167299
2334.735,2344.894,2319.908,2326.715,97031526
2318.578,2319.988,2281.118,2297.669,104449015
2299.377,2323.477,2288.995,2301.259,96331195
2273.552,2273.552,2232.906,2236.302,127658698
2238.485,2246.868,2228.813,2236.621,85565473
2229.46,2243.949,2227.314,2234.395,77411774
2234.901,2253.421,2220.439,2227.74,89714323
2232.694,2241.34,2217.252,2225.295,81795267
2196.238,2212.586,2180.673,2211.592,86257470
2215.467,2234.725,2215.467,2225.775,82896544
2224.934,2233.04,2212.561,2226.126,80619621
2236.983,2242.479,2217.265,2219.553,73632704
2218.095,2226.262,2204.438,2206.78,66846340
2199.914,2204.987,2177.388,2181.942,71632323
2169.63,2196.432,2165.784,2194.846,79992178
2195.032,2197.508,2178.468,2193.796,68314181
2181.822,2206.027,2175.444,2197.602,71616927
2201.122,2250.11,2200.584,2244.643,109660556
2236.402,2245.119,2232.258,2242.169,95233730
2242.616,2242.616,2182.806,2184.538,96541315
2187.349,2226.117,2184.109,2218.318,91600261
2213.185,2224.63,2191.848,2199.307,96704188
2203.889,2210.581,2173.864,2177.912,76673970
2170.783,2179.647,2161.14,2174.123,68337936
2179.049,2222.811,2179.049,2205.497,88583464
2212.495,2236.066,2212.495,2231.166,92268146
2227.861,2240.256,2219.435,2235.575,86452356
2242.393,2255.208,2235.417,2246.3,90371933
2246.963,2247.864,2221.384,2232.971,98531637
2228.819,2247.674,2225.812,2246.831,90335476
2247.678,2250.854,2231.363,2241.92,86211224
2238.904,2239.926,2205.873,2217.01,83244975
2217.086,2225.186,2213.582,2224.797,71722893
2221.337,2252.872,2210.77,2251.806,110284376
2249.811,2288.091,2248.413,2282.87,126126006
2286.328,2309.392,2281.899,2299.986,139150514
2297.11,2305.301,2290.124,2305.114,124173176
2303.75,2314.183,2292.431,2302.403,128360026
2293.809,2304.953,2274.102,2275.667,124019844
2281.445,2292.595,2270.25,2288.533,101441213
2286.661,2301.702,2283.935,2293.077,107325061
2293.4,2322.099,2281.468,2321.318,132632995
2323.539,2334.335,2321.166,2324.017,125250729
2316.253,2325.721,2310.492,2317.749,111913032
2320.739,2325.534,2299.369,2300.595,108162554
2300.209,2313.425,2294.113,2299.252,96882814
2297.1,2297.1,2264.761,2272.416,101895818
2270.712,2276.865,2260.871,2270.931,76483303
2264.425,2266.692,2240.07,2242.11,81538694
2242.263,2250.629,2205.066,2210.898,89978077
2190.101,2190.101,2126.216,2148.355,94371094
2150.06,2163.846,2142.78,2162.041,77857472
2165.994,2169.356,2147.029,2156.215,75757790
2158.546,2161.681,2138.347,2159.291,69632271
2150.816,2150.816,2115.793,2143.454,75425016
2132.813,2132.813,2082.825,2084.021,77787930
2058.978,2085.86,2042.879,2073.095,79673224
2068.862,2068.862,1958.401,1963.235,109198215
1948.315,1963.566,1849.653,1959.508,138158516
1954.474,1959.158,1922.824,1951.495,101192527
1955.126,1980.54,1942.371,1950.013,105813318
1935.516,1987.984,1925.651,1979.206,100737968
1965.987,1995.916,1957.571,1995.242,78051393
1992.89,2007.62,1978.428,2006.56,86415418
1996.506,1996.537,1965.519,1994.268,93466471
1982.87,2022.136,1974.103,2006.098,100394183
2006.191,2021.541,2002.367,2007.199,91345222
1983.215,1983.215,1953.121,1958.273,84136491
1953.602,1969.149,1946.366,1965.454,64538733
1962.84,2009.36,1960.277,2008.126,89797981
2011.02,2092.868,2010.4,2072.991,159970773
2068.044,2074.857,2036.05,2039.486,121174175
2046.119,2076.665,2037.248,2059.39,101470357
2054.6,2066.363,2038.535,2065.72,96737399
2061.186,2075.813,2043.231,2044.922,103251321
2038.4,2043.372,2016.899,2023.396,92132049
2025.317,2035.22,1990.253,1992.648,104577571
1977.733,2005.474,1970.639,2004.762,82922190
2008.955,2051.526,2005.092,2043.876,109517360
2035.691,2042.773,2010.424,2033.329,106655779
2037.336,2045.365,2016.431,2021.174,98545366
2013.19,2021.574,2000.797,2010.85,73800429
1997.838,1997.838,1969.853,1976.306,78683274
1981.452,2006.232,1965.361,1990.064,77219784
2000.794,2015.472,1987.88,1993.799,70160603
2000.818,2029.928,1997.058,2029.067,91256686
2039.514,2047.084,2025.654,2029.418,93592767
2031.724,2050.911,2025.226,2050.481,85517968
2043.653,2066.74,2034.957,2060.5,105580975
2056.367,2069.561,2043.75,2046.778,107712594
2044.436,2058.561,2037.251,2044.895,84133290
2052.244,2061.708,2030.127,2052.235,95316423
2058.416,2102.347,2055.715,2101.283,135128974
2101.324,2106.397,2093.796,2106.156,117708875
2109.225,2122.965,2093.043,2100.137,114437802
2099.279,2108.405,2079.969,2081.88,99396656
2075.983,2198.848,2061.654,2068.452,153063326
2055.128,2091.132,2052.703,2085.602,97446783
2081.966,2098.98,2066.072,2072.595,107381773
2076.271,2076.317,2056.913,2072.961,87445991
2069.313,2083.333,2062.367,2067.124,90928307
2075.929,2079.846,2029.365,2057.458,112426351
2061.417,2097.344,2056.133,2096.474,119932652
2095.44,2105.376,2090.425,2103.567,126341966
2092.311,2113.817,2080.861,2101.301,161392026
2108.436,2110.894,2088.236,2097.227,133268219
2097.217,2114.393,2089.095,2098.382,170075649
2104.09,2108.683,2078.455,2098.448,149158524
2100.449,2123.847,2095.455,2123.112,138893175
2121.68,2132.996,2115.753,2127.618,142000386
2125.255,2127.855,2115.236,2122.43,126544104
2119.333,2143.244,2119.021,2139.993,143260660
2151.347,2218.529,2151.347,2212.516,219427086
2214.814,2238.551,2202.817,2237.984,237206649
2244.962,2258.075,2233.003,2241.268,244349455
2236.171,2270.268,2226.288,2255.605,209715110
2251.462,2259.424,2228.483,2236.217,171984229
2244.463,2248.471,2226.171,2231.401,154884020
2230.388,2230.929,2184.922,2185.56,154542555
2185.936,2195.904,2172.043,2191.851,115111887
2199.361,2223.068,2198.336,2221.044,133174858
2219.467,2219.543,2187.236,2207.531,160415055
2206.225,2217.974,2193.722,2198.515,160212762
2192.226,2192.226,2154.721,2155.809,140415346
2150.961,2165.777,2149.594,2160.027,105401788
2167.734,2176.303,2165.162,2174.665,92810081
2171.904,2200.018,2161.489,2198.199,126710203
2191.392,2212.347,2185.181,2211.769,130871737
2214.405,2214.592,2186.48,2190.929,149775896
2201.409,2228.871,2200.53,2228.146,156892176
2232.218,2242.984,2226.403,2237.773,165983386
2237.931,2240.25,2221.139,2233.412,153722825
2228.113,2228.113,2183.403,2193.074,154638637
2201.71,2211.03,2183.246,2188.542,126767944
2188.714,2203.291,2184.36,2193.78,103724631
2198.114,2230.285,2190.394,2229.237,136694408
2227.341,2227.341,2204.244,2210.652,149132831
2213.274,2226.847,2177.725,2183.107,146347090
2178.82,2183.412,2159.871,2164.322,103008953
2163.689,2170.612,2122.678,2132.955,113924520
2135.879,2140.957,2123.069,2133.869,88401322
2135.226,2163.657,2093.197,2128.864,143092811
2126.69,2161.935,2121.841,2160.463,119643362
2155.511,2155.511,2137.466,2141.614,108063020
2139.88,2157.313,2132.629,2149.562,89118477
2156.087,2160.578,2143.207,2149.634,76147941
2139.837,2158.148,2124.845,2157.24,91900031
2149.39,2166.171,2138.78,2139.607,100487344
2136.627,2141.6,2119.186,2129.4,81842610
2120.923,2128.581,2103.51,2106.127,83096859
2103.299,2117.28,2093.626,2109.471,69678299
2110.724,2127.938,2108.396,2126.772,79446731
2117.886,2117.912,2086.006,2087.941,88257094
2087.119,2102.38,2078.988,2100.506,83799373
2100.9,2153.213,2100.786,2135.827,125894520
2147.373,2198.316,2143.768,2197.219,157502714
2198.318,2203.297,2186.114,2193.125,125082307
2201.474,2207.105,2186.642,2206.613,118961861
2197.008,2206.531,2177.735,2205.766,137245516
2206.471,2211.066,2188.767,2196.378,113866457
2186.058,2209.148,2181.418,2186.115,108282655
2184.332,2192.579,2176.177,2183.073,100460830
2181.725,2207.617,2176.847,2201.07,115384411
2204.378,2234.387,2202.623,2219.372,134456777
2221.618,2224.944,2212.263,2220.504,106959053
2203.122,2231.921,2172.633,2207.371,174281990
2196.824,2227.925,2193.251,2222.67,113506410
2219.965,2260.871,2215.916,2251.762,157292943
2252.723,2255.261,2239.144,2247.063,122048414
2242.563,2248.147,2228.632,2237.108,103700929
2241.793,2249.169,2231.734,2238.2,93273639
2239.864,2250.504,2231.68,2237.492,109043133
2228.633,2228.633,2193.16,2204.166,109473150
2199.317,2214.548,2194.901,2202.796,86108671
2188.259,2204.637,2183.842,2196.075,85101012
2197.234,2201.696,2159.987,2160.861,101387594
2161.536,2165.543,2146.314,2151.079,78578936
2150.412,2156.593,2142.624,2148.285,64173584
2153.674,2159.142,2126.246,2127.792,73123479
2128.374,2131.737,2082.855,2084.794,86775212
2089.539,2099.522,2068.543,2089.707,68146636
2094.073,2111.805,2079.81,2092.905,70251467
2095.019,2107.232,2088.297,2106.354,65139096
2102.66,2102.66,2070.546,2073.099,78541408
2074.592,2110.357,2069.59,2101.251,76756827
2108.883,2112.009,2095.063,2097.529,74085056
2090.679,2120.274,2087.415,2115.978,80474375
2112.126,2113.11,2101.016,2109.387,68485486
2101.542,2102.167,2075.899,2083.136,84497241
2078.684,2078.684,2034.006,2045.709,89587608
2034.224,2052.279,2029.246,2047.317,63402938
2047.256,2062.952,2037.11,2044.34,71647364
2041.773,2057.196,2026.446,2027.622,75941883
2023.535,2029.297,2008.007,2013.298,75616121
2014.978,2027.181,2000.404,2009.564,66544776
2007.156,2027.428,2001.135,2026.842,70366614
2024.228,2027.409,2010.204,2023.348,67436222
2022.538,2034.707,2014.407,2023.701,72755719
2017.522,2017.868,2001.33,2004.949,67305720
2001.894,2005.938,1984.824,1991.253,56271247
1992.015,2014.152,1992.015,2008.313,59844911
2009.969,2052.339,2008.93,2051.749,98892856
2048.331,2052.528,2039.052,2042.18,84210585
2037.667,2060.986,2034.453,2054.392,92947921
2044.272,2044.846,2029.626,2033.3,88815426
2036.402,2047.129,2026.987,2038.513,72529043
2042.176,2051.583,2039.771,2049.914,73865462
2045.931,2045.931,2031.466,2033.083,62615184
2022.323,2044.73,2014.698,2044.497,73598755
2049.984,2087.975,2049.984,2086.067,124331833
2086.177,2111.061,2082.522,2103.671,142211324
2103.828,2110.904,2096.509,2109.955,126333186
2106.934,2122.826,2096.966,2098.401,146532634
2097.32,2116.186,2095.09,2115.848,111517950
2124.88,2136.447,2117.689,2135.415,140244443
2134.143,2134.143,2113.128,2119.066,142869308
2116.919,2152.961,2111.168,2142.554,151261246
2152.891,2177.978,2136.481,2138.782,157052276
2131.592,2132.703,2098.328,2113.693,117662651
2099.717,2099.717,2058.791,2076.686,123555308
2077.285,2087.616,2026.543,2034.219,140132978
2026.61,2041.627,2014.381,2041.254,110112687
2045.096,2068.314,2036.391,2047.354,132163852
2040.624,2058.489,2020.935,2056.302,111637907
2052.075,2078.333,2047.067,2075.235,127460891
2068.107,2074.025,2050.125,2071.473,115925792
2073.295,2074.815,2050.175,2053.084,107733082
2050.032,2065.79,2030.946,2059.578,109290133
2058.375,2079.49,2050.47,2057.908,103709540
2042.352,2042.634,1995.549,1999.065,115696666
1994.415,2008.071,1985.599,2001.157,92705265
1996.239,2011.06,1974.382,1997.692,101361719
2000.695,2029.12,1996.529,2019.111,100978116
2008.825,2017.913,1990.98,2004.339,87775111
2009.882,2024.372,1999.249,2023.673,86250374
2026.224,2034.917,2020.41,2025.196,96777193
2019.98,2022.181,2002.441,2021.734,95180797
2017.22,2030.847,1993.002,1993.479,110333048
1987.679,2052.472,1986.071,2047.619,144477656
2050.827,2074.056,2043.33,2066.279,147700085
2063.323,2079.551,2057.491,2067.311,131822232
2070.574,2074.572,2057.648,2063.67,102611116
2060.812,2073.982,2042.713,2046.588,119149374
2046.851,2060.134,2035.243,2041.712,121681965
2043.045,2048.134,2024.185,2033.306,94356536
2031.005,2050.681,2028.096,2047.46,83286576
2049.423,2060.778,2046.742,2058.988,102658525
2063.497,2066.007,2037.447,2043.702,108618421
2037.552,2060.104,2035.221,2058.831,83189056
2054.53,2102.452,2052.9,2098.284,133370983
2100.651,2108.75,2095.64,2105.237,105340471
2105.876,2146.67,2098.079,2134.3,156789609
2130.368,2138.651,2120.179,2130.542,131768359
2127.409,2134.434,2116.61,2131.539,102077853
2125.902,2125.902,2098.15,2101.601,107531151
2097.213,2112.05,2092.157,2105.122,89361657
2108.947,2110.716,2095.714,2098.885,89896325
2091.48,2099.637,2081.185,2097.748,88155695
2085.98,2103.078,2065.234,2065.826,96378369
2062.787,2073.663,2047.332,2072.831,98719882
2068.084,2076.349,2059.109,2067.382,78531521
2064.156,2075.757,2056.193,2057.033,78185955
2060.538,2065.643,2035.566,2036.519,93042333
2033.337,2035.99,2000.137,2003.487,89795262
2001.896,2021.68,1997.64,2020.341,76221275
2020.438,2029.538,2016.577,2026.358,74528578
2022.178,2028.957,2007.351,2027.353,79933395
2024.256,2038.705,2021.485,2028.038,74609411
2023.152,2024.631,2008.451,2010.083,74360192
2006.853,2036.941,2005.685,2015.274,77865393
2016.501,2020.454,2001.3,2011.135,76224244
2022.932,2055.506,2016.638,2052.871,115742077
2055.079,2061.06,2043.547,2050.728,97223388
2049.27,2056.574,2042.744,2047.91,72011125
2044.377,2047.316,2022.861,2024.974,75845154
2023.596,2027.756,2012.694,2026.504,66353660
2023.014,2023.267,1996.015,2005.183,65329438
2011.846,2018.156,2002.759,2008.119,61345382
2001.306,2025.194,1991.055,2024.951,61811547
2023.148,2041.96,2018.877,2021.285,74728474
2020.115,2034.569,2017.739,2034.569,63488065
2042.028,2045.381,2035.094,2041.476,70281220
2039.791,2044.148,2032.839,2034.565,67577889
2034.561,2052.656,2029.336,2050.228,81338642
2051.84,2057.077,2039.238,2040.595,81242921
2040.394,2046.96,2031.373,2039.212,75148898
2039.196,2049.576,2037.3,2038.305,71584124
2037.989,2038.481,2012.913,2024.834,72412771
2019.442,2041.701,2016.175,2040.878,67949536
2040.864,2041.573,2022.158,2029.956,66021744
2024.942,2045.255,2023.198,2030.502,64788317
2033.207,2052.765,2026.389,2052.532,79623717
2049.128,2056.631,2045.407,2054.948,74444354
2051.582,2057.105,2045.962,2051.713,81711186
2049.206,2073.596,2048.618,2070.715,97174806
2070.699,2087.322,2069.441,2085.983,95939770
2080.482,2080.482,2064.666,2066.698,87800481
2064.383,2066.913,2051.746,2055.519,87245350
2054.62,2059.255,2017.653,2023.735,92914274
2013.414,2027.148,2010.53,2026.674,67167246
2026.226,2033.32,2022.917,2024.365,70485162
2023.699,2034.707,2021.75,2033.931,71214634
2030.433,2030.616,2018.36,2025.502,67539610
2025.662,2040.754,2025.314,2038.677,80955778
2031.907,2043.982,2025.073,2036.51,97592017
2038.613,2052.342,2038.527,2048.327,96666598
2051.225,2052.635,2041.937,2050.381,98457409
2049.485,2060.595,2044.035,2059.418,109553911
2051.632,2066.641,2048.081,2063.229,122926582
2062.358,2065.078,2054.217,2059.375,105008792
2058.128,2064.043,2050.887,2059.927,97168754
2058.134,2064.433,2047.204,2064.021,95053393
2061.635,2062.474,2037.601,2038.612,113305841
2036.54,2045.527,2034.956,2038.342,97943819
2033.869,2051.737,2033.004,2046.961,105088083
2047.744,2067.342,2044.901,2066.646,115119740
2065.9,2070.358,2059.679,2070.357,124488768
2068.343,2075.493,2061.572,2067.276,137128020
2062.888,2062.888,2046.189,2055.591,104491812
2047.498,2067.233,2045.996,2059.067,106641094
2057.767,2061.823,2049.175,2054.479,93857870
2050.5,2078.085,2049.815,2075.481,123191868
2074.195,2088.192,2072.229,2078.489,137292211
2079.632,2107.946,2079.632,2105.062,165676996
2108.714,2127.217,2106.714,2126.614,142495826
2135.249,2181.496,2135.249,2177.948,236185752
2179.826,2193.523,2172.102,2183.192,200264257
2178.179,2194.572,2177.244,2181.243,184922187
2179.543,2202.126,2173.9,2201.562,164691654
2194.17,2218.789,2184.641,2185.303,191475042
2190.036,2224.068,2186.917,2223.331,174097403
2224.632,2226.838,2206.85,2219.945,175386987
2212.003,2223.893,2192.993,2217.465,177711707
2216.659,2220.568,2185.763,2187.669,175233274
2188.709,2199.578,2180.597,2194.425,135181443
2199.433,2225.961,2198.314,2224.654,150583421
2222.696,2222.979,2210,2221.595,154799046
2223.051,2230.991,2202.443,2222.877,178062806
2221.541,2230.894,2204.384,2206.466,170149123
2207.226,2230.872,2203.242,2226.734,149978691
2229.804,2242.035,2228.134,2239.466,163928626
2242.34,2246.016,2227.925,2245.33,177744592
2241.664,2248.939,2233.892,2240.211,167658383
2239.568,2240.077,2211.63,2230.458,165733498
2228.974,2243.303,2225.267,2240.812,160111672
2241.1,2241.553,2222.009,2229.274,162119578
2225.291,2232.785,2200.618,2207.106,163507424
2207.03,2216.67,2204.048,2209.465,120885885
2210.484,2219.473,2194.861,2195.818,124229014
2198.946,2218.696,2193.263,2217.2,105202496
2220.129,2236.286,2217.685,2235.511,129166583
2239.684,2267.509,2234.378,2266.046,192124869
2268.395,2290.547,2268.1,2288.627,212478998
2290.029,2307.701,2283.277,2306.862,199489978
2311.305,2327.557,2307.447,2326.432,213181917
2328.426,2331.917,2315.894,2326.527,196990318
2318.496,2321.908,2306.421,2318.305,189828991
2315.732,2343.595,2304.602,2311.679,222221798
2308.346,2331.95,2302.775,2331.95,193471540
2330.187,2340.449,2321.593,2339.14,215112414
2341.027,2347.935,2293.869,2296.555,302694111
2298.982,2309.048,2282.795,2307.893,210842453
2303.85,2319.875,2297.931,2315.928,189089045
2312.984,2331.561,2305.517,2329.451,174648487
2323.554,2323.554,2284.378,2289.866,175842354
2289.091,2311.525,2289.024,2309.718,156855169
2302.231,2345.747,2297.876,2343.575,222525725
2352.865,2365.154,2336.805,2345.103,225688323
2339.288,2350.109,2329.955,2347.718,174748285
2353.708,2363.059,2346.579,2357.711,200111021
2361.318,2365.491,2354.268,2363.87,193918690
2368.576,2382.794,2354.29,2382.794,204397326
2383.859,2391.348,2367.111,2389.371,235920010
2380.755,2386.277,2365.075,2374.54,224671126
2366.426,2366.862,2341.124,2366.009,200899314
2362.802,2380.515,2349.194,2359.475,196831418
2358.233,2374.808,2344.373,2373.67,202804915
2361.13,2389.675,2353.406,2356.499,248201168
2352.784,2360.597,2312.826,2341.184,212300962
2346.052,2357.509,2340.459,2356.728,160022305
2355.033,2361.653,2337.551,2339.657,168828288
2339.223,2352.124,2324.59,2326.553,152698425
2322.316,2329.927,2297.33,2302.418,162636308
2303.08,2314.875,2296.657,2302.28,132225281
2293.573,2293.644,2279.836,2290.437,130261568
2294.012,2338.278,2294.012,2337.871,178590357
2343.72,2381.643,2339.712,2373.03,265588687
2371.891,2397.256,2365.919,2391.076,294645943
2393.178,2423.596,2384.483,2420.178,325763522
2425.225,2436.785,2418.167,2430.032,298821235
2428.271,2435.223,2417.221,2430.677,309013039
2432.169,2434.363,2415.502,2419.254,263606654
2419.617,2426.89,2401.75,2425.864,222005088
2427.898,2454.423,2407.442,2418.171,291172245
2436.628,2474.156,2428.185,2473.673,300628203
2483.648,2508.623,2445.96,2469.673,411904065
2454.602,2494.917,2444.814,2494.476,252933852
2494.998,2507.743,2471.407,2485.606,295037058
2477.966,2481.025,2457.045,2478.824,220607619
2506.864,2508.767,2472.446,2474.009,215687800
2474.182,2477.052,2449.813,2456.366,201062570
2452.15,2461.491,2442.71,2450.986,186235771
2443.276,2458.319,2437.476,2452.66,165495213
2452.635,2488.201,2446.646,2486.791,212239774
2505.532,2546.746,2495.521,2532.879,363485835
2531.998,2568.381,2527.077,2567.597,314315572
2572.649,2605.07,2570.404,2604.345,337127249
2615.367,2631.399,2599.108,2630.486,364075719
2629.626,2683.18,2622.061,2682.835,465880035
2691.725,2720.743,2668.841,2680.155,446791741
2667.82,2777.372,2665.686,2763.545,437733381
2768.678,2824.179,2733.868,2779.525,562120281
2783.469,2900.508,2772.432,2899.456,532687718
2926.573,2978.029,2813.052,2937.647,640500296
2907.815,3041.657,2879.847,3020.258,587570890
2992.49,3091.324,2834.592,2856.269,771998379
2855.94,2946.707,2807.678,2940.006,512886913
2912.346,2965.675,2892.611,2925.743,482632733
2929.36,2962.51,2914.956,2938.173,409480811
2921.446,2960.227,2890.904,2953.421,400371695
2953.811,3021.897,2943.912,3021.518,453842723
3031.952,3076.599,2993.333,3061.02,542503179
3062.801,3089.791,3030.319,3057.521,435904952
3053.075,3117.527,3018.421,3108.596,521073511
3129.267,3189.867,3090.509,3127.445,679371915
3085.08,3136.838,3025.667,3032.612,437762400
3039.206,3050.507,2934.911,2972.532,376805246
2992.462,3073.345,2969.874,3072.536,376947776
3078.005,3164.155,3064.176,3157.603,460700932
3212.559,3223.86,3126.944,3168.016,510111439
3160.801,3190.299,3130.353,3165.815,397725320
3172.597,3239.357,3157.259,3234.677,405998521
3258.627,3369.281,3253.883,3350.519,531352391
3330.799,3394.224,3303.184,3351.446,501661695
3326.649,3374.896,3312.211,3373.954,391918880
3371.957,3381.566,3285.095,3293.456,371131170
3276.965,3404.834,3267.509,3285.412,410240872
3258.213,3275.185,3191.582,3229.316,322064679
3223.542,3259.386,3214.412,3235.301,230725754
3242.337,3268.483,3193.978,3222.437,240190747
3224.07,3337.084,3207.545,3336.455,282546240
3343.603,3400.318,3340.49,3376.495,339876753
3189.727,3262.207,3095.066,3116.351,401098789
3114.56,3190.245,3100.477,3173.052,357080811
3189.085,3337.004,3178.343,3323.611,410956024
3327.319,3352.384,3293.978,3343.344,353382961
3357.096,3406.786,3328.293,3351.764,366249240
3347.257,3384.798,3321.315,3383.182,317541007
3389.853,3390.216,3290.219,3352.96,374517551
3325.722,3354.802,3294.655,3305.738,301927095
3258.997,3286.786,3234.241,3262.305,274658613
3273.747,3288.503,3210.308,3210.363,258312548
3148.136,3175.134,3122.572,3128.3,250861629
3156.086,3207.935,3129.732,3204.907,248192164
3212.822,3238.982,3171.144,3174.126,249098086
3251.212,3251.212,3135.819,3136.531,306139305
3120.09,3129.539,3052.939,3075.907,246749666
3063.51,3119.034,3049.111,3095.124,206108383
3090.49,3142.099,3084.253,3141.593,193817139
3145.765,3166.421,3139.052,3157.704,172840094
3157.959,3181.766,3134.244,3173.416,194592309
3186.808,3237.159,3182.794,3203.827,261290436
3206.137,3228.846,3195.884,3222.363,223797429
3230.884,3255.725,3230.772,3246.906,228332624
3256.479,3257.223,3215.552,3228.843,233348094
3222.151,3300.616,3202.188,3298.359,301263875
3296.831,3324.546,3291.007,3310.303,299163717
3332.721,3336.76,3298.669,3336.285,346445671
3317.695,3317.695,3260.429,3263.052,382044619
3264.182,3286.588,3250.484,3279.533,293639522
3264.085,3266.638,3221.666,3248.476,320663585
3248.036,3266.933,3234.533,3241.187,282915791
3224.314,3307.702,3198.37,3302.408,321495440
3289.085,3309.915,3277.095,3286.068,285817576
3289.594,3325.054,3278.471,3290.9,282985535
3314.813,3360.054,3300.488,3349.323,357295105
3359.488,3391.255,3352.15,3372.911,328410154
3391.158,3449.305,3377.087,3449.305,399132430
3469.603,3504.123,3459.694,3502.847,520939506
3510.501,3577.662,3503.853,3577.301,545217144
3576.019,3600.684,3546.844,3582.271,537346614
3587.084,3632.338,3569.38,3617.318,516661669
3640.104,3688.249,3635.485,3687.728,536062832
3692.569,3715.873,3600.698,3691.41,639554669
3680.953,3693.151,3634.559,3660.727,521886348
3641.942,3707.318,3615.011,3682.095,488647203
3686.134,3710.477,3656.831,3691.096,408945165
3710.612,3795.935,3710.612,3786.568,564702353
3822.987,3835.567,3737.043,3747.899,561676037
3748.34,3817.082,3742.213,3810.294,447458319
3827.689,3835.451,3775.894,3825.784,479299673
3803.383,3864.405,3792.211,3863.929,473033311
3899.42,3961.666,3891.728,3961.378,570447535
3976.532,4000.22,3903.648,3994.811,618085419
4006.13,4016.396,3900.027,3957.534,585176825
3947.492,4040.348,3929.319,4034.31,484283619
4072.723,4128.072,4057.293,4121.715,589814227
4125.782,4168.346,4091.257,4135.565,610683541
4135.648,4175.494,4069.007,4084.163,613005812
4055.916,4195.305,4031.244,4194.823,551242956
4254.723,4317.223,4238.91,4287.296,701706205
4301.352,4356.001,4190.681,4217.077,857132807
4212.185,4294.375,4188.569,4293.623,634470627
4304.597,4400.193,4297.951,4398.494,680305086
4414.485,4444.41,4358.844,4414.508,667344661
4355.951,4416.376,4318.119,4393.686,628554996
4441.929,4529.735,4441.929,4527.396,671088521
4527.635,4572.391,4432.904,4476.215,767676416
4446.119,4499.945,4398.639,4476.62,519834202
4483.013,4507.344,4441.054,4441.655,526727975
4441.343,4487.57,4387.426,4480.464,494173398
4479.848,4488.865,4282.237,4298.706,572858596
4311.641,4376.353,4187.368,4229.266,481732993
4197.896,4213.764,4108.009,4112.214,394566653
4152.984,4206.86,4099.042,4205.917,397428094
4231.271,4334.877,4187.82,4333.584,488750515
4342.37,4402.309,4317.975,4401.219,521866408
4402.378,4415.629,4342.481,4375.76,510490475
4372.816,4397.745,4329.042,4378.311,449077935
4366.822,4366.822,4278.553,4308.691,439706198
4277.895,4324.826,4260.509,4283.491,380057452
4285.777,4418.403,4285.777,4417.552,436735224
4434.979,4520.538,4432.279,4446.288,514106223
4456.435,4530.478,4438.258,4529.422,464996520
4584.984,4658.273,4562.989,4657.596,655591287
4660.075,4814.672,4656.825,4813.798,682461391
4854.85,4911.685,4779.075,4910.897,704892829
4932.846,4958.156,4857.056,4941.714,681165379
4943.742,4986.503,4614.241,4620.266,782964592
4603.465,4698.193,4431.563,4611.744,611262409
4633.098,4829.502,4615.231,4828.738,593389035
4844.704,4911.574,4797.552,4910.527,623748099
4924.381,4942.065,4822.442,4909.978,611453839
4912.945,4947.965,4647.407,4947.102,674952402
5016.088,5051.626,4898.068,5023.096,772240812
5045.694,5146.949,4997.481,5131.881,855035085
5145.978,5147.454,5042.963,5113.534,729893818
5049.1965,5164.1622,5001.4894,5106.0359,596969001
5101.4398,5122.4566,5050.7646,5121.5925,563990522
5143.3431,5178.191,5103.4007,5166.35,625627854
5174.4182,5176.7945,5048.7419,5062.9929,637803984
5004.4118,5029.6836,4842.0999,4887.432,550801407
4890.5511,4983.658,4767.216,4967.8983,537101168
4942.5198,4966.7668,4780.8731,4785.356,507440899
4689.9286,4744.0812,4476.5008,4478.3643,452689626
4471.613,4577.9394,4264.7724,4576.4922,473526128
4604.5792,4691.7676,4552.1285,4690.1497,543003709
4711.7632,4720.7005,4483.5477,4527.7789,572797533
4399.933,4456.8958,4139.5304,4192.8734,565217874
4289.7713,4297.4747,3875.0499,4053.0304,673786349
4006.7537,4279.969,3847.8799,4277.2219,709176633
4214.1499,4317.0527,4043.3667,4053.6997,598769427
4058.6241,4080.3873,3795.2532,3912.7668,586015612
3793.7121,3927.1275,3629.5556,3686.9153,548163111
3975.2142,3975.2142,3653.0371,3775.9122,831139286
3654.7775,3750.5696,3585.3989,3727.1248,698818688
3467.3986,3599.2532,3421.5252,3507.1923,680356922
3432.4536,3748.4785,3373.5396,3709.3304,656914612
3707.4577,3959.2196,3677.4345,3877.8034,586364255
3918.9895,4030.1947,3858.6368,3970.3878,643489007
3958.3729,4035.4345,3855.56,3924.4871,670558799
3874.9681,3914.2732,3741.2503,3805.7033,601301324
3758.5045,3877.5141,3688.4415,3823.1755,492256200
3831.4205,3994.4767,3814.1467,3957.3516,481726268
3948.4208,4021.3255,3927.1214,3992.1096,539106714
3939.8978,4041.8194,3912.8013,4017.6748,504288028
3996.4268,4042.3381,3960.8636,4026.045,520732225
4022.2677,4132.6119,4019.0382,4123.9234,563585966
4124.7549,4184.4487,4044.8311,4070.908,627424860
3985.5702,4051.1588,3720.4441,3725.5582,556003247
3573.1428,3762.5256,3537.3576,3663.0024,563330042
3689.8249,3792.0722,3612.0641,3789.168,434352085
3773.7884,3844.374,3685.9555,3705.7656,457943228
3655.6668,3729.5123,3620.1653,3663.7256,350955745
3614.99,3648.943,3549.4962,3622.9051,363968731
3621.8549,3757.0292,3601.2892,3756.5449,362901666
3745.6459,3782.3522,3676.39,3694.5733,366422979
3625.5035,3710.5699,3614.7419,3661.5392,274074663
3692.6143,3756.7398,3686.2996,3744.2045,340757184
3786.0326,3943.6236,3775.8535,3928.4154,497304319
3928.8075,3970.3367,3891.179,3927.9083,538923460
3881.2275,3937.7723,3871.1358,3886.3198,442688278
3869.9108,3955.7894,3838.159,3954.5561,430073303
3976.4054,4000.6843,3939.835,3965.3349,467988217
3947.8444,3994.5371,3907.3991,3993.6677,460432060
3999.1336,4006.3372,3743.3939,3748.1639,543770822
3646.8032,3811.427,3558.3827,3794.1094,475396239
3754.5667,3788.0054,3663.6067,3664.2907,390063057
3609.9587,3652.8368,3490.5401,3507.744,369920479
3373.4776,3388.3638,3191.879,3209.905,334671792
3004.1261,3123.0339,2947.944,2964.9674,352325110
2980.7941,3092.0406,2850.7135,2927.288,466699663
2978.0296,3085.4222,2906.4901,3083.5912,400308398
3125.2635,3235.8385,3102.9451,3232.3495,443136928
3203.559,3207.8621,3109.1627,3205.9855,397431382
3157.8318,3180.3312,3053.7377,3166.6239,432432468
3027.6782,3194.4847,3019.0866,3160.167,438170153
3149.3796,3217.5787,3066.3039,3080.4201,296468114
3054.444,3174.7094,3011.117,3170.4522,255415465
3182.5524,3256.7433,3165.6955,3243.0889,375327978
3190.553,3243.2808,3178.9042,3197.8932,273261759
3189.4788,3223.7622,3163.4489,3200.2337,224557822
3221.1654,3229.4818,3049.2298,3114.798,346631158
3043.8047,3081.7028,2983.9203,3005.1722,249194445
2998.0358,3182.9343,2983.5352,3152.2632,277524524
3131.9823,3204.7019,3085.3142,3086.0611,317602892
3100.2796,3122.0478,3070.3355,3097.9172,209175398
3072.0942,3159.8825,3060.8557,3156.5399,239897354
3161.3179,3213.4755,3152.4805,3185.6187,274786154
3137.723,3164.0406,3104.7439,3115.8881,236322670
3126.4906,3151.1646,3109.6911,3142.6869,212887723
3130.8513,3149.9481,3062.9952,3092.347,236263871
3085.5674,3103.0685,3042.3103,3100.7559,156727530
3055.2176,3068.2976,3021.157,3038.1368,163222673
3052.8408,3073.2998,3039.7418,3052.7814,146642449
3156.0747,3172.2814,3133.1266,3143.3573,234276050
3146.6438,3192.7165,3137.7881,3183.1516,234851445
3193.5397,3318.7139,3188.4066,3287.6624,386294715
3262.1559,3298.6259,3253.2486,3293.2301,297153133
3280.0198,3307.3154,3256.2531,3262.4414,295077739
3255.0315,3338.2966,3254.3923,3338.073,316283851
3358.2972,3393.0178,3334.8539,3391.3516,395460575
3401.6272,3423.4021,3355.5661,3386.7003,378112183
3377.5467,3425.5155,3357.8608,3425.3303,318973758
3428.5608,3447.2577,3265.4359,3320.6761,458455428
3292.2908,3373.776,3282.993,3368.7388,323739341
3377.5483,3422.0223,3360.2179,3412.4338,347372854
3448.6487,3457.517,3402,3429.5809,365560853
3409.1366,3441.5651,3332.6157,3434.336,328172768
3417.0106,3439.7582,3367.2311,3375.1961,293523284
3387.7743,3411.7144,3362.5094,3387.3154,235676026
3380.2838,3417.2013,3346.5907,3382.5612,243595118
3337.5782,3391.0641,3322.3117,3325.0846,230951129
3330.3163,3346.2749,3302.1835,3316.6954,192897428
3325.6187,3459.6459,3325.6187,3459.6396,339078730
3459.2151,3585.6571,3455.5251,3522.8185,553254947
3514.4356,3596.3821,3508.827,3590.0324,429167033
3588.4983,3673.7595,3588.4983,3646.8811,503016682
3617.396,3669.5325,3607.8909,3640.4853,429746576
3635.0036,3654.8773,3605.6209,3650.2494,360972651
3656.8171,3659.3146,3603.2284,3632.9016,361717600
3600.7639,3632.5562,3564.8093,3580.8388,345870933
3522.4608,3607.6117,3519.4211,3606.9574,276187057
3629.9765,3678.2725,3598.0682,3604.7951,383575468
3605.0606,3617.0688,3558.6968,3568.4676,297580734
3573.776,3618.213,3561.044,3617.062,247915576
3620.7909,3640.5292,3607.9152,3630.4995,310801972
3630.8665,3654.7543,3598.8708,3610.3195,315997474
3602.887,3616.4841,3563.104,3616.1125,248810524
3614.0681,3648.3667,3607.5178,3647.93,273024857
3659.5742,3668.3764,3629.8648,3635.5521,306761582
3616.5441,3621.8965,3412.4272,3436.303,354287525
3433.8551,3470.3708,3327.8115,3445.4048,304197903
3442.4412,3483.4139,3417.545,3456.3085,252390755
3450.278,3538.8465,3427.6613,3536.9051,301491480
3525.7274,3591.73,3517.2303,3584.8237,281111255
3558.1489,3568.9701,3510.4119,3524.992,251736411
3529.8063,3543.9454,3506.6248,3536.9272,208302579
3518.6484,3518.6484,3466.7896,3470.0698,224367310
3462.5827,3495.7017,3454.8794,3472.4394,195698845
3469.8059,3503.6535,3446.273,3455.4951,200427517
3441.5973,3455.5484,3410.9238,3434.5813,182908878
3403.5065,3521.7794,3399.2803,3520.6682,215374620
3518.126,3529.961,3496.854,3510.354,200471341
3522.0908,3538.6893,3506.2909,3516.1867,193482310
3533.628,3583.408,3533.628,3579.999,283856476
3574.94,3614.698,3568.161,3578.964,273707904
3568.581,3651.056,3565.751,3642.472,299849280
3645.99,3652.635,3616.87,3651.767,261178763
3653.282,3684.567,3633.025,3636.089,298201801
3631.313,3640.221,3572.277,3612.485,227785225
3614.054,3635.256,3601.738,3627.914,198451111
3635.769,3641.588,3533.779,3533.779,269983278
3528.395,3564.171,3515.52,3563.736,182551923
3566.731,3573.684,3538.112,3572.876,187889609
3570.467,3580.602,3538.353,3539.182,176963659
3536.589,3538.689,3295.741,3296.258,184418423
3196.651,3328.139,3189.605,3287.711,266882083
3291.195,3362.974,3288.933,3361.84,238886670
3309.657,3309.657,3115.885,3125.002,70569123
3194.625,3235.451,3056.878,3186.412,286440822
3131.853,3166.215,3016.697,3016.704,271643691
3026.159,3047.664,2978.463,3022.861,207659622
3041.107,3059.015,2949.29,2949.597,194282106
2874.049,3012.293,2867.553,3007.649,212905644
2988.0483,3001.7081,2883.8679,2900.9698,198721697
2847.5389,2945.4496,2844.7042,2913.8367,164699694
2914.4078,3012.0684,2906.4038,3007.7393,205279703
2993.014,3016.283,2951.922,2976.694,216505474
2934.391,2998.79,2880.085,2880.482,191675668
2911.112,2931.359,2851.733,2916.562,159810734
2934.078,2955.783,2911.829,2938.515,153039057
2907.718,2911.991,2743.839,2749.785,210836054
2756.082,2768.772,2638.302,2735.558,215722046
2711.158,2740.536,2647.493,2655.661,171120280
2652.854,2755.367,2649.791,2737.6,186673106
2730.984,2735.255,2655.623,2688.854,156383744
2687.982,2755.159,2687.982,2749.57,158078211
2719.574,2746.072,2696.884,2739.247,148397217
2751.432,2793.298,2751.314,2781.023,170382018
2783.076,2790.061,2762.16,2763.492,141186284
2684.961,2760.359,2682.09,2746.196,129263932
2758.579,2840.622,2758.579,2836.571,195961614
2829.764,2868.701,2824.356,2867.338,216909925
2881.777,2893.215,2857.699,2862.893,219203873
2854.904,2872.724,2840.488,2860.021,163391413
2888.598,2933.964,2880.347,2927.175,232176042
2925.708,2928.048,2872.282,2903.331,199740663
2889.885,2929.871,2872.274,2928.896,213410384
2922.237,2922.237,2729.851,2741.245,270284416
2760.058,2784.753,2715.874,2767.21,191110472
2754.814,2755.89,2638.963,2687.979,207410709
2688.38,2747.562,2668.757,2733.17,187207443
2733.767,2852.7,2732.539,2849.681,270961783
2847.331,2878.445,2840.874,2859.758,287478210
2848.538,2880.372,2808.849,2874.147,312495169
2886.64,2911.839,2871.346,2897.34,217466836
2895.666,2902.621,2802.563,2901.387,233482661
2839.411,2863.015,2811.718,2862.556,183355383
2847.567,2863.176,2803.476,2804.726,138979461
2781.6,2815.607,2772.551,2810.307,127247554
2830.084,2889.816,2823.028,2859.499,194816030
2853.978,2865.787,2819.795,2864.368,163386667
2858.709,2881.529,2854.192,2870.43,186492535
2875.411,2921,2857.191,2904.832,200290213
2915.518,2971.551,2908.742,2955.15,313332735
2978.455,3028.322,2973.758,3018.802,352400438
3001.63,3019.101,2988.426,2999.363,270377322
2991.169,3012.56,2980.855,3009.96,216977462
2986.801,2998.154,2960.537,2960.97,237006403
2956.2,2981.408,2952.106,2979.434,175074344
2988.01,3008.168,2948.526,2957.82,202021241
2956.705,2962.203,2905.251,2919.832,182965345
2941.218,3001.106,2941.218,3000.645,210371451
3009.367,3023.409,2992.916,3003.915,220413445
2997.088,3009.673,2956.247,3009.53,206545866
3000.938,3057.33,2993.148,3053.065,256730344
3039.745,3059.794,3029.005,3050.592,232262051
3058.339,3062.358,3007.06,3008.42,220919506
2988.2,2996.171,2960.46,2984.958,187904633
3006.909,3048.977,3006.909,3033.957,220018324
3031.301,3036.825,3001.315,3023.646,182718668
3041.358,3097.165,3041.358,3066.638,310003246
3080.09,3086.698,3056.989,3082.362,208237830
3085.026,3089.951,3066.872,3078.117,189613051
3058.463,3058.463,3022.97,3033.66,183304512
3047.133,3054.503,3024.895,3042.823,156533200
3050.381,3055.689,2905.049,2972.584,283144219
2954.37,2990.673,2943.464,2952.891,189406849
2933.035,2960.209,2926.776,2959.24,137211668
2949.973,2954.092,2917.02,2946.67,125856243
2944.716,2965.429,2933.971,2964.7,117711604
2967.19,2976.022,2949.432,2953.671,130867640
2955.742,2959.512,2916.374,2945.589,138663274
2935.376,2950.576,2930.357,2938.324,109310628
2940.392,2993.535,2929.815,2992.643,168703643
2983.027,3004.418,2978.33,2991.272,165407106
2987.022,2999.118,2977.2,2997.842,144831383
2998.402,3003.59,2913.036,2913.248,206796498
2896.162,2896.162,2821.826,2832.113,180378330
2822.327,2845.238,2820.164,2832.591,120829310
2843.545,2857.254,2818.699,2837.037,135795466
2812.108,2839.276,2781.236,2835.862,136337655
2828.462,2850.093,2814.115,2827.109,114319710
2816.775,2851.229,2804.991,2850.862,114653592
2850.926,2860.321,2832.459,2843.684,123369064
2828.178,2828.255,2781.417,2807.514,140487826
2802.315,2829.402,2801.548,2806.906,111595071
2792.888,2825.952,2785.08,2825.483,108700899
2826.312,2848.071,2826.256,2843.645,120470455
2839.682,2839.695,2807.188,2821.666,111452445
2835.0293,2843.165,2807.7488,2815.0863,103527265
2813.543,2827.092,2780.763,2822.443,114766797
2817.968,2832.799,2809.799,2821.046,109845823
2814.651,2830.97,2794.661,2822.451,106319589
2822.593,2917.135,2822.593,2916.616,215260341
2917.154,2929.076,2909.512,2913.508,188386421
2911.219,2925.67,2906.524,2925.229,159716916
2929.788,2945.519,2915.185,2938.682,172021023
2940.994,2945.942,2922.283,2934.098,141993742
2936.282,2938.444,2923.502,2936.045,132987867
2932.376,2937.986,2908.367,2927.159,143046071
2897.273,2911.158,2832.507,2833.071,169255434
2824.229,2843.456,2822.061,2842.189,119755274
2814.693,2894.264,2811.781,2887.21,166671069
2878.402,2887.743,2865.388,2872.817,173882767
2873.009,2900.299,2872.185,2885.105,171472517
2887.636,2891.658,2864.02,2888.809,136571051
2898.384,2919.302,2869.176,2878.558,164359089
2872.734,2905.978,2869.513,2905.55,130590424
2902.398,2904.112,2878.661,2891.96,136137375
2883.759,2899.569,2807.598,2854.286,190842609
2840.559,2895.731,2840.277,2895.703,156697472
2885.011,2913.582,2878.824,2912.557,173871047
2918.534,2933.997,2915.062,2931.592,193215586
2931.481,2938.137,2922.312,2929.606,154464930
2931.802,2944.989,2925.81,2932.476,141246227
2924.293,2992.498,2922.52,2988.604,222017132
2991.752,3010.275,2990.642,3006.392,235204450
2998.521,3017.652,2984.828,3017.292,212370920
3009.353,3024.109,2994.643,3016.847,222681667
3000.326,3001.551,2983.881,2988.094,168986859
2993.749,3022.944,2990.907,2994.917,224338224
2992.52,3049.681,2984.421,3049.381,259486295
3049.513,3069.047,3048.199,3060.689,253659384
3054.975,3057.046,3036.523,3054.018,180194804
3056.682,3062.683,3044.538,3054.296,172866398
3047.637,3058.321,3031.639,3043.564,177496562
3040.226,3043.6,3014.289,3036.598,155361466
3034.714,3042.997,3022.631,3027.9,138242815
3027.604,3053.334,3027.368,3039.009,163767370
3038.118,3039.27,3007.457,3012.816,162010181
3008.094,3027.123,3003.292,3015.828,144206582
3014.04,3050.615,3013.802,3050.166,156694506
3050.368,3057.424,2939.227,2991.999,280160915
2980.501,3003.363,2968.182,2994.323,190564950
2992.536,3000.055,2972.917,2979.339,150101534
2971.949,2972.875,2931.963,2953.385,147407763
2950.08,2971.279,2946.637,2971.279,115468900
2963.215,2981.156,2956.786,2978.461,141141332
2976.41,2982.86,2958.933,2982.426,133933301
2978.778,2991.677,2971.564,2976.696,141857101
2972.625,3004.718,2959.048,3004.277,155729833
3001.306,3025.911,2998.677,3025.681,169995446
3023.472,3033.196,3017.09,3018.746,164675165
3013.678,3038.048,3001.168,3002.638,161879481
3000.273,3051.054,2999.039,3050.667,168173657
3056.484,3137.476,3053.871,3125.195,297616506
3130.533,3140.441,3102.065,3110.037,278328934
3106.991,3114.255,3090.281,3109.555,213839637
3107.753,3125.581,3093.317,3104.114,229359081
3100.391,3113.344,3082.771,3108.102,194347453
3107.381,3112.74,3083.593,3084.805,185387927
3081.572,3101.11,3073.529,3089.706,161368965
3092.02,3097.148,3079.548,3085.88,145707440
3073.444,3073.444,3041.505,3068.329,174032980
3069.85,3087.652,3063.894,3070.309,149663901
3068.46,3074.943,3058.785,3070.027,144500007
3071.44,3082.988,3065.971,3074.677,140434811
3072.916,3087.698,3063.396,3085.491,141368609
3083.961,3088.704,3062.876,3063.305,155191093
3057.495,3072.526,3050.492,3067.352,150446920
3070.707,3085.485,3065.329,3072.095,144963317
3071.055,3095.509,3053.187,3090.713,172908524
3091.329,3105.678,3087.879,3091.928,186956763
3089.953,3096.783,3083.902,3095.954,145883771
3095.427,3101.792,3078.218,3078.855,160692924
3037.507,3040.952,2999.929,3021.977,206012086
3025.035,3029.721,3008.741,3023.51,135387580
3008.904,3017.945,2995.416,3002.849,133413401
3005.323,3026.651,3005.323,3026.051,119225027
3027.172,3027.817,3015.88,3023,118924117
3021.576,3032.45,3017.541,3025.874,115721213
3038.422,3054.435,3035.07,3042.313,139309554
3044.786,3046.805,3032.802,3033.896,125590976
3028.243,3028.243,2980.117,2980.43,144330286
2974.593,2998.233,2969.132,2998.172,121701450
3000.695,3000.695,2984.321,2987.858,104625697
2992.168,3009.198,2991.909,2998.483,113213919
2994.251,3009.195,2993.062,3004.703,101333562
3020.457,3048.236,3014.62,3048.143,160051104
3051.622,3066.104,3048.018,3065.25,167273496
3057.316,3060.514,3048.888,3058.498,142493577
3057.972,3064.999,3052.64,3061.346,154756725
3056.993,3064.79,3043.184,3063.809,155373705
3064.691,3068.812,3033.753,3041.166,163733265
3037.404,3084.187,3037.404,3083.875,182042460
3085.749,3096.223,3076.771,3084.719,182470143
3084.908,3089.682,3076.295,3084.458,160691364
3081.389,3101.849,3069.267,3090.941,187388072
3092.047,3137.034,3090.786,3128.247,240522349
3127.968,3132.505,3121.05,3131.939,203380898
3129.838,3129.838,3110.387,3116.312,191663263
3112.603,3114.759,3100.392,3112.35,158008789
3111.704,3128.643,3101.237,3104.27,181774123
3097.188,3102.302,3081.072,3100.492,151506764
3101.664,3122.615,3097.042,3122.436,160232032
3115.729,3118.977,3099.82,3102.733,182722067
3096.765,3140.93,3094.103,3128.936,222986260
3126.349,3141.334,3119.535,3125.317,197683197
3124.892,3139.202,3117.096,3133.333,179418490
3140.944,3156.881,3134.955,3147.888,190846979
3146.078,3146.95,3096.947,3128.37,241114958
3148.544,3172.309,3148.544,3171.282,244192602
3169.401,3202.74,3166.07,3196.044,310854579
3187.709,3221.458,3186.796,3210.371,329608313
3209.955,3214.292,3195.035,3206.986,240886350
3208.497,3210.893,3195.411,3205.057,221766993
3198.499,3211.053,3187.206,3208.453,214206240
3207.193,3212.394,3187.496,3192.856,209826639
3188.496,3229.757,3188.28,3218.148,230652844
3220.983,3249.677,3220.983,3248.352,261631547
3247.945,3262.879,3231.586,3241.137,249959592
3237.428,3257.857,3232.869,3241.736,232324527
3241.243,3262.438,3209.598,3261.938,233921601
3270.047,3288.337,3267.674,3277,281551253
3269.234,3301.213,3263.397,3282.924,320836287
3272.142,3277.269,3239.521,3250.034,243576053
3257.027,3279.671,3256.256,3273.309,237759864
3270.121,3279.714,3235.277,3243.843,259567205
3203.784,3219.518,3194.879,3204.709,223010394
3202.029,3215.311,3196.525,3199.647,157572693
3198.475,3222.428,3189.485,3222.242,169072847
3225.55,3228.122,3211.471,3215.366,170710173
3209.34,3244.801,3207.043,3232.883,204023956
3233.666,3245.095,3149.896,3152.97,274708461
3138.988,3162.496,3118.712,3155.037,185164495
3149.377,3170.021,3136.348,3140.531,201358887
3125.757,3138.779,3100.913,3117.677,189990626
3111.515,3128.874,3106.346,3122.982,164988699
3120.6963,3125.284,3110.0817,3118.0846,154169716
3115.8984,3117.0145,3084.7997,3102.8759,157426759
3107.2396,3140.2512,3107.2396,3137.4297,186706607
3132.1558,3143.1685,3126.8872,3139.558,167804990
3134.9292,3138.404,3103.7476,3110.1544,166176769
3095.5787,3122.8812,3068.415,3122.569,152571881
3117.3868,3127.8828,3113.7451,3114.664,141528939
3113.7671,3118.7818,3094.5488,3102.2357,135727087
3095.8447,3111.7994,3087.344,3096.0968,132623292
3097.3454,3108.8393,3089.9894,3103.6373,133267130
3105.3085,3136.4558,3105.3085,3135.9208,141567187
3133.7873,3160.1029,3130.1145,3158.794,167860850
3157.9063,3168.5021,3154.281,3165.4109,174727645
3163.7761,3172.0347,3153.0253,3154.321,183708966
3148.5317,3173.136,3147.7351,3171.2362,171714075
3167.5701,3174.5781,3157.3322,3161.6713,179759216
3156.6856,3167.0288,3136.2667,3136.7535,178362221
3133.6015,3144.9699,3115.9787,3119.2886,148889240
3116.0827,3130.5146,3102.1628,3112.7644,156274214
3104.4924,3105.1423,3044.2912,3103.428,257885996
3087.0295,3108.9072,3072.3384,3108.7746,136157861
3104.7664,3123.7203,3098.5864,3113.0123,131780128
3104.9715,3115.7778,3094.0055,3101.2992,123851420
3095.8185,3125.6599,3095.2147,3123.1389,122366777
3125.4209,3145.8411,3125.4209,3136.7748,132660392
3134.5921,3149.5312,3131.2181,3142.5533,125973881
3137.6462,3151.4723,3133.1911,3149.5547,112073827
3149.2167,3163.1041,3148.9083,3159.166,113876772
3160.0816,3162.6771,3136.013,3140.17,92224736
3143.0931,3158.8433,3135.3869,3156.9838,127198283
3154.4046,3159.544,3140.0356,3153.0878,128337442
3148.086,3167.4465,3132.0333,3166.9818,144920187
3164.6875,3186.838,3162.5744,3183.1794,191640327
3183.0069,3205.049,3182.8021,3196.699,239348913
3198.9946,3219.4072,3198.9946,3216.8394,220191508
3216.137,3219.4047,3205.2853,3217.928,188798088
3215.4639,3235.9977,3206.5606,3212.9857,241507706
3210.3567,3230.2754,3207.7852,3229.6184,216955942
3227.7073,3238.3959,3199.4248,3202.0756,226228177
3198.9633,3241.458,3198.9633,3239.9613,232152096
3242.2226,3254.3355,3239.8775,3253.3257,211673066
3252.6898,3261.3808,3243.8398,3261.2184,207453776
3258.8319,3264.0819,3236.3549,3251.375,209179800
3246.8603,3253.9556,3233.5348,3253.4327,186406362
3249.1945,3251.6543,3224.0884,3228.6602,182581071
3225.9689,3242.679,3225.9689,3241.7331,151244318
3240.0726,3259.9781,3237.8714,3246.9335,190677550
3250.5183,3256.8074,3228.6647,3230.0281,181215076
3219.2019,3221.1553,3206.6127,3218.3118,157082368
3217.3345,3234.6626,3215.067,3233.8657,156092158
3233.0939,3242.6591,3226.8219,3242.4063,164064235
3240.5323,3245.3043,3230.6083,3240.6646,160731388
3233.7007,3233.8749,3205.2794,3216.7457,167371108
3213.7294,3222.3189,3208.4472,3212.7601,136672743
3209.4492,3237.1212,3193.1565,3237.0244,163673760
3235.2515,3246.3285,3231.5209,3239.3278,146946022
3235.403,3243.713,3227.7377,3241.7597,144055682
3247.1628,3269.77,3247.1628,3268.9354,189416002
3271.8665,3274.1903,3232.2806,3237.4471,200583223
3241.1101,3251.1271,3228.1177,3250.8082,170548430
3250.2473,3262.2209,3246.6959,3261.6108,162719306
3246.2233,3255.7779,3229.1283,3245.2198,189731649
3245.8078,3262.0914,3221.9344,3248.5495,193029144
3247.3495,3275.2066,3241.1233,3269.4451,219777914
3268.924,3283.2393,3262.1184,3266.9552,201852675
3265.6344,3265.6344,3246.0861,3252.9479,161710013
3252.8653,3262.0976,3233.2795,3241.3144,216105575
3235.1369,3240.0174,3195.8524,3210.2369,247135479
3206.2529,3226.2483,3205.5365,3222.5142,196442922
3235.6603,3270.6453,3233.2367,3270.3054,248320202
3272.1926,3286.6739,3265.7645,3281.0047,245287999
3280.6239,3295.187,3275.0507,3286.616,236108942
3285.4594,3285.4594,3265.0121,3269.3926,232694616
3266.2219,3290.3887,3244.4047,3288.9657,281281248
3283.8369,3284.9338,3262.2773,3273.8301,269381790
3265.2181,3281.1369,3261.4901,3275.9603,207346875
3276.1381,3276.7112,3238.8959,3246.0668,214508558
3229.9491,3229.9491,3199.9121,3222.1673,212737189
3215.3963,3225.0546,3196.4884,3196.7133,188661353
3184.666,3189.4368,3147.0655,3170.6867,213238075
3165.665,3178.1826,3148.1844,3172.1003,190873985
3170.2899,3180.7944,3158.6286,3173.1512,164761740
3164.2479,3164.2479,3111.2145,3129.5312,186277434
3123.8943,3145.2672,3117.4488,3134.5674,153418307
3132.9181,3152.9534,3131.418,3140.8471,169878107
3131.3496,3155.0033,3097.3334,3152.1869,211793073
3144.0219,3154.7266,3136.5781,3154.6584,162889899
3147.2275,3154.7812,3136.5391,3143.7121,154222962
3138.3068,3148.2857,3123.7509,3135.346,163763924
3127.1058,3143.8179,3111.3912,3127.3687,177967485
3114.7735,3117.6141,3092.0918,3103.0378,176213641
3090.0652,3093.4516,3067.6943,3078.6129,180526904
3064.8484,3084.2077,3056.558,3080.5269,135066674
3078.1728,3090.8191,3051.5896,3052.785,160794452
3036.7891,3063.5637,3016.5305,3061.5003,191341901
3054.1123,3090.4914,3051.8713,3083.5132,159684099
3085.9319,3098.9125,3085.9319,3090.2289,135660728
3082.8717,3113.5116,3060.5344,3112.9642,173775564
3107.802,3119.5816,3101.2953,3104.4415,168674158
3082.3288,3103.4413,3077.9631,3090.139,148620035
3086.7054,3095.4826,3081.278,3090.6309,129635230
3087.1705,3103.9375,3063.1529,3075.6756,153683730
3069.3935,3084.2352,3050.8423,3061.947,178310599
3047.5681,3064.8127,3022.3026,3064.0759,139813353
3055.3425,3114.6578,3052.8309,3107.8311,191391841
3101.2864,3120.6627,3100.3877,3110.0587,155923486
3125.3252,3143.2787,3111.5563,3117.1778,152950430
3108.4214,3113.5212,3097.6794,3102.6232,163015719
3094.2253,3110.3891,3081.8485,3105.54,142504925
3102.1095,3105.5056,3084.8301,3091.6561,132570300
3084.5401,3102.8633,3078.7872,3102.126,113439963
3101.7608,3140.7743,3098.9508,3140.3249,173229014
3136.4705,3153.2635,3132.8278,3150.3336,152277659
3147.4533,3165.9197,3146.1075,3158.4004,160136334
3149.5266,3164.9502,3135.314,3139.8766,146729425
3134.0089,3155.9895,3131.0431,3153.7429,128318279
3146.748,3149.1731,3125.3546,3130.674,138347042
3125.5865,3137.5854,3117.084,3132.4863,146954245
3126.3728,3134.2511,3117.8567,3123.1662,129652758
3122.1578,3146.7703,3121.7787,3144.3739,134891758
3148.0187,3150.4646,3134.6106,3140.0136,141191802
3148.9861,3157.0275,3132.6173,3156.2118,136688268
3152.2424,3186.9823,3146.6432,3147.4532,191344006
3138.4441,3158.0474,3118.0946,3157.873,154843648
3157.0022,3187.8891,3156.9767,3185.4439,173579211
3183.4198,3193.4613,3172.463,3191.1969,148201198
3183.6334,3193.4397,3170.7859,3173.2014,146516720
3174.9811,3188.7741,3174.2835,3188.0625,128755470
3176.9481,3193.2411,3171.5703,3192.4269,121464543
3191.9982,3196.2861,3177.0244,3195.9116,140305717
3192.8885,3193.0644,3174.314,3182.8039,141114967
3179.2169,3207.3095,3174.7081,3207.1342,148296483
3203.8631,3215.95,3188.7733,3212.444,175809287
3203.8225,3219.5232,3195.2905,3217.9567,176715416
3208.4627,3223.3402,3203.2089,3212.6319,198928010
3201.5169,3226.908,3199.2235,3203.0375,187837262
3201.9292,3215.1962,3177.9346,3197.5439,186900880
3192.3615,3219.2683,3190.3393,3218.1632,195303611
3212.0316,3222.9784,3204.8529,3222.4168,160126773
3219.7914,3230.354,3139.5035,3176.4648,266205274
3159.7318,3187.671,3150.1284,3187.5672,190623060
3181.4015,3232.9408,3179.73,3230.9762,272420726
3227.5056,3246.236,3225.4328,3244.8647,232108392
3236.5881,3247.7122,3231.9556,3237.9817,206003251
3230.898,3261.1046,3230.0705,3250.5989,233056399
3249.1376,3261.6454,3233.1376,3243.6894,205573873
3244.4608,3264.8483,3228.0389,3247.6748,213542005
3243.765,3251.9261,3220.6366,3249.7814,228485945
3240.1728,3256.3706,3232.9634,3253.2404,182226880
3252.7519,3276.9461,3251.1941,3273.0283,246039440
3274.3685,3292.6383,3273.5038,3292.6383,237194594
3288.5183,3305.4313,3282.0377,3285.0568,266730628
3279.9864,3293.3686,3262.1554,3272.9286,233277004
3269.3182,3287.1929,3261.3066,3262.0809,275906340
3257.67,3280.1035,3243.7153,3279.4566,231173379
3277.1887,3285.4833,3269.6582,3281.8728,252043537
3277.8083,3277.9433,3263.8468,3275.573,235597907
3269.7347,3282.519,3236.1829,3261.7494,240684622
3237.9222,3245.1163,3200.7481,3208.5413,262962995
3206.0436,3240.0517,3206.0436,3237.3602,190346796
3235.2298,3263.5892,3235.1013,3251.2617,182297997
3247.8525,3248.785,3228.8705,3246.4512,176852051
3253.8455,3269.1389,3251.4593,3268.4298,203622551
3253.2434,3275.0763,3248.0833,3268.7243,191122483
3274.5805,3287.5186,3270.4753,3286.9055,186122483
3287.6147,3293.476,3274.941,3290.2257,186537991
3283.7966,3299.4572,3274.4404,3287.7049,179832208
3287.9594,3297.9886,3266.3589,3271.5117,163468937
3271.4608,3331.9146,3271.4608,3331.5221,205839482
3336.1264,3375.0339,3336.1264,3362.6514,257461438
3362.0604,3374.5947,3354.4627,3365.2261,219504535
3361.8207,3376.6481,3357.0803,3363.6266,246863312
3361.4621,3367.3581,3340.6865,3360.8103,234419781
3365.9913,3381.9252,3358.4724,3367.1194,282497584
3369.7185,3381.4027,3359.1309,3379.583,267427849
3377.1968,3390.8233,3371.5706,3384.317,216552946
3372.4277,3391.0105,3364.7645,3385.3888,229090785
3383.6281,3387.7956,3363.1765,3365.4974,221118685
3364.4275,3380.8898,3353.6876,3365.2426,198405184
3365.3506,3384.81,3360.0462,3376.4188,219011019
3381.487,3391.0694,3370.8519,3379.488,272910319
3374.7185,3387.1397,3366.5412,3384.147,194550715
3383.47,3391.6435,3361.3335,3371.4256,221306487
3365.1454,3365.5277,3345.3283,3353.6192,219765816
3352.5134,3371.7486,3352.5134,3362.8587,190319676
3365.5315,3370.4009,3344.7054,3356.8446,191129691
3352.1848,3370.0978,3346.5356,3365.9959,192196661
3364.6977,3377.8844,3356.8754,3357.8123,197448695
3347.1569,3356.4514,3334.9846,3352.5294,179234007
3344.5886,3350.9612,3334.9438,3341.5487,169621293
3336.3497,3347.1629,3332.5985,3343.5826,132628595
3340.8219,3349.6949,3340.2989,3345.2717,143086945
3343.8446,3344.6005,3336.1784,3339.6421,149444300
3340.3109,3357.0154,3340.3109,3348.9431,144862443
3403.2458,3410.1704,3366.965,3374.3781,191736057
3373.3446,3384.0262,3358.7953,3382.9879,179423841
3381.488,3395.7794,3379.1634,3388.2838,181476704
3385.5329,3390.2036,3372.5331,3386.1,161809380
3384.4883,3395.7484,3383.2392,3390.5233,139954764
3393.2055,3400.5113,3374.7687,3378.4704,174330620
3373.2342,3382.4072,3365.5646,3372.0407,125381725
3373.5281,3383.2323,3371.9249,3381.7937,157228791
3374.6444,3378.7359,3359.6284,3370.1721,158476495
3363.5138,3379.7652,3360.1001,3378.6481,127172851
3382.28,3385.2853,3374.705,3380.699,130846289
3376.5989,3388.6886,3374.1246,3388.2477,139897511
3384.8579,3398.3041,3382.0338,3396.8975,123131222
3397.519,3414.2415,3391.4549,3407.5671,183768625
3404.4978,3421.1026,3402.1141,3416.8124,170257173
3413.8679,3419.7315,3357.2762,3390.3371,208349286
3380.999,3397.0988,3376.1238,3393.3417,153498206
3393.9678,3410.3519,3388.5978,3395.9125,180566127
3391.652,3391.652,3372.2131,3383.3095,166864267
3377.7356,3380.57,3347.3603,3371.7441,172714790
3369.685,3389.3826,3356.5337,3388.1742,154636468
3389.4721,3415.1482,3387.9459,3413.5748,190571746
3409.1474,3434.4918,3404.8811,3415.4602,185436470
3410.6723,3428.7704,3408.6186,3427.7946,158650426
3423.1846,3438.7924,3414.3286,3432.6731,189276503
3435.1839,3449.1638,3435.0849,3447.8358,205389054
3446.5453,3450.4949,3419.6919,3429.5482,196472674
3416.2112,3423.7495,3396.381,3402.5245,168792076
3393.1937,3409.6532,3390.5888,3399.2503,156684332
3392.6834,3403.2855,3373.2956,3382.9075,249458153
3361.3563,3393.1063,3337.116,3392.3988,176524683
3382.3595,3419.802,3377.5989,3410.4977,196871803
3417.3313,3442.1777,3404.2865,3430.4643,213567093
3425.0093,3429.4237,3342.3324,3351.9182,215265393
3340.3842,3360.7459,3328.3339,3353.8207,159569663
3346.6567,3347.0506,3315.2642,3322.2298,166439170
3311.2322,3333.7998,3300.7808,3333.657,138247799
3335.5671,3343.0624,3305.5721,3337.862,183805932
3328.6427,3340.9201,3306.2832,3317.1884,156595851
3315.1051,3324.5161,3302.4398,3317.6174,139198300
3310.3814,3323.9961,3304.1034,3309.6183,148053288
3301.6906,3315.7373,3300.5117,3303.6751,208278862
3291.3128,3296.2013,3254.6108,3293.9648,151604452
3283.2791,3291.2817,3259.1637,3272.0542,132105900
3264.4776,3297.1304,3258.7593,3289.9924,133209314
3290.4881,3322.6736,3288.2949,3322.1956,131965984
3320.3103,3320.3103,3280.3291,3280.8136,124604827
3278.3968,3304.0101,3273.3248,3303.0373,111998647
3302.9322,3309.5295,3282.5732,3292.4385,120544235
3287.5292,3287.5292,3259.3883,3266.1371,130940618
3268.0335,3280.5438,3254.1775,3267.9224,120700389
3266.0191,3296.9398,3266.0191,3296.5384,115140134
3296.7403,3300.2124,3276.1201,3287.6057,137745118
3281.1179,3309.2233,3267.4042,3300.0593,142127927
3297.6852,3307.3276,3293.4415,3297.063,124047326
3296.2106,3312.2998,3270.4407,3280.461,146893635
3277.8372,3307.2994,3274.3274,3306.1246,142434501
3302.4612,3307.0798,3270.349,3275.7828,162674890
3272.2913,3304.0962,3263.7282,3296.3847,175371670
3295.2461,3308.2249,3292.7699,3307.1721,141586836
3314.0307,3349.053,3314.0307,3348.3259,202278860
3347.7428,3379.9152,3345.2887,3369.1084,213836149
3371,3392.8264,3365.2954,3385.7102,206955288
3386.464,3402.0694,3380.245,3391.7501,213060681
3391.5528,3412.7307,3384.5591,3409.4795,236165106
3406.1116,3417.2278,3403.5869,3413.8996,191488551
3414.1128,3430.2139,3398.8423,3421.8343,209094997
3415.585,3426.4829,3405.639,3425.3449,173812133
3423.8793,3435.4239,3417.9802,3428.9407,174063404
3428.9508,3442.5008,3402.312,3410.4882,232009283
3403.4694,3437.5827,3401.9606,3436.594,211475468
3438.5762,3465.2049,3430.5114,3444.6713,261045030
3449.881,3476.546,3448.7885,3474.754,220039555
3481.62,3498.4341,3474.2915,3487.864,247536733
3476.9939,3503.3857,3475.673,3501.3622,217487534
3504.3439,3547.2222,3504.3439,3546.5048,238705904
3553.4787,3569.4891,3527.1119,3559.4653,252954496
3555.1677,3571.4805,3528.0349,3548.307,243413422
3535.4931,3574.9048,3534.1952,3558.1288,222698295
3563.64,3587.0323,3510.2689,3523.0007,236026965
3511.5005,3523.0513,3484.6556,3488.009,186369975
3470.5089,3495.4533,3454.7259,3480.8334,207253403
3478.6701,3495.0933,3424.4188,3446.9799,260504707
3419.2249,3463.1639,3388.8597,3462.0808,208120551
3411.6698,3487.7211,3406.2405,3487.497,217673754
3418.01,3440.124,3364.2163,3370.652,280555477
3412.7441,3425.5377,3304.007,3309.2598,260939714
3281.0458,3307.1623,3225.7117,3262.0504,201262499
3172.8509,3180.11,3062.7426,3129.8508,256389176
3128.3709,3168.1258,3113.6054,3154.1254,153310831
3176.1066,3219.2169,3176.1066,3184.9587,151527597
3188.2475,3203.4967,3171.3836,3199.1589,100322827
3237.5692,3269.9156,3234.1152,3268.5589,138730445
3275.429,3294.1338,3258.4878,3289.0241,145790368
3307.295,3335.9856,3281.615,3329.5737,188568602
3328.6719,3328.6719,3284.6293,3292.0679,174219368
3264.0585,3277.8324,3239.8438,3259.408,151043536
3235.0887,3280.1491,3228.5848,3273.7549,159098320
3248.4464,3269.9377,3242.2669,3254.5283,150861063
3255.8713,3269.3999,3236.7172,3256.9263,144835988
3266.4868,3290.2534,3243.654,3289.6419,195358046
3288.8645,3308.4063,3264.7639,3271.6683,168665019
3268.3468,3289.4974,3261.5524,3288.4055,149827519
3291.4258,3309.7153,3283.5591,3307.1656,168424509
3319.2089,3333.5611,3313.5552,3326.6992,206532436
3324.1215,3333.8754,3307.3764,3310.2389,177114353
3298.6655,3304.9787,3287.3558,3291.3819,157491085
3277.5143,3297.0981,3273.2008,3291.112,148573606
3290.209,3300.5654,3269.2826,3269.8821,141203647
3264.9281,3280.5673,3251.0471,3279.2517,137954980
3257.2188,3292.5742,3252.4333,3290.6399,139881081
3299.731,3314.209,3268.8779,3280.9521,168398277
3281.265,3288.7967,3242.7619,3263.4803,150432977
3172.772,3188.2351,3110.6637,3152.7608,275532013
3117.3192,3134.2759,3091.4575,3133.7218,186366350
3164.7976,3172.7777,3143.5695,3166.6488,189073383
3130.5711,3165.2126,3117.5336,3122.2895,163500488
3127.2628,3174.5089,3098.2465,3160.5306,170312384
3161.7856,3177.7208,3152.8888,3168.8966,154646596
3169.7787,3192.3403,3159.986,3163.179,177727777
3130.013,3144.3321,3119.1321,3136.6332,152216674
3147.0491,3163.3404,3128.8668,3131.1114,146976682
3125.4415,3146.0926,3110.3025,3138.2936,139608621
3144.2568,3190.6492,3139.0807,3190.3216,168201359
3197.3719,3220.8453,3191.5865,3208.0818,175867197
3203.2782,3205.2522,3177.0492,3180.1583,148231313
3192.0418,3197.8959,3155.5058,3159.0521,127552310
3152.8882,3153.1063,3096.1003,3110.6489,154415695
3112.9747,3118.7596,3064.0281,3066.7967,147222846
3091.9095,3096.889,3041.625,3091.3987,159290503
3094.2738,3127.4389,3090.2867,3117.376,160056805
3105.4617,3111.1707,3065.9214,3071.5425,155147091
3063.4427,3085.0573,3045.9369,3068.012,131686340
3069.7455,3136.0395,3069.7455,3128.9271,162274806
3112.3978,3122.9082,3107.0008,3117.9739,127311053
3119.4962,3121.9334,3067.9286,3075.0301,133972736
3082.4148,3088.0347,3049.9139,3082.2316,131225643
3087.4086,3097.6039,3064.763,3081.1773,134184566
3074.5165,3105.6598,3056.1573,3100.8586,139985620
3093.1169,3104.0925,3086.7845,3091.0334,118711265
3094.8989,3136.8363,3091.6579,3136.6448,138948186
3135.2957,3169.7014,3134.0621,3161.4976,146927061
3160.1382,3165.3733,3145.6574,3159.1502,122637268
3169.0498,3176.1376,3155.5331,3174.4127,133000756
3179.7967,3180.7564,3162.2121,3163.2632,130659749
3167.0418,3183.8159,3163.476,3174.032,129327353
3180.4245,3192.8069,3164.5181,3192.1183,124549051
3180.2259,3191.9481,3166.8113,3169.5652,130524968
3170.0064,3172.7664,3148.6213,3154.2825,113995567
3151.0818,3193.4531,3144.776,3193.3034,136516918
3206.1756,3219.7398,3203.3362,3213.8404,164459413
3211.247,3214.5888,3192.2277,3214.3497,144292684
3205.437,3205.437,3168.9642,3168.9642,157807648
3167.9391,3173.5309,3152.0692,3154.6506,124085800
3148.41,3156.7261,3131.0675,3141.3032,128610843
3136.8092,3149.6646,3115.9585,3135.0821,128755918
3129.621,3143.2076,3112.1531,3120.4605,135717800
3081.1418,3085.397,3041.0002,3041.4434,155115126
3061.8291,3098.0764,3054.2685,3095.4737,140475532
3084.7536,3102.088,3059.7857,3075.1372,129872199
3083.4265,3098.402,3076.9936,3091.1909,114593902
3088.0076,3114.7687,3080.0457,3114.2055,118735592
3109.1746,3117.5251,3103.5329,3115.1803,120196135
3121.1842,3128.7154,3105.5779,3109.4988,127784970
3100.6038,3100.6848,3053.2879,3067.1478,134688220
3057.3393,3063.6102,3037.9138,3052.7831,108563786
3053.0279,3081.4473,3034.1012,3079.8018,113275096
3071.4636,3071.4636,3044.1198,3049.7965,119607886
3038.0704,3066.0469,3032.4062,3044.1597,115469487
3037.4522,3048.7967,3008.7324,3021.9008,144532571
2982.6504,2984.9706,2871.3548,2907.8221,230550067
2889.984,2925.5611,2872.1629,2915.7314,144301420
2912.0032,2940.5863,2872.6189,2875.8099,154378332
2855.5849,2891.9685,2837.1444,2889.7603,126143129
2903.4495,2908.624,2857.8709,2859.3364,121917687
2829.9947,2850.24,2803.7851,2844.5081,125918468
2842.3958,2854.2579,2798.7997,2813.1775,129420833
2799.9039,2825.9872,2782.4464,2786.8966,118357907
2789.8111,2848.3721,2782.3811,2847.4181,125671685
2841.5795,2845.6801,2756.815,2775.557,137035034
2774.5701,2786.8878,2722.4485,2786.8878,142498466
2776.6324,2793.179,2754.1552,2759.126,123262181
2755.3394,2777.5227,2727.9399,2733.8819,129226112
2731.3532,2768.8737,2691.0208,2747.2285,136294380
2752.4466,2815.79,2752.4466,2815.1095,121549309
2819.7121,2828.4926,2800.6251,2827.6252,117062748
2780.7043,2794.3596,2752.435,2777.7711,126821149
2771.0408,2844.1932,2771.0408,2837.6586,146980200
2831.4284,2835.4627,2818.8484,2831.1837,117689348
2827.0823,2837.5092,2804.4929,2814.0418,107767151
2806.8853,2806.9194,2774.7624,2798.1259,105409220
2801.7774,2818.3953,2786.0404,2787.257,120961165
2791.0156,2805.0106,2764.4858,2772.5454,114486493
2769.7537,2837.8623,2753.8397,2829.2712,145907688
2815.2008,2863.5711,2809.6163,2859.5424,173382797
2862.267,2911.4646,2862.267,2905.5618,229578307
2911.4529,2912.3134,2894.039,2903.6467,167800207
2905.7941,2915.2974,2875.7006,2882.2254,168428202
2879.6901,2889.6936,2864.1098,2873.5938,146371610
2871.9397,2896.0109,2850.296,2869.0495,151652249
2866.8985,2884.6799,2854.3197,2876.4009,118931117
2882.5061,2897.3997,2823.9293,2824.5337,149514348
2815.3438,2815.3438,2726.4825,2768.0239,174179003
2763.3957,2777.6572,2740.4317,2740.4429,127006363
2736.5256,2760.4744,2692.3216,2705.1565,129753058
2711.7361,2779.374,2696.0391,2779.374,149579743
2771.1286,2779.9124,2741.067,2744.0696,147688715
2729.5787,2801.6592,2726.2153,2794.3818,151660333
2791.4018,2806.1149,2777.5061,2795.3099,121532232
2769.0166,2789.7983,2742.5599,2785.872,127532241
2780.7357,2789.4437,2766.5693,2780.9646,109571077
2777.2493,2777.7032,2721.2404,2723.2576,116161787
2691.426,2732.9489,2672.7407,2705.1917,120277878
2723.8871,2730.3326,2665.5918,2668.966,112445294
2673.0662,2698.4658,2653.1119,2698.4658,110784164
2700.3416,2739.1732,2696.2923,2733.8264,113586839
2731.9576,2731.9576,2709.0615,2714.6082,93664640
2714.867,2736.0101,2700.8042,2724.6244,98446470
2717.0812,2748.8243,2705.3237,2729.4308,100516269
2736.3185,2780.899,2736.3185,2780.899,132762578
2782.2927,2791.3898,2769.4013,2777.9808,118749367
2774.8646,2778.5393,2762.35,2769.2947,100156929
2769.3322,2780.5271,2736.346,2737.7367,106060943
2730.1132,2744.6311,2710.5368,2725.2499,109758742
2716.4037,2722.8524,2692.3644,2720.7344,102213011
2720.6477,2756.6071,2712.376,2750.5804,109010307
2741.3801,2745.4673,2704.3368,2704.3368,105002269
2697.5777,2719.4055,2683.7445,2691.5929,99017833
2696.6775,2728.5464,2683.7193,2702.3007,107523293
2698.0107,2703.4285,2667.3168,2669.4845,103559170
2668.4872,2680.5727,2652.7044,2664.7997,99865946
2659.744,2672.0735,2647.1701,2656.1101,90026758
2679.2077,2689.0624,2653.1894,2686.5784,107335014
2688.7787,2694.9201,2675.2896,2681.6431,100005008
2671.2907,2671.2907,2647.9153,2651.7886,88238888
2644.2961,2700.1934,2644.2961,2699.9501,115767993
2694.7992,2746.0796,2690.9942,2730.8503,141550318
2732.1697,2743.9645,2724.0835,2729.2438,111387463
2733.8742,2797.4851,2722.0319,2797.4848,158016642
2775.0663,2790.0321,2771.1595,2781.1385,111983179
2785.3165,2827.3413,2783.3419,2806.8133,139567706
2805.793,2810.5062,2786.3217,2791.7748,123997696
2794.2644,2821.7553,2791.8363,2821.3501,134290456
2768.2075,2771.9384,2710.1781,2716.5104,149501388
2713.7319,2734.3142,2711.1971,2721.013,116771899
2723.7242,2743.548,2703.0626,2725.8367,113485736
2643.074,2661.2859,2560.3164,2583.4575,197150702
2574.0415,2615.9169,2536.6653,2606.9125,170081635
2605.9124,2611.9685,2564.7375,2568.0984,118576197
2567.7643,2597.7152,2536.441,2546.3296,119419144
2574.3127,2582.5485,2517.5728,2561.614,129953997
2544.911,2544.911,2485.6192,2486.4186,125428513
2460.0808,2553.3867,2449.197,2550.4652,147323558
2565.6444,2675.4063,2565.6444,2654.8762,211888449
2652.6476,2659.8123,2583.2605,2594.8255,178343543
2579.9715,2640.4017,2577.7725,2603.2951,160060407
2540.9347,2606.1007,2531.5349,2603.7995,162032979
2610.8982,2626.116,2580.8452,2598.8468,158936119
2593.5908,2595.5365,2529.1883,2542.1033,134241923
2538.5737,2586.9188,2521.7836,2568.0481,166682309
2573.0146,2612.9221,2567.0274,2602.7832,180550348
2617.0325,2636.7992,2603.6514,2606.2372,200903932
2649.2512,2676.4762,2628.8697,2676.4762,225026921
2665.427,2673.1879,2639.2707,2665.4306,193760100
2660.7193,2660.8627,2635.3207,2659.3564,163669479
2659.8446,2675.6772,2639.2463,2641.342,173201986
2660.0873,2662.3688,2632.3012,2635.6322,159635487
2621.238,2621.238,2598.1609,2598.8715,152446307
2593.2004,2631.1696,2590.2106,2630.5195,175031308
2600.5004,2666.4853,2597.3477,2654.8795,249282447
2648.3091,2658.3072,2627.9565,2632.2425,238449351
2632.1379,2668.1704,2631.8875,2668.1704,207848721
2669.7799,2695.5689,2657.0341,2679.1097,242198849
2681.8988,2703.5116,2674.1781,2703.5116,231662827
2684.2874,2690.8299,2643.3588,2645.8545,215891309
2619.8211,2653.796,2617.7759,2651.5053,182596447
2655.8964,2658.0011,2634.4827,2645.4339,149309063
2640.6674,2642.0356,2577.3511,2579.4831,191474549
2580.8424,2594.9966,2568.0352,2575.8101,134314540
2585.8261,2592.5353,2566.1663,2574.6792,123658436
2575.4541,2601.9626,2561.5618,2601.7365,145963473
2613.7805,2617.5479,2567.4434,2567.4434,157168738
2564.5644,2590.2102,2555.3223,2588.1875,139329021
2647.1319,2665.298,2629.1843,2654.798,207478955
2651.5613,2666.0784,2644.8964,2665.9577,167940558
2629.8328,2660.3888,2625.9132,2649.8051,154502056
2629.8196,2633.6778,2603.1323,2605.1813,141661650
2609.3408,2614.5817,2599.2775,2605.8876,109074993
2589.194,2599.7615,2576.2424,2584.5822,113199669
2587.0148,2596.1464,2583.1959,2594.0881,101304364
2608.1141,2610.0086,2595.075,2602.1526,103518301
2607.144,2645.8367,2599.4586,2634.0491,150738115
2627.2833,2629.1641,2593.7407,2593.7407,145942488
2587.2632,2598.967,2573.8674,2597.9737,117363250
2583.6343,2599.1479,2563.5731,2576.6495,117033370
2578.675,2579.8743,2547.0783,2549.5634,107661797
2544.5054,2554.8586,2516.0193,2536.2675,120566496
2526.5535,2527.4214,2498.6937,2516.2506,115671200
2506.7372,2529.4395,2500.443,2527.0071,97339852
2503.9498,2513.9641,2462.8448,2504.819,140670560
2501.1199,2513.8264,2492.0758,2498.2939,108799629
2527.7167,2532.0022,2483.0864,2483.0864,135406843
2483.6171,2505.1138,2478.325,2493.8962,119245250
2497.8805,2500.2783,2456.4233,2465.291,109932013
2461.7829,2488.479,2455.9256,2464.3628,124397497
2446.0193,2515.316,2440.9066,2514.8682,168877667
2528.6987,2536.9775,2515.5083,2533.0887,177305010
2530.3001,2531.345,2520.1648,2526.4622,158099181
2536.4173,2574.4079,2536.157,2544.3449,191887930
2543.8534,2551.8257,2531.6638,2535.0985,159874326
2539.5487,2554.7869,2533.3586,2553.8313,149444100
2553.3284,2556.2939,2533.0101,2535.7653,144825464
2537.3697,2571.5016,2532.4333,2570.3449,160265530
2569.0697,2574.2362,2563.0061,2570.4221,149301539
2573.5755,2582.556,2557.7114,2559.637,162468134
2567.7386,2598.8836,2565.9043,2596.0056,190767237
2599.0575,2618.9801,2599.0575,2610.5094,163425115
2609.6421,2609.6421,2573.0617,2579.7041,152537773
2575.2583,2589.5128,2572.4054,2581.0041,131426798
2584.6481,2597.2894,2569.7004,2591.6935,154042046
2596.2618,2617.0022,2595.6294,2601.7234,159394026
2615.7118,2630.3183,2591.1,2596.9767,146981765
2592.3549,2601.7358,2559.982,2594.2536,155581112
2584.7459,2598.815,2575.4091,2575.5756,120502571
2581.3315,2606.6283,2571.5789,2584.5724,154303869
2597.7777,2618.4765,2590.5543,2618.2323,131986850
2613.1742,2654.0964,2613.1742,2653.896,154898858
2654.0349,2674.4778,2648.8295,2671.8937,184101179
2674.5198,2727.075,2666.522,2721.0683,243794010
2715.5358,2729.455,2707.4865,2719.6999,197037349
2712.7862,2715.6321,2679.7849,2682.385,196004265
2699.8171,2754.3566,2699.8171,2754.3566,260436007
2759.496,2780.7837,2737.5864,2755.6459,288046271
2761.0588,2767.4109,2739.9783,2761.2189,245972527
2759.9383,2794.0131,2744.9762,2751.8012,298649969
2749.4615,2804.2262,2736.3324,2804.2262,301481411
2838.3896,2961.7951,2838.3896,2961.2834,528658590
2969.0976,2995.6762,2938.6227,2941.5163,565557967
2939.9287,2997.4882,2924.6432,2953.8242,474976453
2950.0548,2965.3037,2930.195,2940.9538,350206602
2954.4021,2994.005,2930.8345,2994.005,345786200
3015.9427,3090.7959,3006.9417,3027.5755,525649436
3019.8797,3054.9617,3009.4476,3054.2466,424142529
3060.4327,3103.8251,3050.1113,3102.0991,555006365
3103.6677,3129.9395,3074.9784,3106.4179,583817065
3038.3362,3075.0461,2969.5815,2969.8614,577855473
2969.0802,3028.2543,2963.5834,3026.9925,426213029
3049.0844,3093.3913,3029.8999,3060.3073,511173158
3062.3267,3065.2884,3013.9319,3026.9513,453214625
3013.597,3041.1557,2968.8237,2990.685,373141798
3000.8789,3048.1212,2999.4317,3021.7512,341206139
3027.8012,3096.4176,3009.5071,3096.4176,397797179
3099.8971,3113.4325,3076.3627,3090.975,350908860
3084.1704,3102.5203,3053.4519,3090.6403,358557505
3094.1247,3125.0192,3086.85,3101.455,414251182
3100.7264,3107.2754,3064.884,3104.1487,364848346
3058.8016,3086.9961,3041.9504,3043.0313,380278762
3057.559,3062.6896,2988.4905,2997.0954,353498021
3012.2573,3022.7623,2987.7717,3022.7196,291390357
3009.7988,3025.7789,2991.7789,2994.9434,288106425
3000.6783,3093.0329,2999.9866,3090.758,375082991
3111.6619,3176.6221,3111.6619,3170.361,466124693
3183.2736,3193.2717,3164.9066,3176.8227,447068981
3159.1468,3219.2564,3152.3319,3216.2952,430548635
3233.6886,3254.1401,3216.8545,3246.5714,469117669
3271.2722,3288.4531,3210.5151,3244.8103,504518403
3240.3938,3251.6458,3215.7048,3239.6639,364169997
3224.6454,3264.7778,3204.8785,3241.9299,380134408
3241.5474,3254.1259,3185.546,3189.9619,353031879
3184.8595,3199.278,3168.0421,3188.6256,289788996
3233.4583,3253.9763,3177.2698,3177.7866,348809785
3164.3969,3253.5978,3153.2062,3253.5978,357918752
3250.1518,3275.3335,3239.8048,3263.1179,357541796
3261.0742,3271.3878,3241.8257,3250.2012,325539942
3250.1452,3274.3347,3226.8124,3270.7973,315198004
3278.4906,3279.4894,3206.878,3215.0426,353217387
3211.8719,3231.5815,3186.7569,3198.5938,328361207
3203.5588,3210.6508,3156.607,3201.6137,274872164
3190.5851,3193.7494,3123.0258,3123.8261,325879129
3108.1635,3129.2134,3085.8049,3086.3989,280873854
3090.6331,3107.7605,3050.0261,3062.4985,292114886
3052.6223,3088.4074,3052.6223,3078.3389,222302517
2984.7273,2986.5399,2876.4688,2906.464,326972269
2914.2914,2937.2832,2889.0732,2926.3908,253281769
2873.1433,2929.4306,2866.7041,2893.7567,231530519
2871.1968,2888.8596,2845.0374,2850.9537,200041133
2878.2344,2941.4539,2838.3847,2939.2106,282306808
2905.067,2921.4103,2892.1745,2903.7131,212029882
2872.8336,2909.2041,2872.8336,2883.6107,208345353
2902.6423,2945.3946,2902.6423,2938.6781,230519701
2933.4954,2956.171,2929.0645,2955.711,248385701
2955.7669,2956.7832,2873.7998,2882.2962,266301643
2874.8011,2882.6294,2838.453,2870.6046,209472442
2867.7066,2919.2373,2862.4951,2905.9688,211387022
2905.5241,2912.3952,2879.6437,2891.7046,200026905
2880.8426,2885.1389,2846.956,2852.5153,197340309
2847.8356,2871.8555,2846.0215,2852.9948,167205490
2851.2809,2898.129,2833.0363,2892.3782,196720902
2890.2658,2924.0395,2887.0835,2909.9106,223310557
2894.8297,2934.9768,2890.6645,2914.6964,198958821
2903.4246,2907.8463,2881.3802,2905.8054,205758789
2904.4976,2922.9075,2895.5778,2898.6961,195230580
2901.7424,2920.8292,2875.9019,2890.0809,215943554
2887.6405,2888.3861,2851.9728,2862.2803,188463541
2882.9369,2888.7676,2858.5719,2861.4181,181561047
2862.3327,2862.3327,2822.1853,2827.7978,177064411
2833.0145,2861.131,2824.3554,2852.1302,166585918
2854.0704,2927.4303,2854.0704,2925.7162,260525796
2917.2239,2924.7018,2903.8833,2909.3796,240255775
2905.2877,2918.4227,2885.9232,2910.7406,212957791
2912.9988,2924.3197,2879.6573,2881.9743,215435796
2880.4226,2902.4808,2877.3941,2887.6221,153964960
2891.0917,2898.3304,2874.3129,2890.158,147705320
2944.1154,2953.3355,2916.2149,2917.8029,230756973
2917.331,2997.3888,2915.0895,2987.1186,291011537
2990.3687,3010.349,2989.2454,3001.9802,286973835
3004.2891,3012.826,2994.4219,3008.1479,210493894
3004.9095,3004.9095,2948.9907,2982.0738,243699244
2964.6153,2986.9139,2958.4632,2976.2837,174449533
2982.6125,3011.538,2981.045,2996.7926,195397049
2992.2426,2992.2426,2961.2225,2978.8784,181431523
3024.6238,3045.3669,3014.6871,3044.9028,250840433
3042.58,3048.4839,3033.7809,3043.9428,214520624
3031.832,3031.832,3006.3246,3015.2633,212296173
3015.6785,3024.5023,2991.9079,3005.2488,194415133
3004.7383,3014.8474,2990.9247,3011.0588,156755429
2997.8067,2997.8067,2918.7157,2933.3634,211541268
2928.8188,2937.7621,2912.8063,2928.2295,145110604
2935.1855,2936.7519,2908.162,2915.3022,135483538
2928.0553,2945.8023,2907.8852,2917.7609,143692522
2915.3401,2938.5311,2905.809,2930.5462,137794759
2921.546,2955.0003,2886.6993,2942.1853,167643397
2938.6411,2944.821,2931.2926,2937.6168,131811751
2933.0227,2942.0668,2924.4594,2931.6926,149631616
2921.7387,2921.7387,2901.1766,2901.1766,149888828
2909.6794,2939.5973,2909.6794,2924.2006,149469553
2925.7882,2927.1601,2879.69,2886.974,180674960
2886.9044,2901.3591,2883.0457,2899.9446,129310508
2907.9275,2936.4522,2907.7865,2923.2775,155245762
2923.1886,2937.3601,2916.1498,2937.3601,145684385
2928.0614,2948.3261,2924.4513,2944.541,139343388
2943.918,2948.4665,2932.9773,2941.007,127991846
2946.2566,2965.632,2946.2566,2952.3383,148316462
2944.3977,2944.3977,2926.4853,2932.5058,141052348
2920.8506,2927.3421,2901.7503,2908.766,142389813
2861.3323,2872.473,2851.4402,2867.8376,184888443
2854.578,2863.6891,2821.4957,2821.4957,167419423
2776.9889,2787.4185,2733.9242,2777.5559,231123727
2789.0187,2792.6934,2768.6795,2768.6795,157716752
2784.1835,2799.6859,2782.2447,2794.5523,149539564
2805.5856,2808.3289,2770.4777,2774.7532,148240293
2781.9816,2814.9944,2776.6197,2814.9944,131563433
2798.0512,2802.0415,2790.608,2797.2596,130916505
2824.4864,2829.8906,2807.719,2808.9146,144014641
2762.339,2815.8964,2756.8341,2815.7976,152772152
2817.5708,2840.3164,2811.8016,2823.8238,148582344
2835.5181,2883.096,2829.8542,2883.096,214546668
2879.0816,2892.0796,2874.9988,2880.0012,189677206
2875.4708,2885.5861,2872.5573,2880.3307,159019665
2887.6649,2888.4969,2867.5522,2883.4358,149206215
2885.151,2902.4563,2878.7443,2897.4253,159156826
2851.0158,2870.4939,2849.2381,2863.5673,169895363
2879.5154,2919.6444,2879.406,2902.1932,208141794
2901.6267,2905.4354,2887.0115,2893.7564,183097903
2895.9991,2898.6046,2878.5878,2890.9192,178613082
2907.3825,2914.5767,2874.1028,2886.2365,193959951
2886.9418,2928.4793,2883.6823,2924.1063,202786807
2925.9422,2930.1538,2915.1974,2930.1538,189001216
2927.747,2957.4116,2925.8825,2957.4116,225495907
2972.6619,3015.8443,2972.6619,2985.8648,305438706
2996.6216,2999.9434,2981.5983,2999.6013,216826035
3023.778,3026.2398,3005.6949,3024.7388,243377752
3027.4103,3027.4103,3005.3825,3021.2024,240012947
3029.9334,3030.557,3004.2152,3008.8118,229837362
3016.6267,3033.473,3005.1948,3031.2351,196968701
3041.922,3042.9284,3020.0495,3030.7544,221878959
3023.7109,3023.7109,2970.5704,2978.1178,223338061
2984.0837,2996.4022,2982.4003,2985.6586,168046699
2992.9222,2999.2789,2975.3978,2999.2789,162690615
3004.8142,3011.34,2996.1929,3006.4467,182145302
2998.3995,2998.3995,2960.827,2977.0767,168139450
2979.4752,3002.8967,2973.7601,2985.3406,163902761
2977.6676,2977.6676,2955.4325,2955.4325,168543135
2964.4776,2970.0354,2928.2589,2929.0875,188932541
2929.486,2939.0789,2920.93,2932.167,132905777
2927.9165,2936.482,2905.1892,2905.1892,116646811
2905.7559,2933.0163,2905.7559,2913.5704,125535812
2902.0751,2924.8566,2891.5394,2924.8566,130424144
2923.7069,2949.2404,2918.2284,2947.7106,134239752
2954.8189,2980.7875,2943.0137,2973.6558,161203746
2993.9617,3026.3834,2989.8125,3007.8834,208614802
3005.6646,3005.6646,2986.3033,2991.0459,155376904
2992.6103,3010.4241,2975.9233,2978.7124,149885496
2979.9929,2986.7191,2969.568,2977.3342,122527614
2982.3417,2987.2035,2933.2424,2938.1413,149990678
2933.8969,2940.3246,2917.6884,2939.6179,132475107
2945.6001,2954.6415,2934.3873,2954.3799,117482048
2952.9693,2957.2995,2934.6274,2941.6188,123812881
2944.0067,2953.0441,2927.0612,2940.9215,126540290
2940.4741,2958.2409,2920.5195,2954.9327,136860706
2958.686,2980.128,2956.9607,2980.0498,173731481
2979.0365,2979.0365,2954.176,2954.176,166110058
2949.4631,2953.2986,2934.8279,2939.3209,158798110
2944.8427,2946.7523,2923.5167,2929.0561,161571483
2924.3402,2959.833,2917.1455,2958.1992,159907373
2964.576,2983.0581,2964.576,2975.4919,167248364
2977.7048,3008.3144,2968.0324,2991.5622,179891593
2992.0399,2995.5629,2969.7242,2978.5955,165263547
2978.1531,2988.955,2969.1201,2978.7144,136952678
2993.9773,2998.7594,2962.8447,2964.1849,149742107
2949.9619,2949.9619,2906.769,2909.9746,157916105
2912.9956,2918.303,2891.5105,2914.8232,129729154
2913.0197,2913.8612,2893.9712,2905.2409,129765841
2907.7358,2917.374,2899.6186,2909.8697,129145448
2911.35,2917.8293,2891.2043,2891.3431,135519463
2889.5495,2911.3784,2884.0883,2909.2002,124433177
2904.2783,2933.9908,2902.855,2933.9908,135417604
2928.1068,2930.4929,2907.4229,2911.0534,137357530
2902.5529,2910.3608,2891.5314,2903.6379,123458607
2906.2433,2925.0178,2873.99,2885.2884,158623365
2885.6133,2906.6091,2880.6542,2906.1688,178587429
2912.5209,2915.0411,2897.9276,2907.0602,170004663
2905.3959,2914.4865,2893.4175,2903.1947,133862205
2902.3644,2909.8398,2883.4339,2889.6934,119522468
2885.9744,2892.3882,2858.5808,2871.9813,122612968
2874.4484,2888.8897,2870.2424,2875.8072,128755806
2869.8822,2884.8559,2857.3204,2884.6988,123778742
2876.9079,2882.4981,2869.4219,2878.1157,125543653
2886.5164,2902.002,2885.0798,2899.4685,143163096
2902.278,2912.0136,2894.7513,2912.0136,134128878
2914.4576,2919.5888,2905.2503,2914.4775,160796527
2908.9439,2919.2011,2902.7896,2917.3157,170123998
2922.602,2928.2564,2915.0008,2924.4173,165541087
2926.3416,2926.3416,2913.4755,2915.6983,151760804
2937.7763,2969.9809,2935.849,2967.6764,211978585
2970.9694,2984.6414,2958.7064,2984.3925,211862119
2985.2619,3039.3834,2982.4956,3022.4219,293032254
3021.4657,3033.2337,3011.7207,3017.0444,244089691
3017.153,3021.4176,3007.992,3017.0658,208624264
3019.6395,3027.4835,3002.2601,3004.9376,215075755
2999.0357,3009.338,2960.435,2962.7513,205716617
2965.8258,2983.8194,2960.6839,2982.6806,163030250
2980.4276,2988.2924,2970.6572,2981.8805,175654028
2981.2485,3007.3546,2980.3966,3007.3546,182440426
3006.8517,3036.1127,3003.6309,3005.0355,247102779
2998.1689,3041.3969,2983.3436,3040.0239,248066530
3036.3858,3051.677,3030.5122,3050.124,217429022
3066.3357,3098.1001,3066.3357,3085.1976,292470208
3089.022,3093.8192,3074.5178,3083.7858,261496667
3070.9088,3107.2032,3065.3088,3083.4083,312575842
3085.4882,3105.4507,3084.329,3104.8015,276583111
3094.2389,3094.2389,3059.1313,3066.8925,297872553
3082.6398,3097.3291,3080.1313,3094.8819,243435649
3102.2938,3105.2248,3081.3961,3092.2907,210442462
3091.493,3115.5696,3075.3837,3115.5696,210621004
3120.6669,3127.1692,3105.6049,3106.8204,229973769
3103.1749,3107.9426,3082.0425,3090.0379,202313023
3095.7342,3096.3717,3070.884,3074.0814,203375475
3081.4641,3091.9516,3067.2525,3075.4955,190304299
3082.1134,3096.3105,3070.4801,3095.7873,210493341
3085.7895,3085.7895,3051.2301,3052.1419,234830739
3038.4868,3069.2527,3006.2677,3060.7545,223852865
3037.9524,3045.0406,2955.346,2976.5281,272763234
2716.6978,2766.5773,2716.6978,2746.6056,215912103
2685.2693,2786.1642,2685.2693,2783.2875,364046200
2792.3713,2842.7426,2778.8641,2818.0878,309761823
2826.8851,2876.5878,2807.609,2866.5097,316392142
2858.9324,2875.9636,2838.7702,2875.9636,309479642
2860.499,2891.8479,2851.0503,2890.4878,294929784
2894.5414,2913.8159,2882.2428,2901.6744,269168335
2895.5561,2926.8991,2892.424,2926.8991,248733429
2927.1443,2935.406,2901.2425,2906.0735,274804844
2899.8659,2926.9427,2899.5739,2917.0077,250650627
2924.9913,2983.6371,2924.9913,2983.6224,313198007
2981.4097,2990.6003,2960.7751,2984.9716,311665913
2979.5223,2998.2718,2971.8219,2975.4019,315141151
2981.8802,3031.3706,2968.4451,3030.1542,345732881
3022.2455,3058.898,3020.141,3039.6692,364557276
3027.8925,3042.1821,3007.3557,3031.2333,370430044
2982.0696,3016.9458,2943.7168,3013.0501,441622762
2978.4195,3028.7788,2974.9423,2987.9287,469049552
2992.4919,3009.4575,2980.4774,2991.3288,350523658
2924.6407,2948.1261,2878.5443,2880.3038,401216914
2899.31,2982.5068,2899.31,2970.9312,367333369
3006.8888,3026.842,2976.623,2992.8968,410108047
2981.806,3012.0035,2974.3583,3011.6657,353338278
3036.1545,3074.2571,3022.9262,3071.6771,445425806
3039.9395,3052.4439,3029.4632,3034.5113,362061533
2987.1805,2989.2051,2940.7138,2943.2907,414560736
2918.9347,3000.2963,2904.7989,2996.7618,393296648
3001.7616,3010.0286,2968.5174,2968.5174,352470970
2936.0163,2944.4651,2906.2838,2923.4856,307778457
2804.2322,2910.8812,2799.9841,2887.4265,366450436
2897.3009,2898.0349,2784.6616,2789.2537,351878665
2796.284,2826.9068,2715.2213,2779.6407,306149677
2792.3221,2815.8737,2728.7563,2728.7563,291159852
2719.4063,2736.82,2646.8048,2702.1296,302302747
2727.0186,2751.8964,2702.4933,2745.6182,252019507
2677.591,2703.3295,2656.5008,2660.1674,249820250
2703.0193,2723.4066,2667.1333,2722.4381,257021930
2775.3032,2788.6354,2757.8016,2781.5913,273144466
2761.8961,2788.5038,2753.4282,2764.9109,234084022
2792.9843,2805.5479,2771.7563,2772.2033,240764066
2739.7191,2759.0989,2723.0543,2747.2138,239706604
2767.3072,2771.1683,2743.1154,2750.2962,218598674
2743.5409,2773.3641,2731.0794,2734.5215,217253427
2720.2284,2780.6379,2719.9043,2780.6379,217864600
2773.5764,2780.5868,2754.0731,2763.9874,200837404
2806.9676,2823.2767,2801.8386,2820.7634,270198186
2805.9166,2823.2139,2800.2963,2815.3686,243515305
2825.8393,2832.395,2820.4326,2825.9036,238184843
2827.1873,2833.0148,2789.9756,2796.6312,233454768
2784.5979,2792.8906,2774.0808,2783.0476,177124554
2794.801,2827.2981,2789.4279,2827.283,202696569
2826.6618,2829.7503,2808.7039,2811.1741,205621146
2798.4295,2823.3382,2796.8388,2819.935,203003773
2835.5581,2854.9599,2830.0217,2838.4945,245736750
2840.4085,2852.99,2833.2615,2852.5528,211847078
2842.2372,2842.2372,2808.0214,2827.0133,233235870
2814.0661,2843.9804,2808.4819,2843.9804,217320000
2850.5104,2853.6357,2835.8961,2838.4994,248779037
2834.9387,2834.9387,2802.4989,2808.5293,235185076
2812.2422,2832.6662,2802.9579,2815.4947,210130981
2819.9914,2821.745,2758.2459,2810.0243,253872745
2801.383,2831.7642,2800.7379,2822.4424,202061807
2832.3843,2865.59,2832.3843,2860.0822,242455278
2831.6326,2879.2634,2830.6536,2878.1402,249826616
2876.4727,2882.0222,2864.5813,2871.5232,226736957
2882.7078,2903.7967,2879.2034,2895.3444,226822075
2901.5739,2914.2838,2884.3806,2894.802,225120410
2894.6171,2897.9018,2871.23,2891.5564,197082985
2882.9552,2900.2587,2875.5354,2898.0495,185061310
2887.0577,2887.0577,2869.1832,2870.3422,197776202
2880.7067,2884.2199,2863.3698,2868.4587,188983592
2872.5244,2889.9795,2862.2709,2875.4176,226022882
2897.6867,2900.2187,2887.5768,2898.576,197222405
2896.4657,2896.4657,2876.1766,2883.7378,210519985
2890.7213,2891.5177,2864.2073,2867.9237,203532038
2863.0462,2863.0462,2808.0177,2813.7654,209063712
2816.241,2821.4978,2802.4653,2817.9697,172885557
2827.8967,2848.3371,2825.901,2846.5473,174562369
2847.3198,2848.9965,2831.9281,2836.8036,198149343
2838.2072,2861.9241,2820.1455,2846.2217,207546019
2835.584,2855.3756,2829.6271,2852.3512,206792804
2871.9641,2917.1508,2871.9641,2915.4311,260196050
2916.3168,2926.3588,2909.1277,2921.398,256108049
2930.3906,2942.7597,2922.6612,2923.3711,255663980
2931.8376,2932.9677,2910.7516,2919.2506,226605873
2923.1891,2930.7993,2909.1181,2930.7993,217360673
2941.9816,2950.0656,2934.2103,2937.7712,231124360
2939.5351,2957.1186,2932.9385,2956.1116,209048585
2951.2784,2951.3298,2934.8428,2943.7525,207925969
2939.7914,2952.651,2912.1932,2920.8968,233722947
2876.8029,2930.255,2872.6165,2919.7408,236008642
2908.2767,2922.5364,2890.0306,2890.0306,243205046
2912.8251,2931.7791,2909.1341,2931.7493,223313065
2932.6708,2936.6162,2919.0353,2935.873,234654391
2929.8799,2942.8983,2920.1054,2939.3151,258691377
2938.7887,2973.3164,2935.8239,2967.6341,264313961
2966.9008,2983.4382,2959.035,2965.2717,267883834
2960.8875,2972.4025,2949.8469,2970.6203,225212208
2972.9827,2982.9425,2971.2235,2979.5505,213200732
2973.0757,2977.9122,2951.7702,2961.5164,220622729
2965.1054,2990.8253,2965.1054,2984.6741,214957214
2991.1813,3026.1862,2984.9841,3025.981,273313140
3023.7189,3092.4432,3021.6736,3090.5693,391127996
3103.9952,3152.8126,3103.9952,3152.8126,458793851
3187.8393,3337.2723,3187.8393,3332.8807,643878906
3380.9536,3407.0811,3336.2416,3345.3369,657840159
3337.5518,3421.5312,3327.7062,3403.4401,587081685
3403.4832,3456.9721,3393.6379,3450.5935,620001823
3418.9347,3433.1085,3372.5066,3383.3222,556120011
3379.3867,3458.7914,3369.0378,3443.2863,558006875
3435.0237,3451.2224,3366.0828,3414.6186,543211492
3422.0778,3432.4506,3345.7488,3361.3044,492030542
3356.359,3373.5317,3209.7272,3210.0986,490613123
3214.4022,3252.7786,3181.2745,3214.1287,359652413
3243.9105,3314.149,3220.684,3314.149,418555306
3330.5467,3336.6791,3300.5719,3320.8947,359252029
3315.1816,3381.9757,3311.7862,3333.1635,393335335
3306.1489,3336.3002,3257.8269,3325.1102,407042499
3310.6449,3319.1268,3184.9645,3196.7684,427054026
3210.3863,3221.9846,3174.6583,3205.2268,299319021
3226.1329,3245.2967,3208.4939,3227.9604,289377861
3221.9883,3294.5521,3209.9902,3294.5521,324924062
3299.5718,3312.4508,3282.1617,3286.822,340704121
3280.7959,3333.7859,3261.6135,3310.0065,353758979
3332.1826,3368.1028,3327.6773,3367.9658,407460867
3376.4402,3391.0743,3352.5017,3371.6875,442328551
3363.3324,3383.6365,3333.877,3377.5648,385823027
3380.7621,3392.7048,3334.3341,3386.4631,415302510
3370.5878,3374.133,3307.7127,3354.0352,403929633
3341.5276,3399.9323,3335.0427,3379.2524,381379630
3379.4874,3409.0589,3336.0945,3340.29,400452706
3327.4929,3335.729,3263.2653,3319.2656,378328959
3328.1754,3338.1518,3309.4629,3320.7261,324291278
3315.6687,3362.0267,3302.7357,3360.0988,305998376
3373.9018,3450.8987,3369.3742,3438.801,434598260
3441.9337,3456.7206,3432.6402,3451.0894,380729275
3444.5646,3454.4613,3406.1642,3408.1288,405722214
3385.9645,3394.557,3352.7767,3363.8988,335600982
3380.2269,3393.9175,3358.0005,3380.6825,287488340
3391.1132,3396.5663,3368.0258,3385.6383,266227841
3392.8797,3408.8697,3364.1602,3373.5781,277113421
3371.8083,3382.6032,3320.1355,3329.7388,294451036
3333.4909,3351.8324,3312.9859,3350.1128,237099353
3346.2893,3405.8768,3339.6494,3403.8066,271325549
3416.5497,3442.7363,3395.4675,3395.6775,323473890
3389.7424,3410.6068,3381.7108,3410.6068,246999249
3420.4693,3421.3959,3377.2111,3404.8017,261546319
3404.0319,3425.6294,3374.2634,3384.9806,255346279
3336.4076,3360.1061,3328.5518,3355.3666,221636550
3349.9184,3368.2446,3285.6326,3292.5907,260616567
3301.2173,3324.3929,3276.4431,3316.417,271066278
3280.9974,3289.6148,3238.5606,3254.6279,351509747
3282.232,3285.4731,3227.6435,3234.8234,312472804
3225.7836,3262.4976,3220.5363,3260.3461,221698830
3275.9181,3283.5325,3261.1479,3278.8138,213924137
3277.1284,3297.6904,3263.7522,3295.6795,197684400
3293.1678,3302.4556,3271.075,3283.9244,200443364
3277.3238,3290.4094,3248.499,3270.435,202931972
3270.911,3338.3243,3268.526,3338.0897,256260788
3348.8988,3350.5893,3313.0714,3316.9351,216503093
3290.6656,3320.2278,3265.7025,3274.3015,214015065
3278.8358,3289.7624,3264.8907,3279.7105,169178068
3262.879,3265.3451,3221.2365,3223.1764,206736011
3234.3739,3239.4662,3208.0349,3219.4179,164822419
3224.9769,3238.1825,3210.8925,3217.5346,155982783
3231.8551,3242.7937,3219.7902,3224.3593,151349870
3232.7104,3244.9134,3202.3435,3218.0521,153504457
3262.6105,3280.5124,3260.1873,3272.0762,188325648
3287.3281,3359.1526,3286.1111,3358.4652,259622408
3353.1213,3361.8315,3334.4989,3359.7499,204926103
3353.6247,3353.6247,3332.9635,3340.7782,198659382
3342.9222,3354.5784,3330.0014,3332.1832,191031282
3334.4568,3348.9543,3319.11,3336.3582,194295421
3351.0961,3371.0862,3307.8407,3312.6671,212303540
3307.1498,3328.1029,3293.7662,3328.1029,165084762
3332.147,3332.147,3304.1693,3325.0247,177632115
3315.8206,3320.8787,3281.3662,3312.5005,165949987
3308.1581,3326.0489,3276.6197,3277.9972,174208982
3258.7028,3264.4464,3226.6018,3251.1188,167731795
3240.7395,3258.3369,3235.5443,3254.3157,149115566
3256.2225,3275.8714,3238.382,3269.238,173181965
3235.7647,3289.7655,3231.1243,3272.7274,184703589
3278.6312,3279.8563,3219.4216,3224.5325,230188803
3228.715,3242.8041,3209.9094,3225.1196,226779137
3239.8063,3278.3806,3237.8539,3271.0744,215297864
3273.4326,3286.6212,3254.1113,3277.4402,188514128
3305.5798,3320.408,3291.6,3320.1333,226801462
3326.4645,3326.4645,3292.1507,3312.159,234864132
3329.4285,3380.8235,3329.4285,3373.7337,310219771
3387.6219,3387.6219,3346.1715,3360.1485,278701113
3354.0247,3365.836,3339.0407,3342.2025,271204653
3344.4562,3350.2848,3329.485,3338.6788,216501309
3327.2293,3327.2293,3291.6425,3310.1046,227898364
3325.6209,3346.9692,3313.6469,3346.9692,279593761
3347.1513,3347.6979,3323.9506,3339.895,283632479
3337.3315,3358.8938,3333.9916,3347.3034,287531259
3339.0864,3367.3328,3330.4496,3363.0876,253262992
3359.5966,3380.1489,3356.3086,3377.7267,261271219
3384.1039,3431.6529,3377.9862,3414.4899,373872047
3407.4087,3413.9263,3396.2436,3402.8225,300994144
3417.515,3423.4853,3362.3274,3362.3274,322110207
3360.0609,3371.4537,3344.2822,3369.7334,255886822
3373.8434,3408.3071,3364.4919,3408.3071,280649894
3418.1583,3456.7365,3391.7551,3391.7551,384989968
3388.9867,3457.6354,3386.9113,3451.9384,316188980
3453.5181,3465.7288,3435.8712,3449.3805,312811114
3448.5403,3452.1612,3428.8044,3442.1359,298459930
3436.7291,3448.4036,3417.0484,3444.5814,256276705
3446.6478,3449.5782,3414.3142,3416.6037,254522508
3417.6936,3428.6618,3403.0263,3410.1771,226907328
3416.0782,3422.536,3371.9156,3371.964,260747424
3365.731,3384.8875,3357.7531,3373.2758,247308304
3381.008,3383.1783,3325.172,3347.191,298617158
3349.534,3371.1291,3338.6263,3369.1201,239807926
3366.5813,3373.5579,3348.4192,3367.2326,225667402
3371.2632,3378.6626,3359.1705,3366.9832,220813976
3367.277,3406.1547,3354.0112,3404.8732,275463631
3400.4855,3413.8134,3382.7508,3394.896,280992641
3394.3945,3423.6088,3381.1158,3420.5693,283759794
3410.9678,3415.7538,3353.8581,3356.7822,323037654
3362.4721,3394.2089,3360.2019,3382.3195,299523527
3382.193,3394.0746,3354.0215,3363.1133,275044450
3351.7901,3397.0066,3348.3453,3396.5626,294546895
3396.359,3412.5193,3383.654,3397.2854,316181542
3399.2939,3407.0884,3376.0876,3379.0362,311769185
3375.0086,3414.4539,3374.4156,3414.4527,291023543
3419.7267,3474.9182,3419.7267,3473.0693,335673926
3474.6793,3511.6554,3457.2061,3502.9584,380790800
3492.1912,3528.6767,3484.7151,3528.6767,407995934
3530.9072,3556.8022,3513.1262,3550.8767,370230926
3552.9087,3576.2046,3526.6174,3576.2046,405348226
3577.6923,3588.0625,3544.8912,3570.1082,345557896
3571.3212,3597.7022,3516.9862,3531.4978,362479154
3518.0106,3608.3389,3517.4689,3608.3389,323406153
3613.281,3622.3475,3575.5945,3598.6518,388127791
3584.9324,3599.0584,3559.6001,3565.9046,347666819
3566.2847,3589.2655,3533.7882,3566.3778,324612744
3554.7977,3608.7665,3544.2614,3596.2237,301652565
3596.3564,3603.1477,3553.0236,3566.3814,323439541
3564.121,3589.9624,3556.4425,3583.092,272271661
3590.9247,3636.2444,3585.8017,3621.2641,327466995
3616.5401,3616.5401,3585.0339,3606.7496,324463084
3605.3611,3637.1002,3591.0204,3624.2381,327341070
3610.9686,3610.9686,3564.7415,3569.429,278139884
3567.5485,3578.7968,3546.492,3573.3412,264107161
3534.6685,3549.544,3496.8788,3505.1759,270862461
3521.7175,3531.5981,3446.5471,3483.0692,293662664
3477.1715,3506.3889,3469.875,3505.2836,277567901
3510.8084,3535.502,3495.5681,3533.6849,264540630
3531.149,3544.0092,3508.5069,3517.308,297351716
3503.7785,3524.7219,3465.7706,3501.8592,298834854
3509.4874,3536.5417,3492.9624,3496.3329,290146174
3504.5631,3542.2075,3492.1286,3532.4467,249799619
3539.7726,3604.0112,3528.6755,3603.489,253821760
3612.6125,3662.7655,3612.5049,3655.088,257940824
3721.0865,3731.687,3663.6637,3675.3571,340309065
3661.7834,3699.6502,3634.0149,3696.168,361059804
3707.1912,3717.2669,3642.4449,3642.4449,488821478
3617.7013,3672.1511,3617.7013,3636.3573,398873174
3638.9359,3645.6474,3531.5936,3564.0799,362158952
3595.5424,3608.5568,3568.4735,3585.0458,366232299
3514.5648,3550.4055,3500.7036,3509.0804,333280067
3531.4802,3552.5665,3511.9888,3551.3998,315487526
3566.852,3566.852,3485.3635,3508.5912,339830486
3500.1576,3577.6218,3498.7192,3576.9045,347656846
3546.6406,3552.2024,3487.3757,3503.4916,393616120
3463.3086,3523.5682,3456.6668,3501.9867,356409223
3524.983,3542.3039,3421.2153,3421.4141,387047954
3415.3391,3429.1503,3328.3119,3359.292,407652539
3389.8388,3397.0251,3354.823,3357.7372,299749166
3369.9024,3436.8313,3369.9024,3436.8313,322112044
3447.2033,3454.5064,3417.2389,3453.0777,358027035
3441.882,3457.4892,3392.5089,3419.9456,367813293
3424.6524,3448.8829,3406.1746,3446.7334,316668747
3435.7319,3454.0562,3410.2815,3445.5509,280059818
3449.6413,3478.1447,3449.3774,3463.0681,284403891
3423.8733,3439.5236,3389.2929,3404.6634,309161716
3406.1227,3443.6596,3404.2341,3443.4392,312559084
3445.3408,3445.4159,3390.0477,3411.5088,326389409
3394.1283,3415.2949,3362.1847,3367.0606,317398697
3355.0706,3382.226,3344.9695,3363.5915,270676097
3373.3171,3423.2231,3373.3171,3418.3267,274614987
3429.6322,3449.8338,3409.8868,3435.2958,284824243
3432.5288,3457.6345,3423.3154,3456.6766,285423081
3452.2078,3452.2078,3420.8321,3441.9115,283049261
3444.8102,3470.0311,3438.8255,3466.3315,275244295
3472.6276,3487.5862,3462.8321,3484.3924,262654873
3491.6336,3493.2806,3471.761,3482.9674,234746671
3483.4211,3483.4211,3453.1947,3479.6256,295786978
3467.4871,3495.9086,3459.3246,3482.5548,331755329
3475.4434,3475.4467,3442.1392,3450.6772,280085196
3445.9696,3456.1581,3403.9012,3412.9477,309577239
3411.2928,3425.3945,3387.902,3396.47,270626054
3397.021,3420.0278,3392.9751,3416.7212,233242327
3409.6139,3409.6139,3373.0939,3398.9875,234005054
3407.188,3432.6286,3394.1344,3426.6178,258579672
3427.548,3479.0099,3414.3564,3477.5485,302735819
3467.1481,3494.2983,3463.4637,3472.9427,285300082
3456.2991,3481.2511,3450.1113,3472.9298,253777859
3482.8328,3485.3585,3456.3156,3465.1138,251114510
3462.0858,3482.3587,3456.3329,3474.166,249360433
3484.1072,3497.1208,3438.5724,3441.1658,276970771
3440.0911,3443.8538,3417.2647,3442.6111,253032393
3432.1612,3457.0683,3423.325,3457.0683,247381120
3458.0819,3478.2278,3447.5878,3474.9011,276631387
3468.3022,3469.0872,3426.9023,3446.8564,312660354
3446.0743,3471.2396,3426.8487,3441.2826,310424192
3446.407,3457.8924,3416.7755,3418.8741,353785389
3423.5896,3429.7359,3401.9346,3427.9909,374170884
3406.598,3448.0959,3384.6966,3441.8454,350934112
3429.7544,3466.3708,3428.3944,3462.7513,311444547
3432.138,3448.0169,3418.3846,3429.5361,319325327
3436.0919,3490.6437,3422.5649,3490.3762,336982309
3490.4091,3530.5055,3490.1438,3517.6158,322135969
3520.6488,3529.0144,3510.862,3529.0144,271308558
3521.1097,3521.1097,3503.8151,3510.9647,278321117
3500.8773,3517.7399,3486.0662,3506.9444,326009333
3510.8353,3518.3769,3479.6744,3486.5569,283826285
3486.2711,3498.3037,3469.8746,3497.2821,289509242
3502.539,3584.5774,3502.4429,3581.3418,341241127
3586.8388,3603.4881,3585.3695,3593.357,341980288
3585.7337,3626.3584,3579.2601,3608.8507,309551486
3610.7668,3622.1801,3582.358,3600.7844,349208830
3600.0702,3615.6568,3580.6524,3615.4773,331523770
3608.5978,3626.0737,3581.9115,3624.7138,352811413
3626.3283,3629.2896,3584.5955,3597.1379,348558420
3595.4215,3618.5067,3584.2054,3584.2121,354233031
3565.4716,3618.8001,3561.8907,3591.8447,330893038
3597.1413,3600.3759,3581.8988,3599.541,303718677
3598.7527,3621.5227,3563.2503,3580.1063,304491470
3576.8015,3598.7082,3572.6364,3591.3965,298323296
3587.5282,3624.3433,3584.1332,3610.859,318174808
3614.1134,3614.4038,3587.1491,3589.7481,360554970
3587.4658,3592.9465,3547.187,3556.559,349168566
3556.7139,3561.0921,3513.5592,3518.3292,312597306
3508.317,3534.1976,3507.3535,3525.6042,277229918
3520.4966,3535.6221,3503.1833,3525.0968,296708585
3515.5006,3540.2959,3504.0075,3529.1826,280898277
3539.7876,3560.1946,3536.812,3557.412,307536399
3559.3988,3577.4661,3549.8482,3566.2199,310709518
3568.5758,3570.4874,3548.8161,3566.6539,335440754
3567.3772,3614.2981,3564.5199,3607.5618,346087832
3612.2469,3614.3574,3594.2174,3606.3722,321274974
3601.6772,3601.8265,3570.5253,3573.1779,306071178
3572.6236,3594.1185,3569.501,3591.197,268162818
3600.5464,3607.7049,3573.9374,3588.7816,291883192
3569.8919,3569.8919,3514.3386,3518.7595,291945548
3516.9228,3534.3222,3510.5781,3534.3222,288094837
3533.1304,3538.347,3496.9276,3530.2589,314070211
3508.5901,3557.879,3504.4723,3553.7155,318839189
3557.2177,3558.6772,3521.0579,3525.5039,350877857
3512.2334,3529.3098,3485.0543,3524.0881,349884317
3545.1977,3565.0321,3527.3927,3547.8362,403639558
3547.5897,3567.4813,3542.8154,3566.5225,362416711
3560.8281,3560.8281,3525.4938,3528.5011,372221722
3519.063,3565.9347,3514.258,3564.5902,363259164
3559.526,3565.9992,3537.7288,3539.3038,366014779
3530.4932,3544.8793,3506.3423,3539.1225,336760946
3515.0718,3538.6361,3509.1916,3536.7905,293780594
3543.0534,3569.0898,3543.0534,3562.6611,338978748
3563.6608,3576.4732,3558.2933,3574.7344,381067054
3571.7152,3571.8541,3541.5101,3550.3964,446421246
3538.0143,3538.0143,3424.7424,3467.4409,442882203
3467.4473,3483.8738,3380.2763,3381.1833,469075443
3355.8189,3385.536,3312.7206,3361.5895,395825419
3403.8383,3416.6071,3382.571,3411.724,344569428
3398.196,3404.8813,3370.4506,3397.3574,381440956
3385.6902,3464.2914,3367.643,3464.2854,432927871
3446.7841,3470.6571,3435.4619,3447.9914,400698081
3442.9368,3477.5972,3440.7835,3477.2186,348744218
3461.7185,3486.1572,3449.3885,3466.5491,348436922
3465.4842,3466.3904,3436.9317,3458.2277,336824400
3441.7502,3502.841,3438.703,3494.6348,349910094
3488.6642,3529.9309,3477.0641,3529.9309,345112992
3527.1093,3544.0941,3524.0444,3532.6213,383783554
3522.7238,3538.396,3513.4457,3524.7374,381074593
3514.4671,3540.0799,3500.7995,3516.2989,378187282
3514.3445,3537.85,3510.8976,3517.3447,391099721
3512.109,3531.7249,3438.1233,3446.976,422885804
3442.3472,3487.4364,3437.6908,3485.2859,389203756
3475.298,3480.4598,3446.0146,3465.5546,382383031
3442.5062,3453.1531,3394.9723,3427.3338,391136918
3436.7963,3481.2543,3436.6706,3477.1321,384727440
3482.2658,3522.6973,3481.1409,3514.471,430236463
3517.9151,3540.3948,3510.0664,3540.3837,450047019
3537.3139,3537.3155,3499.4529,3501.6643,502903147
3494.4176,3530.1927,3493.375,3522.1567,455345906
3535.0727,3539.494,3512.9929,3528.1512,512785716
3519.0245,3543.9402,3496.3891,3543.9402,524205056
3543.8663,3582.3236,3514.6744,3567.1008,667276305
3559.9025,3597.3656,3557.6769,3597.0426,572684039
3602.7421,3613.948,3569.3989,3581.7344,614532353
3580.1413,3626.2865,3580.1413,3621.8593,521713276
3621.7099,3681.9254,3615.1444,3676.5866,547721875
3673.4023,3695.3204,3660.9998,3675.1865,586436193
3666.8246,3693.4499,3662.1633,3693.1296,604810330
3691.1856,3722.8732,3681.6415,3703.1103,635200433
3699.2534,3716.8315,3692.8157,3715.3723,557484019
3709.6336,3723.8451,3655.6341,3662.6015,564952386
3651.1583,3677.5265,3638.3225,3656.2232,474970001
3664.841,3677.9198,3606.7276,3607.0922,546741474
3595.2715,3620.9575,3569.2707,3613.9663,516850210
3563.2074,3629.4539,3560.5033,3628.4897,472296053
3651.2661,3670.9542,3632.2822,3642.2204,534995486
3637.8677,3651.4294,3607.7919,3613.0673,507304772
3625.9597,3640.8077,3559.9154,3582.8307,510802795
3577.8859,3610.917,3568.8189,3602.2184,444168807
3573.5178,3573.5178,3518.0477,3536.2944,452511151
3541.9283,3572.4259,3541.9283,3568.1668,395629626
3609.0874,3612.5539,3571.7338,3592.1666,407161148
3600.3569,3614.6988,3586.7487,3591.7087,394361159
3581.2967,3583.6391,3515.1408,3546.9362,405393748
3543.4918,3569.1332,3515.6481,3561.7623,325050667
3555.1085,3569.6864,3547.182,3558.2795,294969196
3551.9874,3578.7661,3542.6932,3572.3662,320292984
3571.0482,3571.0482,3539.4779,3568.1379,340950616
3562.2955,3596.7875,3560.6221,3593.1533,334197652
3583.2364,3596.0499,3574.2957,3587.0009,344245008
3590.0496,3610.9602,3576.3547,3594.7831,352310867
3594.7457,3607.5776,3578.7602,3582.6036,353157203
3574.2631,3611.0908,3564.2059,3609.8626,321196816
3612.8332,3625.0156,3589.706,3597.6377,337278291
3589.8573,3589.8573,3553.1277,3562.3052,350620940
3548.7021,3552.0419,3509.4872,3518.4166,378171666
3519.3276,3547.3361,3502.8013,3547.3361,358809377
3530.3963,3556.59,3519.2901,3544.4795,382251325
3543.3827,3559.0478,3477.664,3505.6283,417563173
3501.1051,3512.6089,3480.4877,3498.5368,306607669
3505.8944,3527.9517,3503.0059,3526.8657,319440829
3520.2073,3525.8723,3491.4565,3491.5677,354533565
3491.9709,3507.2744,3484.2399,3498.6308,298183722
3507.1075,3514.9512,3489.0431,3507.0018,287315989
3498.9445,3498.9445,3448.4378,3492.4616,307030708
3486.451,3534.1991,3482.8291,3532.7858,322087957
3534.1512,3543.648,3527.3896,3539.1002,308683354
3542.9034,3550.4438,3521.2924,3533.3026,313017612
3530.4575,3549.7654,3517.8065,3521.7867,310399909
3518.5646,3537.5125,3513.523,3537.3662,276735671
3531.4923,3537.9758,3513.1136,3520.7106,312426927
3519.2758,3561.9127,3517.6514,3560.3734,317989976
3562.7628,3585.1876,3562.7505,3582.0797,330009385
3580.5058,3598.3749,3577.3608,3589.0894,360011593
3590.0189,3602.7354,3575.2884,3592.7025,336775246
3593.3883,3597.1478,3579.5333,3584.1788,306451518
3576.1136,3576.1136,3554.8798,3564.0894,301000066
3528.672,3563.677,3526.3551,3562.6968,333618331
3570.7468,3582.115,3546.3618,3563.8872,349187938
3561.886,3576.8853,3558.691,3576.8853,329873517
3573.2468,3586.867,3567.137,3573.8358,354041524
3576.4496,3608.4698,3573.2135,3607.4322,377551048
3615.2356,3626.1257,3586.8052,3589.3061,418676743
3611.217,3614.2228,3572.5688,3595.0882,403842594
3602.824,3637.715,3591.9857,3637.5675,361036657
3641.1579,3688.3968,3638.7022,3673.0412,431918157
3654.3684,3667.8547,3651.3525,3666.3479,419988801
3686.9368,3708.9424,3678.0583,3681.082,424092009
3669.8067,3671.6784,3654.6561,3661.5253,362171934
3655.0489,3668.4016,3645.2425,3647.6303,377477667
3648.9271,3675.016,3644.6646,3675.016,381329507
3670.2578,3673.6535,3631.6605,3632.3638,408487837
3620.0371,3643.9537,3589.3603,3593.6019,423851410
3591.4519,3627.0884,3591.4519,3625.1251,408184348
3632.6763,3635.8992,3616.5477,3622.6178,394825177
3625.4695,3643.5459,3618.048,3643.3391,382925734
3645.3948,3648.9556,3612.0673,3618.0535,390347625
3613.0469,3632.188,3601.9351,3615.9741,329235293
3619.6419,3631.0766,3607.3643,3630.1115,316202242
3630.9159,3630.9159,3596.3225,3597.0002,305131766
3596.4921,3628.9177,3595.4957,3619.1886,307839291
3626.242,3642.843,3624.9419,3639.7754,329681932
3649.151,3651.8924,3610.0922,3632.3289,405027769
3628.2634,3628.2634,3583.4668,3595.1761,423902028
3581.2184,3594.489,3559.8803,3586.0792,371540543
3588.9851,3607.2316,3577.0976,3579.5427,436306961
3572.7434,3593.5187,3555.1255,3593.5187,356222610
3589.9043,3602.1454,3562.7541,3567.4409,359761863
3578.1629,3599.4993,3572.0965,3597.4321,343132956
3601.0265,3601.0725,3555.1576,3555.2585,369368365
3544.0652,3548.4204,3519.3222,3521.2559,376937024
3522.0851,3546.0853,3519.4257,3541.666,312886733
3541.8899,3579.3126,3531.3295,3569.9144,377146435
3567.6309,3578.7348,3541.6619,3558.1796,333235269
3556.2262,3576.2594,3540.5545,3555.0629,379509846
3546.7495,3547.0003,3514.8853,3522.5679,326534880
3508.2441,3531.6081,3500.1391,3524.105,280268342
3509.2847,3519.8334,3433.0612,3433.0612,327353813
3442.6916,3462.1233,3417.7585,3455.6679,275122828
3456.1021,3456.363,3392.0154,3394.2474,280606534
3407.5933,3417.0453,3356.5558,3361.4397,290855257
3407.7621,3434.0256,3407.7621,3429.5809,320485211
3428.5424,3453.1863,3390.4578,3452.6288,366093865
3450.818,3484.739,3444.0848,3479.9458,350249936
3481.9101,3488.8552,3464.2169,3485.9071,355666267
3472.2757,3500.1471,3459.3299,3462.9479,361356090
3451.8468,3457.2645,3415.4463,3428.8821,315274448
3428.0447,3447.4917,3421.6403,3446.0885,275559322
3457.073,3475.0576,3453.8014,3465.8305,274993913
3464.2091,3480.9719,3454.2767,3468.0354,297262682
3451.6318,3490.7573,3447.0273,3490.7573,295149963
3488.4057,3492.1994,3471.6858,3490.6123,301541740
3473.2874,3473.3931,3437.6717,3457.146,326279484
3458.5139,3490.7633,3458.1795,3489.1465,325604895
3474.3692,3486.9773,3400.2136,3429.9564,488354901
3445.3361,3480.1756,3440.9339,3451.4061,377542556
3450.3155,3462.3064,3425.5162,3462.3064,345838388
3471.3646,3491.1317,3465.7154,3488.8347,326001662
3478.2925,3486.6206,3466.9999,3484.1916,329367684
3495.928,3500.2872,3473.3376,3481.1125,412594289
3459.9845,3474.8816,3437.6964,3447.649,393526581
3438.5602,3438.5602,3360.7393,3372.8552,393588999
3372.5546,3383.6326,3287.3412,3293.5301,415926766
3303.706,3321.4811,3147.6768,3256.3884,466285569
3312.1789,3326.5827,3291.2352,3296.0922,378336376
3259.3227,3315.6603,3217.4185,3309.7467,384067127
3271.8902,3297.7973,3223.5328,3223.5328,337968687
3192.3637,3196.9161,3063.9652,3063.9652,465037164
3107.669,3177.7882,3023.3045,3170.7103,444667189
3215.0105,3260.1673,3202.9337,3215.0445,420813458
3207.1522,3260.7829,3197.3578,3251.0724,373035611
3255.6152,3267.4982,3223.3892,3253.6857,354228488
3249.5428,3279.1127,3239.5323,3259.8619,361196158
3264.7923,3279.8868,3251.9817,3271.0325,349875370
3256.0573,3266.8866,3236.6592,3250.2644,329006654
3247.1568,3257.1061,3211.6445,3212.2399,340020006
3185.1668,3230.2153,3159.8348,3214.5027,344994873
3216.0118,3229.1766,3196.4553,3203.9393,316273649
3217.5921,3266.5959,3216.3023,3266.5959,366753677
3256.1369,3272.04,3246.063,3252.2029,398439934
3234.668,3287.2285,3226.2965,3282.7166,378210460
3269.427,3288.108,3255.6894,3283.4261,429642779
3267.8103,3290.2561,3236.4791,3236.6951,402626660
3239.8767,3257.0938,3208.3521,3251.8502,413826799
3239.855,3239.855,3156.5066,3167.1259,424160185
3165.1197,3214.5359,3140.8998,3213.3295,418321923
3199.7972,3225.467,3183.533,3186.8244,391156925
3203.6337,3240.0014,3200.2346,3225.6412,371242344
3210.6996,3229.8655,3200.1332,3211.2448,407842082
3185.9428,3204.0274,3166.9782,3195.524,347365123
3192.0924,3207.8276,3174.7138,3194.0287,339944104
3189.8912,3191.8315,3142.0485,3151.0498,362047037
3138.4276,3160.8994,3069.6809,3079.8077,391934694
3058.4044,3105.6552,3049.3555,3086.9193,342000563
3034.2667,3043.8156,2928.5096,2928.5118,433606108
2930.4532,2957.68,2878.2563,2886.4257,401615154
2866.8161,2959.1781,2863.6497,2958.282,423060191
2945.8109,2991.5101,2936.7941,2975.4848,375371775
2986.0606,3048.4941,2968.334,3047.0624,423932794
3044.8491,3082.2295,3042.1155,3067.7587,383072875
3011.3187,3030.6926,2992.7152,3001.5605,343264218
2990.199,3015.9425,2983.6119,3004.1409,292061556
2965.7759,3043.7789,2957.3968,3035.8442,370660980
3035.3893,3100.8998,3034.6745,3058.7027,423991912
3044.7997,3072.1574,3032.9452,3054.994,344440477
3068.0331,3086.0957,3059.2527,3084.2845,331737852
3100.55,3102.577,3063.3977,3073.7488,338108492
3076.4982,3093.6965,3057.6406,3093.6965,330356537
3095.8862,3105.8419,3071.305,3085.9768,315037923
3046.7104,3096.9648,3042.6742,3096.9648,336600749
3107.0941,3146.5673,3107.0941,3146.5673,372336636
3150.4898,3150.5093,3127.8986,3146.8573,353376325
3149.059,3153.1299,3070.9272,3070.9272,416312158
3070.1702,3107.6279,3069.9459,3107.4641,342259227
3111.4817,3133.2767,3079.4812,3123.1079,370305518
3135.0315,3151.047,3112.5443,3130.2394,359463866
3141.956,3150.8923,3123.1495,3149.0607,349362285
3149.9443,3188.6026,3142.0044,3186.4271,374523265
3179.6949,3190.6094,3160.0399,3182.1566,365664432
3170.3055,3197.2818,3163.7555,3195.458,361770632
3196.9552,3237.071,3181.647,3236.3719,422027835
3235.416,3253.093,3222.6354,3241.7635,402203220
3245.0173,3266.6298,3216.0148,3263.7934,434183270
3259.4899,3270.5571,3223.4751,3238.9543,422728372
3214.1848,3286.6195,3210.8083,3284.8341,439865730
3256.275,3272.9906,3229.3089,3255.5511,438578312
3224.2141,3289.1343,3195.8192,3288.9066,450388187
3289.1036,3358.5453,3288.8512,3305.4066,550584131
3306.8353,3319.689,3277.5306,3285.3845,433220868
3265.5124,3323.2797,3262.8936,3316.7857,395300700
3315.7833,3333.9025,3292.9279,3315.4302,413460410
3313.7874,3329.39,3279.8269,3306.7186,394456891
3309.1184,3311.0209,3266.5427,3267.2016,375529782
3269.0545,3320.1487,3262.2939,3320.1487,400614211
3324.736,3356.7145,3322.9496,3349.747,390819734
3364.003,3393.3091,3364.003,3379.1852,414117738
3377.6793,3412.1017,3358.8666,3409.2103,412056516
3399.6779,3414.6467,3358.4676,3361.5177,440573559
3358.9338,3417.0085,3358.9338,3398.6161,381243178
3400.2616,3404.0523,3378.3621,3387.6373,350489299
3381.8194,3405.6185,3364.0947,3405.4267,357737919
3411.1297,3424.8366,3372.0623,3404.0252,411699672
3391.0265,3391.0265,3333.0965,3355.3497,384630047
3353.1283,3375.8595,3332.3092,3364.398,334400202
3380.3686,3386.3149,3354.1209,3356.0778,322921072
3341.1016,3341.1016,3297.005,3313.584,342669193
3307.2211,3319.2512,3277.0794,3281.4665,334600539
3279.6025,3297.0185,3266.4811,3284.2918,331845669
3277.4545,3299.2512,3261.4934,3281.744,355926432
3261.3826,3288.9198,3228.0609,3228.0609,380156371
3235.0881,3278.4715,3226.2315,3278.1033,348346022
3278.7221,3283.9295,3256.0152,3279.4313,315651918
3291.5507,3308.3472,3287.7441,3304.7243,301515123
3297.6614,3300.5345,3272.0012,3272.0012,332358707
3276.1966,3293.6439,3246.7313,3269.9739,300690066
3269.707,3273.1836,3243.0311,3250.388,271245744
3254.1852,3282.4133,3246.044,3277.4356,259468676
3271.7825,3282.5739,3265.7267,3275.7553,249131485
3287.5019,3305.7057,3277.1078,3282.5758,288055056
3282.8114,3294.8045,3246.3677,3253.2382,307331047
3246.6161,3264.3041,3225.5533,3259.9585,292204805
3231.2621,3231.2621,3155.1866,3186.2664,394176168
3188.8906,3217.5496,3159.457,3163.6741,324885673
3179.4278,3190.9992,3155.7039,3189.0391,260898943
3195.2274,3228.8863,3184.4549,3227.0267,274683729
3218.8511,3237.9693,3214.0826,3236.9337,254268050
3235.7351,3248.7718,3227.5394,3247.4318,259605467
3242.3622,3253.1662,3217.8065,3230.02,257583592
3243.4716,3281.6654,3237.9041,3281.6654,300605376
3275.77,3288.2233,3272.8406,3276.8877,299932928
3268.3653,3286.891,3261.8151,3276.087,287106773
3278.6756,3295.0226,3271.5703,3277.8847,303592274
3282.1008,3295.9976,3263.3483,3292.526,326124759
3286.3669,3289.1415,3270.5584,3277.5438,301694778
3275.6229,3286.4911,3258.0637,3258.0784,333535471
3249.7046,3278.1655,3247.187,3277.7943,314537869
3274.427,3284.5963,3262.6331,3276.2234,316566356
3279.1716,3281.8752,3212.386,3215.2033,366140577
3223.4645,3248.3505,3199.1242,3246.2481,336196165
3250.6276,3266.2737,3232.2766,3236.2226,309927554
3203.1022,3240.7275,3198.996,3240.7275,297015097
3240.1835,3243.746,3212.6346,3227.2203,294318914
3216.5257,3232.0158,3184.3936,3202.1378,344408829
3196.5367,3214.5583,3181.6256,3184.9797,274660541
3189.6439,3198.2812,3173.7929,3186.4781,250456911
3183.946,3199.9118,3172.0394,3199.9118,280675633
3207.933,3244.6353,3203.8161,3243.4466,318869689
3232.1368,3253.7671,3227.8225,3246.2943,301014466
3245.557,3253.7005,3233.8007,3235.5862,281680358
3241.1809,3266.1974,3236.5078,3262.0542,283827665
3272.0492,3278.1659,3259.6644,3263.7972,276189823
3224.6783,3250.8024,3221.9609,3237.5419,255193365
3248.9721,3254.1789,3174.3899,3199.9187,325206121
3189.8265,3191.8265,3126.3972,3126.3977,316475893
3122.7549,3135.5565,3101.2207,3115.6019,249113662
3127.8356,3140.0252,3114.0368,3122.4058,219942534
3116.0065,3129.8245,3091.2966,3117.1774,232972496
3098.7682,3125.6797,3092.8189,3108.9096,221140689
3106.8055,3124.6583,3072.2409,3088.3695,243057719
3067.5689,3102.6544,3048.5143,3051.226,262698628
3056.3917,3094.0389,3048.365,3093.8618,232735303
3089.0975,3089.0975,3044.864,3045.0668,230098650
3067.4727,3076.7615,3026.0792,3041.2046,230030416
3042.1664,3054.6129,3021.9309,3024.3905,204115336
3026.9354,3029.4478,2968.281,2974.1454,243404828
2978.0617,2986.9116,2953.4953,2979.7926,208635950
2976.7168,3025.5055,2934.0922,3025.5055,248013557
3008.3016,3036.2485,3004.4963,3016.3561,249683281
3035.0341,3084.2724,3035.0341,3071.9868,277304061
3060.5176,3087.1944,3052.7149,3084.9423,262608618
3094.9272,3099.9182,3074.2162,3080.9574,245634757
3073.2616,3081.3903,3044.3777,3044.3777,230895310
3029.3028,3070.2648,3013.6929,3035.0504,244736145
3038.0358,3055.4157,3026.9603,3038.9291,245254122
3034.7458,3064.4211,2965.1675,2977.5554,298085356
2969.156,3001.715,2944.2607,2976.283,255554160
2977.5643,3028.3478,2977.5643,2999.5036,268689492
3005.0373,3017.2629,2981.6889,2982.9029,265608254
2967.0221,2974.236,2908.9831,2915.9257,292531308
2893.1962,2926.015,2885.0894,2893.4829,301994203
2899.4985,2969.1995,2896.7572,2969.1995,319809578
2960.6465,3019.0486,2954.9478,3003.3699,325078248
2981.2038,3003.7207,2977.7162,2997.8057,259348567
2996.9971,3081.5903,2996.9971,3070.7964,329806740
3062.859,3088.1927,3054.4571,3077.817,320567097
3077.3056,3078.276,3047.4624,3064.4928,256522007
3064.4633,3073.9183,3046.1881,3048.1676,235637324
3031.6915,3047.9803,3022.8506,3036.1318,270371798
3099.65,3117.7419,3070.3007,3087.2926,409604534
3100.8669,3121.4056,3075.2152,3083.4013,361788216
3081.1349,3135.5903,3074.4982,3134.0778,331470577
3133.6504,3145.7526,3115.3453,3119.9804,303429844
3110.9649,3115.4351,3087.1737,3115.4347,287028407
3116.7291,3126.7107,3096.8858,3097.2432,299954276
3078.0569,3085.2426,3056.1703,3085.0444,256045549
3084.2328,3118.1197,3076.3214,3088.9426,327565927
3084.7403,3108.2438,3075.3241,3096.9073,326155449
3104.0955,3113.2392,3084.8554,3089.3096,267482928
3085.4611,3111.4214,3077.9671,3101.6932,311431979
3055.2899,3080.1843,3034.7045,3078.5485,305811284
3096.1126,3152.0027,3096.1126,3149.7478,391449748
3141.3992,3158.5732,3137.3687,3151.3353,372718321
3187.9899,3198.4088,3164.5348,3165.4711,387013056
3160.5789,3170.898,3149.8406,3156.1442,307812484
3181.9155,3213.4395,3177.0642,3211.8144,447398437
3200.275,3224.822,3195.0788,3212.5334,373590296
3204.9352,3226.0817,3188.6705,3199.6194,354113078
3196.0156,3206.7151,3187.2566,3197.3499,320969294
3197.1183,3212.1059,3182.9068,3206.9502,373343209
3195.868,3196.7247,3176.5752,3179.0417,333381792
3179.4354,3187.2035,3171.4827,3176.3255,285821200
3178.5542,3189.835,3168.5925,3176.5253,265623569
3177.1995,3179.1,3158.4515,3168.6478,243023333
3156.1349,3175.3526,3151.6089,3167.8576,259771795
3165.3092,3170.2552,3096.0981,3107.115,278513541
3098.9532,3100.7477,3061.5098,3073.7659,218836766
3078.3312,3085.7951,3060.5542,3068.4105,189067920
3085.8004,3096.2449,3044.5991,3054.4313,223639537
3038.8416,3061.867,3031.5358,3045.8664,192020305
3048.1963,3071.8363,3047.3491,3065.5626,206503893
3077.7469,3098.0783,3074.3133,3095.5678,222218322
3088.6174,3098.6496,3079.4338,3087.3997,224554151
3076.7264,3086.0048,3064.4594,3073.7016,215570676
3084.5226,3096.3135,3082.1964,3089.2579,217545344
3087.513,3119.8556,3073.054,3116.5119,281370362
3117.5711,3129.0937,3109.4512,3123.5164,273313626
3132.7614,3159.427,3130.23,3155.2162,257003018
3155.0747,3170.7418,3151.8407,3157.6365,257380255
3169.3737,3183.583,3165.4282,3176.0845,258115218
3178.022,3178.1569,3165.1446,3169.5072,232984175
3172.3759,3184.757,3160.8896,3161.8376,237742869
3167.273,3171.5905,3153.4038,3163.4509,216671305
3170.3548,3195.3067,3167.5098,3195.3059,220226897
3198.5189,3251.3739,3197.3186,3227.5916,306749549
3229.4354,3231.2645,3211.7573,3224.2448,226592230
3227.5947,3234.8169,3220.3703,3224.406,212109730
3221.5179,3240.2794,3210.3825,3240.2794,226465030
3247.2031,3267.0579,3247.2031,3264.8138,273219182
3308.8694,3310.4903,3266.758,3269.318,353325829
3266.1442,3277.2524,3252.0145,3255.6692,300162957
3262.1961,3284.9224,3245.4113,3284.9213,339509410
3291.7828,3295.7636,3272.414,3285.6705,333413133
3275.6578,3275.6578,3235.3533,3263.4059,293342814
3244.7007,3250.3514,3226.2112,3238.6978,267053107
3245.2297,3250.033,3233.8334,3248.094,250946450
3251.5006,3257.114,3230.4393,3232.1063,234530481
3227.7278,3270.3826,3225.7724,3270.3826,254754529
3266.4367,3269.9944,3247.2296,3260.6734,260626926
3256.9881,3285.0913,3252.6327,3284.1599,297213188
3288.9742,3293.7338,3279.1894,3293.2825,270974168
3294.015,3296.1995,3274.5505,3280.4919,269939123
3281.7352,3308.8279,3231.3421,3249.0295,380863545
3244.7325,3262.4729,3223.2581,3224.0243,278451237
3230.4728,3291.0388,3225.8427,3290.3383,325007733
3291.6312,3308.7908,3282.436,3306.5236,324409449
3292.0489,3307.0343,3286.7207,3291.1477,255403985
3293.5219,3307.4385,3275.3621,3287.477,262324304
3287.2553,3288.3922,3253.9748,3267.1597,234206306
3256.9998,3276.5791,3251.7213,3258.0344,242855344
3265.742,3280.4154,3246.1446,3279.6053,251625032
3279.1364,3315.1604,3272.0351,3312.3478,318398704
3308.0113,3320.7441,3306.4554,3310.6536,328520016
3314.7727,3330.6046,3302.6231,3328.3927,343996919
3332.0235,3333.0619,3308.7255,3322.0259,340530446
3320.211,3342.8585,3284.4099,3285.0988,389957956
3271.8798,3283.2479,3263.6927,3283.2479,260443547
3285.9427,3289.06,3259.9999,3276.0937,264021859
3255.5121,3262.147,3229.4959,3230.0766,281135410
3228.1239,3268.6955,3228.1239,3268.6955,294928087
3261.9219,3262.0025,3216.9927,3245.3123,319906033
3261.0284,3273.1232,3256.8566,3263.3148,305168798
3244.4699,3257.433,3224.7223,3226.8912,327389632
3245.2604,3279.9228,3240.157,3250.546,343001022
3253.9302,3267.9931,3231.6459,3234.9103,392517391
3240.8388,3255.9997,3237.8934,3255.6505,301810779
3263.4129,3279.3938,3255.7394,3265.7475,290840462
3258.7791,3286.6491,3252.9917,3286.6491,306118393
3282.739,3282.739,3260.8444,3265.6537,324513337
3261.8235,3261.8235,3229.7037,3251.3971,337861206
3256.6023,3264.0978,3241.7368,3245.376,295682660
3253.6212,3254.5564,3229.5848,3240.0568,296900508
3243.0683,3263.7379,3220.9846,3261.2485,299898295
3263.4061,3278.4231,3260.0396,3272.8602,283613746
3277.34,3299.7321,3276.4158,3296.396,357676775
3297.183,3312.5615,3290.9925,3312.5578,385871617
3302.751,3314.5262,3296.055,3312.628,327155424
3312.4813,3328.8455,3308.061,3327.6457,283032247
3331.5051,3332.7152,3309.9171,3315.3578,340819845
3317.0771,3317.4484,3298.2498,3313.5705,320566055
3316.8623,3330.7079,3315.3991,3327.1816,343025315
3321.2733,3334.4697,3309.2515,3318.3638,347862106
3326.3704,3340.0764,3316.8101,3338.1525,338299275
3337.0605,3385.6095,3336.3881,3385.6095,402809926
3379.2267,3396.1745,3375.7803,3393.3312,348399486
3391.3549,3394.959,3364.6419,3370.1283,346123443
3367.0525,3371.3679,3344.016,3367.031,350354965
3363.9987,3367.6093,3301.2575,3301.2575,387395098
3300.8125,3303.0908,3264.9349,3275.413,354255626
3276.403,3288.5685,3229.4461,3264.8717,380895729
3255.2171,3277.9797,3239.9893,3264.1006,357917842
3256.2278,3299.301,3253.1117,3285.8844,341590534
3283.1224,3324.8808,3283.1224,3323.2746,401554785
3306.4827,3352.7463,3302.0275,3350.4587,483364916
3350.6538,3364.1417,3321.1872,3334.5028,436504494
3340.9904,3400.1766,3340.9904,3395.0036,534103659
3402.3938,3418.9534,3356.1183,3357.6707,573013309
3347.7015,3349.7213,3305.2506,3319.1506,451739731
3323.6583,3333.2496,3307.2887,3309.5512,354258271
3304.4582,3319.1307,3271.4311,3272.3619,347314983
3269.8781,3310.7367,3235.8679,3310.7367,388045887
3310.1607,3317.9012,3282.4918,3290.9874,322479410
3281.9664,3298.519,3269.8936,3284.232,285744050
3288.4112,3313.8622,3284.1679,3297.3199,309967472
3288.8911,3302.3424,3268.2242,3283.5417,285404064
3278.596,3308.5325,3276.5398,3296.4696,273889998
3294.7877,3298.2257,3246.238,3246.238,275279083
3237.7045,3237.7045,3204.3813,3204.7494,288720257
3197.3644,3207.021,3168.5716,3201.2605,283588925
3198.8825,3220.7737,3179.8217,3212.5038,261700479
3219.7553,3230.9706,3208.955,3221.4484,297389487
3214.6728,3230.6317,3186.6256,3224.2133,303532460
3214.6551,3216.3597,3190.2736,3204.5644,294573338
3196.1547,3225.093,3189.5174,3204.6345,312330759
3212.4489,3233.9916,3211.737,3230.0686,294667098
3231.8108,3244.1801,3221.6254,3232.441,278060203
3228.4068,3247.349,3189.2692,3195.3404,308285872
3197.4677,3210.3295,3188.0053,3197.7587,258063400
3194.8348,3225.5263,3180.5354,3213.5855,293530741
3213.033,3231.4055,3206.1027,3231.4055,314155501
3225.3049,3239.4368,3210.7135,3228.8336,313784444
3223.8958,3235.0854,3215.4989,3233.6734,280628454
3238.1189,3248.4609,3226.7743,3228.9887,303537260
3230.4512,3252.9751,3229.1452,3252.9751,313255752
3256.2989,3276.5522,3255.4988,3273.3341,326281846
3271.1635,3271.1635,3251.7789,3255.8057,327753047
3252.5435,3252.8435,3237.7857,3240.3648,298260596
3230.1142,3236.3626,3197.9011,3197.9011,294377372
3177.2293,3181.0758,3144.2484,3150.6189,308129811
3153.3132,3194.4086,3148.2657,3189.4427,287604327
3183.4865,3192.6589,3157.1229,3189.3758,276231948
3185.4242,3196.5025,3179.5251,3182.3812,250340074
3178.9242,3212.9928,3177.9913,3202.0623,265379873
3209.1623,3246.8605,3209.1623,3243.975,312371395
3241.2305,3246.9576,3233.9895,3245.3492,279248721
3240.0486,3241.8353,3218.6022,3222.9469,264016426
3215.8633,3229.4799,3199.7164,3205.5748,246119032
3197.4716,3212.0472,3189.2114,3196.6092,255688469
3208.7349,3216.5348,3192.6579,3203.6958,236560367
3211.1222,3221.6804,3200.3845,3221.3666,227600467
3220.3758,3224.3312,3193.4366,3196.1337,271423386
3202.6992,3238.4675,3202.6992,3236.48,276620508
3240.9695,3248.3849,3233.9985,3237.7012,273327494
3219.0162,3219.0162,3195.8862,3209.6298,250208376
3206.786,3210.2482,3190.0049,3197.8201,235030259
3195.0085,3204.3612,3181.5611,3198.8358,217355860
3201.9111,3209.0554,3165.6739,3169.522,238932891
3163.421,3185.6357,3157.3335,3167.7452,225331363
3157.4694,3178.7335,3151.1252,3164.1608,216595211
3201.4575,3231.7486,3201.4575,3231.5213,348617714
3228.0873,3229.8921,3212.8801,3223.0279,317206051
3225.4763,3245.6028,3210.4699,3216.6709,327118867
3206.741,3280.2777,3200.9939,3275.9257,411068434
3287.2089,3322.1291,3281.0133,3291.0398,459030994
3288.7604,3305.3402,3279.5656,3290.9493,459890833
3281.8583,3290.8203,3252.3036,3261.6903,405341499
3254.5651,3280.8636,3247.2719,3280.4626,384691317
3296.0944,3315.0492,3281.7343,3288.0842,470927697
3276.7756,3276.7756,3258.5372,3268.8311,360341484
3260.7218,3274.5186,3246.6745,3260.6196,316520733
3251.1521,3257.0816,3240.2888,3244.4867,271218538
3242.2057,3257.0298,3234.1158,3254.5597,287412142
3254.4751,3254.4751,3189.248,3189.248,330137750
3159.7138,3180.5067,3141.6551,3178.4272,299840327
3180.5579,3186.234,3147.3459,3176.1758,273251922
3164.7019,3176.626,3149.7226,3150.1277,281728292
3137.3514,3167.4457,3123.2495,3163.7393,294692586
3165.0998,3179.1159,3131.953,3131.953,294390352
3125.9897,3134.9571,3092.9777,3092.9777,265753423
3103.7807,3126.7838,3074.5307,3120.3338,309316335
3116.2661,3116.3765,3077.6056,3078.4021,272244124
3085.9107,3106.1824,3072.9511,3082.2439,300024637
3068.615,3085.047,3053.0373,3064.0747,293347686
3219.0432,3219.0432,3089.1194,3098.6363,485607764
3091.9379,3145.761,3090.4377,3135.8867,398875780
3144.4067,3153.689,3126.9024,3137.1375,347511867
3134.5529,3139.9801,3113.9459,3119.8764,313448242
3126.0234,3143.8457,3123.1896,3133.2467,292310992
3145.9435,3177.0603,3143.3793,3177.0603,366391140
3169.7384,3169.7384,3150.0753,3154.3693,294061849
3147.1363,3162.1547,3136.8998,3158.0769,267002230
3152.2028,3152.2662,3120.8229,3122.3523,269264733
3114.2296,3126.0412,3104.6743,3116.7191,228125064
3119.6101,3155.1026,3113.8164,3142.779,290442917
3140.3409,3147.5141,3134.3176,3137.0593,234672051
3137.7718,3143.7577,3106.9693,3123.0669,249701038
3124.8482,3135.025,3111.8588,3126.5511,263990138
3133.5883,3141.9642,3107.448,3117.7434,292026365
3110.4404,3128.7009,3098.496,3125.9319,259444257
3123.9862,3131.1298,3113.5254,3124.9567,253652761
3118.6671,3122.1277,3108.1578,3108.5679,228124462
3103.1754,3113.4939,3084.701,3084.701,228659100
3084.7567,3132.5578,3078.8007,3132.4316,285978351
3131.2079,3131.2079,3112.1505,3115.6071,258071885
3114.0214,3120.2889,3102.2726,3102.2726,222644313
3104.0395,3125.447,3103.8441,3107.3156,240495830
3117.7549,3121.8352,3105.9397,3110.4753,236329981
3099.9998,3103.3597,3072.6418,3096.9224,264422205
3104.3651,3109.9822,3073.1864,3075.2361,255327379
3085.6989,3095.6594,3071.936,3078.9556,259918692
3101.7051,3109.9898,3092.1771,3107.9007,274827998
3091.9972,3094.9153,3080.5481,3088.0991,255085235
3091.0647,3091.1257,3063.6856,3073.813,263882363
3076.4283,3084.0725,3064.8897,3083.4964,259019588
3076.5796,3076.5796,3057.0588,3058.7098,268647155
3043.1955,3043.1955,3004.7745,3005.3934,304038910
2995.3575,3006.2746,2977.1731,2983.0585,267113594
2969.7858,2973.6611,2923.5113,2939.2913,278904128
2944.3105,2964.7605,2929.0883,2962.2437,310985389
2986.4066,2993.2951,2972.4177,2974.1135,332392004
2960.1038,2990.3277,2956.006,2988.2992,291814511
2978.4026,3029.2101,2974.8802,3017.7842,321803717
3009.6104,3028.2641,3002.3477,3021.5534,360604238
3019.646,3023.0014,3006.6088,3018.7706,319859967
3038.1821,3038.3303,3013.933,3023.0765,280110445
3028.6647,3038.6422,3009.121,3009.4058,268794581
3012.4654,3040.9807,3012.4654,3030.7977,268486347
3047.1301,3058.9891,3037.6941,3058.4105,372949630
3052.9202,3064.5771,3042.4689,3057.2697,326853455
3051.1531,3062.991,3037.2888,3052.3726,335677834
3047.6532,3063.4674,3045.8336,3053.2792,315621764
3043.5585,3044.0007,3027.0878,3038.9699,285546497
3044.0319,3048.6209,3028.168,3046.5329,290430588
3046.8171,3059.5294,3044.4259,3056.0703,294844733
3077.0291,3080.1284,3064.3464,3072.8348,304250107
3066.8554,3071.4522,3050.9257,3050.9257,271079460
3043.617,3055.8561,3033.7472,3054.3655,267606393
3056.9268,3072.5134,3043.5148,3068.3191,287556998
3074.8281,3089.7738,3063.3449,3067.9328,330733102
3060.4984,3067.9625,3043.611,3043.611,289056490
3041.6779,3062.8665,3034.2969,3061.8562,276592059
3060.3306,3060.3306,3037.2012,3040.9717,287788413
3038.1864,3038.3578,3015.0076,3031.7002,310517868
3028.5983,3039.6945,3020.2306,3038.5545,268920746
3038.4641,3038.9767,3017.6611,3021.6874,277956448
3021.1025,3030.9086,3013.7678,3029.6727,282945357
3027.353,3035.7599,3010.2333,3031.6358,286089700
3033.298,3038.9794,3022.3477,3022.9138,288162053
3017.0102,3017.0102,2972.2959,2972.2959,293943278
2966.9475,2985.3143,2959.603,2968.9334,294104187
2965.6523,2976.0148,2949.1438,2966.2061,296243687
2965.3901,2980.8344,2962.327,2969.5594,369138705
2956.2905,2995.6698,2930.422,2991.4385,360216344
2986.3282,3003.7455,2980.4462,3003.4378,287638762
2997.3358,2997.3358,2968.7606,2968.7606,282754098
2979.699,2986.1773,2958.066,2958.9856,271457650
2966.3015,2976.3094,2940.0266,2942.5568,289327642
2936.5751,2951.1479,2924.3254,2930.8036,293086999
2928.7631,2940.5014,2914.1253,2932.3908,265926980
2932.1186,2937.1011,2902.0395,2902.1096,265562454
2892.0201,2924.2562,2882.0195,2918.7149,282541827
2919.2879,2935.7002,2906.5094,2914.7752,296628367
2909.8751,2920.6323,2903.987,2918.8126,229814178
2917.9708,2917.9708,2892.8373,2898.8787,228140855
2900.1491,2917.9564,2890.165,2914.6138,247900882
2913.1096,2961.6476,2909.3886,2954.7035,339213116
2950.8372,2975.0319,2950.0173,2974.9348,290672687
2972.775,2976.2682,2962.2762,2962.2762,304141793
2957.1117,2971.2834,2953.2901,2967.2472,285455945
2965.5087,2966.6828,2936.6347,2954.3486,264980924
2949.8221,2967.9677,2916.7206,2929.1833,301040239
2923.457,2924.4559,2887.5379,2929.1833,270275055
2887.1095,2900.7266,2878.4123,2893.2513,262955975
2886.9807,2903.1621,2870.4155,2877.7023,244046526
2873.7982,2896.1788,2867.7223,2886.6502,267050764
2880.0399,2904.1743,2878.8752,2881.9769,261602931
2872.5562,2904.4643,2869.2236,2886.2908,244611236
2881.5602,2896.683,2861.1302,2893.9886,286286714
2887.2917,2887.4893,2833.6152,2833.6152,261251308
2822.6672,2849.2559,2760.978,2845.7839,390396855
2836.9749,2849.8755,2822.8434,2832.2793,266664388
2826.5034,2828.3202,2735.3721,2756.3399,350165758
2746.8923,2784.8407,2724.1573,2770.9763,308749417
2782.1415,2823.6953,2743.3971,2820.7719,369070600
2823.8259,2906.794,2821.7093,2906.1087,442009045
2897.9149,2924.3065,2890.4819,2910.2227,421109084
2910.6072,2923.8992,2883.3327,2883.356,410581311
2866.2795,2881.3468,2829.2498,2830.5266,335661226
2815.5042,2834.011,2782.5869,2788.5482,377103965
2773.4239,2805.0146,2752.7824,2770.7403,352889185
2773.2949,2791.6756,2666.3335,2730.152,426230199
2716.081,2739.7383,2635.0897,2702.185,478990292
2680.4846,2802.9312,2669.6732,2789.486,502849313
2791.5145,2829.6956,2770.5293,2829.6956,547117439
2832.4855,2867.4738,2827.902,2865.9032,531108893
2886.5871,2910.544,2867.7103,2910.544,458967704
2902.8765,2927.308,2887.4741,2922.7302,350138735
2906.0243,2994.6149,2898.0496,2950.9556,444245463
2945.447,2988.358,2944.499,2988.358,354132536
2992.912,3009.136,2979.973,3004.881,380083270
3002.118,3009.479,2967.057,2977.022,409026558
2966.417,3015.481,2961.148,3015.481,372984687
3016.256,3031.488,2957.852,2957.852,544109093
2943.624,3015.171,2943.624,3015.171,409696374
3013.823,3032.231,3003.763,3027.02,379132184
3026.607,3040.345,3007.683,3039.305,387760002
3027.103,3052.541,3022.178,3047.793,383509955
3041.752,3060.563,3034.354,3039.931,340982739
3040.211,3063.692,3023.118,3027.401,377154391
3026.165,3049.194,3016.903,3046.019,319204392
3042.619,3068.455,3035.445,3068.455,361608821
3068.182,3075.131,3044.857,3055.935,415743914
3053.341,3061.951,3031.898,3043.835,365047453
3042.413,3059.997,3020.637,3038.234,364072290
3031.523,3056.447,3023.215,3054.636,360268463
3057.209,3085.312,3055.922,3084.926,406653508
3077.981,3090.046,3062.628,3062.756,384123680
3058.648,3081.755,3056.645,3079.686,349187729
3084.412,3090.051,3069.272,3077.113,366877968
3070.548,3073.206,3027.762,3048.034,394740486
3040.501,3065.261,3026.305,3026.305,387485389
3026.922,3036.494,3006.26,3031.481,345928787
3026.814,3030.45,2993.139,2993.139,343198010
2988.59,3033.367,2984.12,3010.664,353200026
3008.376,3041.298,3008.167,3041.167,334822785
3049.021,3078.488,3049.021,3077.379,375393640
3076.875,3085.537,3063.981,3074.959,367304262
3074.893,3079.02,3057.397,3069.296,363211380
3057.325,3077.351,3045.469,3047.053,402936740
3044.614,3051.585,3033.209,3048.537,333489965
3045.961,3049.607,3013.59,3027.335,348991721
3013.573,3050.337,3009.897,3034.246,340894392
3035.577,3043.56,3014.83,3019.474,334229771
3013.672,3066.941,2995.542,3057.378,461239244
3043.55,3052.435,3005.34,3007.068,448070473
3008.061,3071.381,3002.056,3071.381,413358368
3060.031,3102.553,3057.761,3074.225,416321349
3060.299,3080.323,3055.058,3065.261,375543855
3059.065,3078.423,3042.542,3044.595,357216399
3038.612,3044.944,3016.517,3021.977,325595128
3029.403,3045.64,3019.124,3044.822,305264093
3037.927,3060.264,3034.65,3052.9,292280148
3054.979,3092.43,3054.979,3088.636,439382563
3086.682,3119.686,3080.586,3113.043,506925445
3110.159,3123.288,3104.294,3104.825,440213213
3132.512,3142.382,3126.769,3140.72,450656899
3139.664,3151.219,3133.69,3147.738,379102564
3141.487,3144.986,3126.173,3128.48,334000320
3128.164,3158.465,3128.164,3154.32,360881462
3158.589,3163.144,3137.152,3154.547,384287495
3139.475,3157.366,3126.17,3148.021,397030565
3148.849,3155.807,3137.609,3145.774,343526194
3141.252,3142.972,3117.929,3119.902,321027962
3127.184,3137.878,3116.163,3122.401,367417361
3121.713,3154.026,3116.784,3154.026,383915244
3156.148,3174.266,3155.99,3171.145,426867280
3164.683,3165.224,3148.342,3157.966,335783572
3157.189,3166.919,3152.457,3158.54,354098082
3149.875,3150.628,3110.277,3116.387,353943727
3110.753,3130.425,3087.794,3088.87,306532279
3094.14,3125.506,3091.989,3124.043,319396765
3122.388,3130.31,3106.365,3109.572,310066974
3108.027,3128.137,3100.98,3111.018,289970346
3103.708,3121.218,3085.384,3091.678,302380762
3094.759,3107.604,3086.813,3086.813,276072816
3085.981,3097.204,3061.277,3078.489,357563362
3071.32,3095.322,3063.588,3091.199,309287598
3086.051,3092.346,3064.736,3065.403,290542344
3069.439,3077.673,3040.829,3048.794,369867104
3053.915,3065.025,3031.044,3051.279,316342484
3042.134,3043.2,3013.861,3028.045,310481942
3025.296,3042.042,3021.309,3037.468,279452106
3038.086,3040.402,3022.822,3028.919,297862463
3020.959,3037.905,3011.577,3032.633,348746753
3017.717,3026.624,3012.045,3015.891,295763448
3015.071,3031.976,3012.523,3030.246,273625999
3029.099,3030.226,3015.326,3018.049,261296248
3015.722,3028.514,3001.768,3005.437,295515907
2998.241,3011.914,2985.929,2998.138,255001251
2982.826,2990.643,2960.127,2963.099,298653884
2962.765,2971.653,2935.538,2949.996,273209938
2943.447,2976.669,2933.33,2972.525,282388409
2962.696,2963.064,2944.898,2945.852,270548519
2940.303,2985.468,2939.984,2967.403,315201432
2965.245,2996.409,2961.856,2994.73,297782235
2992.856,3004.987,2989.47,2997.011,281364683
2995.664,2998.537,2978.069,2982.376,246284642
2984.83,2995.57,2955.289,2957.567,274268789
2954.372,2957.107,2920.205,2949.933,272324556
2939.837,2947.61,2917.232,2922.45,277533424
2919.573,2963.782,2904.039,2959.372,315062031
2949.026,2958.859,2935.33,2939.364,301549456
2957.25,2971.361,2947.403,2970.387,328372424
2965.612,2977.142,2963.303,2971.295,303713014
2963.847,2977.313,2959.129,2974.011,268992597
2963.9,2977.361,2959.666,2976.304,260783630
2970.808,2972.795,2957.948,2962.855,282307991
2951.143,2978.092,2937.905,2977.133,278022665
2963.514,2986.242,2955.12,2982.309,280932413
2978.193,2978.601,2946.561,2964.215,278749559
2960.5,2960.5,2915.368,2915.369,296295994
2909.152,2922.03,2894.289,2901.952,306118853
2891.892,2897.767,2872.85,2886.742,274639500
2885.995,2899.116,2875.396,2890.897,278387536
2889.473,2898.951,2878.582,2891.845,256899727
2885.215,2885.215,2865.149,2879.3,262478837
2877.541,2940.593,2876.301,2938.749,412723417
2940.12,2947.877,2928.826,2932.387,346621137
2913.02,2931.259,2902.72,2905.338,312205039
2889.363,2919.025,2860.698,2860.698,355540572
2878.651,2888.201,2845.335,2867.284,297300803
2864.01,2886.942,2857.725,2869.834,263097150
2864.758,2886.399,2850.874,2869.901,289128632
2879.873,2887.849,2862.194,2862.194,284253916
2858.895,2869.269,2851.295,2858.205,244241371
2860.41,2867.946,2845.31,2867.946,231674601
2866.243,2866.243,2850.401,2850.654,217885170
2844.2,2889.087,2839.387,2877.358,271900000
2877.94,2888.675,2873.06,2879.43,263653441
2877.954,2905.155,2877.771,2893.674,261687730
2895.551,2896.519,2855.329,2866.661,263658002
2858.939,2863.891,2848.151,2856.584,229200027
2856.2,2861.607,2845.502,2848.772,245399415
2844.77,2860.733,2839.337,2854.367,226692565
2855.474,2860.655,2844.383,2855.52,227351523
2850.877,2853.78,2843.158,2848.731,230693006
2844.327,2852.562,2830.961,2837.429,228730623
2829.451,2831.431,2815.383,2823.106,277510534
2819.65,2867.965,2817.014,2842.214,397516975
2832.35,2839.278,2810.374,2811.035,340714193
2809.173,2814.903,2794.911,2802.979,275736139
2786.505,2800.606,2781.935,2784.278,257453500
2785.264,2796.019,2777.471,2788.314,242040948
2791.765,2804.093,2765.639,2765.807,253645375
2754.724,2756.556,2726.967,2736.488,261468847
2737.881,2750.118,2718.627,2744.192,262159015
2732.731,2732.731,2710.621,2721.795,242264900
2722.138,2734.683,2716.555,2717.123,240084315
2718.986,2728.78,2703.369,2704.09,251270038
2705.345,2724.114,2689.695,2717.281,247817132
2723.205,2747.74,2697.776,2736.022,315208389
2734.228,2741.155,2717.945,2736.814,285644627
2735.39,2760.48,2731.357,2748.918,257642154
2770.754,2863.152,2761.372,2863.126,477619545
2901.419,2952.451,2889.048,2896.306,568259816
2893.745,3000.953,2889.014,3000.953,576319261
3049.103,3087.529,3017.445,3087.529,492287163
3194.722,3358.588,3153.697,3336.497,1102337917
3674.405,3674.405,3372.187,3489.775,1313460195
3427.22,3437.157,3249.159,3258.858,992757256
3277.692,3379.805,3228.125,3301.926,834500257
3287.873,3297.752,3187.988,3217.738,606027433
3241.427,3294.62,3203.901,3284.323,631466859
3265.746,3285.215,3201.292,3201.292,566054558
3169.169,3236.848,3167.736,3202.948,515813997
3220.733,3241.568,3169.384,3169.384,528611772
3165.974,3313.978,3152.821,3261.563,693014623
3276.06,3300.664,3239.097,3268.11,668150299
3263.822,3294.961,3255.137,3285.867,574913781
3285.247,3331.082,3277.066,3302.803,650444128
3287.824,3292.945,3266.882,3280.262,519827074
3280.762,3319.357,3276.13,3299.7,595651707
3300.463,3322.198,3279.715,3322.198,672373131
3328.088,3340.458,3284.211,3286.407,725326154
3273.642,3291.68,3244.806,3266.238,669018090
3267.975,3295.742,3252.39,3279.824,784649094
3275.577,3305.318,3258.735,3272.014,852055320
3275.679,3310.207,3263.842,3310.207,665077454
3306.81,3386.987,3302.047,3386.987,821124902
3395.222,3420.999,3367.081,3383.806,895855930
3359.985,3470.661,3356.258,3470.661,959556680
3502.133,3509.818,3443.193,3452.297,964034562
3432.367,3471.122,3416.727,3470.066,818025436
3469.891,3489.424,3402.042,3421.97,817926524
3406.916,3442.298,3404.525,3439.278,673662348
3429.505,3441.775,3376.153,3379.839,631556690
3369.809,3391.32,3330.726,3330.726,630285583
3344.69,3386.903,3309.008,3323.849,743950692
3324.883,3346.758,3284.133,3346.01,625024151
3337.678,3375.248,3333.002,3367.989,566154289
3362.944,3378.517,3348.855,3370.404,530331830
3368.043,3372.003,3267.192,3267.192,630687790
3274.884,3285.456,3232.918,3263.76,538897390
3256.858,3285.328,3252.866,3259.757,472219304
3250.591,3309.881,3227.355,3309.779,511202303
3308.28,3319.256,3290.364,3295.698,511953047
3295.21,3357.501,3293.69,3326.456,580227102
3328.482,3369.303,3323.009,3363.982,668477762
3366.285,3386.618,3348.374,3378.806,663030139
3376.572,3388.024,3352.943,3364.65,621028862
3353.057,3377.055,3353.057,3368.855,543885746
3370.941,3418.261,3364.206,3404.076,698186572
3402.629,3426.645,3385.959,3402.534,694905205
3490.289,3494.867,3417.765,3422.661,794668034
3416.087,3437.81,3416.087,3432.49,681544610
3432.279,3464.116,3425.976,3461.5,700096689
3442.926,3442.926,3390.754,3391.878,777464144
3390.083,3401.926,3376.536,3386.331,625578996
3381.814,3396.207,3357.769,3361.485,568941505
3371.296,3396.46,3371.296,3382.208,512524979
3355.904,3377.532,3346.469,3370.033,513909063
3364.481,3390.618,3362.819,3368.069,490964621
3367.904,3384.992,3348.277,3351.257,556747248
3353.535,3394.904,3352.947,3393.528,471992673
3395.107,3406.213,3374.011,3393.35,471315592
3389.338,3401.095,3380.255,3398.077,422177271
3397.294,3418.952,3388.322,3400.142,500488130
3395.396,3412.841,3394.965,3407.326,455262383
3406.965,3413.454,3351.763,3351.763,502731062
3347.939,3351.722,3242.086,3262.561,561375199
3267.077,3273.566,3205.776,3211.43,517592014
3209.783,3219.488,3185.463,3206.923,430978403
3203.307,3230.853,3190.461,3229.644,409660529
3218.858,3246.291,3175.725,3230.168,472864390
3220.72,3228.972,3205.91,3211.393,382943557
3211.707,3220.107,3168.524,3168.524,403663348
3148.826,3172.7,3140.977,3160.755,372742023
3165.161,3245.22,3159.432,3240.94,469212704
3234.715,3245.904,3222.236,3227.117,404723199
3239.026,3265.282,3217.097,3236.032,430655539
3226.762,3256.507,3219.773,3241.821,383599260
3256.149,3268.263,3238.121,3244.378,403337948
3256.832,3258.61,3229.069,3242.623,384583718
3235.492,3235.501,3203.38,3213.624,364817518
3237.599,3273.52,3229.572,3230.164,458246803
3222.877,3260.011,3221.712,3252.626,398653033
3256.614,3274.392,3250.601,3250.601,387467642
3270.16,3271.022,3220.279,3229.488,406388181
3226.575,3271.427,3225.846,3270.659,460842730
3269.227,3324.428,3262.508,3303.667,600558451
3308.04,3325.356,3299.243,3322.17,546589749
3323.669,3324.173,3304.444,3318.057,511943541
3312.257,3346.385,3310.39,3346.385,513437828
3343.235,3359.181,3332.483,3332.483,568631161
3328.483,3349.084,3322.529,3346.724,532332965
3355.417,3357.121,3333.195,3355.83,589546569
3348.983,3366.012,3314.301,3324.491,562679240
3320.78,3352.087,3320.581,3351.539,502912965
3347.589,3355.557,3338.034,3350.783,504357114
3356.695,3381.057,3339.026,3379.113,608190206
3374.081,3384.811,3355.869,3373.028,598188203
3345.653,3369.558,3337.845,3346.04,527578562
3351.209,3380.214,3351.209,3380.214,553992031
3378.449,3388.781,3353.571,3388.062,575815020
3374.664,3383.191,3318.716,3320.897,568319504
3328.396,3349.017,3304.593,3316.925,502417862
3300.498,3327.824,3297.53,3324.21,429996111
3324.696,3342.714,3314.148,3341.965,460952696
3353.57,3387.054,3348.684,3381.098,539992709
3373.181,3390.944,3363.929,3372.546,517663551
3373.259,3375.798,3347.186,3366.163,450380832
3335.439,3379.829,3334.831,3379.828,448468323
3385.685,3392.409,3370.22,3371.923,502195100
3371.095,3377.118,3341.118,3358.729,519013479
3361.686,3421.233,3360.606,3419.562,582663388
3430.809,3436.352,3422.462,3426.128,515685138
3434.565,3437.065,3423.3,3429.759,454916063
3424.173,3439.046,3414.593,3426.429,440316299
3425.216,3427.045,3404.662,3408.948,451630682
3401.759,3414.709,3355.84,3364.831,520862630
3364.834,3373.694,3340.238,3370.028,513310260
3370.001,3379.988,3361.046,3369.976,456357393
3365.666,3382.342,3365.666,3368.697,428533770
3362.712,3394.035,3351.174,3373.749,414776314
3372.039,3375.053,3346.081,3351.307,412284289
3343.344,3361.742,3317.738,3335.746,472571978
3340.712,3357.622,3338.779,3348.435,422588670
3344.171,3361.134,3343.115,3350.127,350127364
3319.606,3358.426,3319.606,3342.008,400517827
3193.102,3217.782,3040.693,3096.576,662199584
3094.262,3145.549,3085.123,3145.549,662242387
3110.01,3186.81,3070.078,3186.81,684797174
3227.836,3239.941,3201.571,3223.638,591208273
3219.505,3249.854,3211.35,3238.227,475531804
3251.978,3272.72,3244.733,3262.807,471373220
3260.685,3268.985,3246.337,3267.662,396662895
3267.665,3276.005,3233.791,3276.004,429534854
3261.718,3285.915,3258.145,3280.341,382012698
3270.353,3283.09,3262.392,3276.73,358836193
3273.138,3298.64,3270.013,3291.434,379307588
3289.166,3311.153,3288.332,3299.757,403167615
3308.151,3312.192,3293.063,3296.355,411633212
3295.149,3313.509,3286.236,3297.288,392844749
3300.392,3305.262,3288.755,3295.06,411043192
3292.056,3296.932,3279.877,3288.415,410665863
3281.445,3294.981,3277.627,3286.655,388961672
3284.081,3292.2,3277.55,3279.031,435794335
3295.25,3316.448,3286.989,3316.113,474369617
3354.974,3356.688,3324.809,3342.665,511159606
3331.205,3359.731,3327.902,3351.996,428377766
3350.405,3351.22,3335.127,3341.999,398909191
3352.97,3372.472,3344.269,3369.244,418239910
3386.234,3386.234,3370.252,3374.871,426240700
3374.235,3417.314,3368.078,3403.948,464934441
3398.427,3402.866,3378.021,3380.821,424100916
3374.706,3380.29,3356.661,3367.462,395401030
3365.882,3373.599,3356.648,3367.583,403074805
3371.689,3387.804,3369.963,3380.478,405544534
3380.209,3394.754,3380.209,3387.574,412496165
3381.865,3390.593,3376.233,3380.189,394217206
3376.869,3389.469,3348.372,3348.372,400227004
3346.561,3362.307,3336.355,3346.839,347562101
3346.503,3351.572,3332.49,3340.687,344071157
3341.852,3348.234,3336.727,3339.932,341555443
3340.401,3368.633,3337.415,3363.445,393233806
3358.809,3361.275,3341.648,3347.487,385602170
3340.067,3366.997,3340.067,3361.976,398060772
3363.391,3379.64,3363.391,3376.203,386494643
3378.217,3387.765,3371.146,3384.099,406252093
3384.295,3391.451,3379.764,3385.358,380122886
3388.778,3402.05,3383.074,3399.772,427347947
3402.013,3406.452,3365.667,3384.816,481618568
3385.457,3413.513,3385.457,3402.316,424090313
3397.972,3408.205,3388.866,3402.658,409490610
3397.484,3401.553,3370.592,3376.996,510065221
3369.366,3389.756,3368.876,3388.729,405383278
3388.18,3393.313,3376.42,3387.405,390012447
3386.136,3391.709,3369.986,3388.809,378684891
3384.293,3386.919,3353.936,3362.108,415327655
