Open,High,Low,Close
2747.61,2769.93,2726.68,2760.01
2749.35,2781.97,2749.34,2778.11
2796.23,2844.72,2796.23,2844.72
2872.05,2873.59,2827.82,2831.02
2823.82,2860.94,2814.8,2858.42
2882.49,2882.96,2806.9,2809.73
2815.84,2843.67,2802.38,2843.07
2838.12,2853.17,2810.59,2818.61
2820.63,2842.31,2807.55,2836.33
2839.4,2874.38,2837.94,2872.8
2872.49,2903.03,2853.86,2895.33
2909.87,2940.23,2908.45,2929.76
2932.96,2942.28,2910,2930.45
2929.15,2930.93,2857.1,2859.09
2866.17,2894.35,2863.93,2892.42
2863.89,2863.89,2829.23,2836.16
2845.4,2862.15,2832.02,2854.06
2862.13,2882.4,2860.13,2875.32
2853.89,2855.74,2818.19,2849.49
2902.44,2935.13,2895.6,2935.05
2938.41,2951.23,2925.71,2951.23
2950.81,2976.08,2948.4,2976.08
2970.37,2987.94,2958.3,2976.12
2955.2,2957.5,2921.37,2937.33
2934.49,2942.99,2919.04,2931.77
2945.35,2953.47,2891.42,2902.33
2898.77,2905.51,2866.53,2887.98
2867.08,2876.32,2837.72,2866.19
2874.06,2913.28,2873.39,2908.47
2903.03,2910.2,2888.01,2896.94
2911.46,2916.61,2871.65,2910.04
2904.24,2951.3,2902.95,2942.6
2961.71,2976.22,2952.42,2965.9
2957.02,2957.02,2925.3,2925.3
2877.51,2898.05,2852.88,2890.15
2894.95,2896.56,2847.22,2862.99
2856.78,2870.22,2839.76,2854.24
2896.68,2905.57,2876.01,2893.25
2906.5,2961.87,2900.98,2958.09
2959.07,2970.3,2939.04,2945.84
2945.08,2959.62,2938.41,2939.52
2956.72,2958.28,2917.78,2920.21
2900.46,2934.65,2890.85,2909.77
2951.28,2977.41,2945.81,2967.9
2978.16,3000.24,2974.23,2989.91
3002.66,3028.61,3002.09,3015.86
3003.77,3018.9,3002.41,3011.25
3009.86,3022.69,3007.3,3018.64
3008.83,3020.86,3003.38,3020.86
3018.27,3023.03,2999.12,3022.52
3032.67,3034.16,3009.93,3016.98
3013.33,3032.06,3013.33,3030.93
3037.18,3067.44,3033.28,3062.39
3067.11,3076.72,3060.15,3076.59
3072.66,3076.21,3059.9,3076.21
3085.25,3100.54,3058.74,3067.26
3059.94,3080.73,3053.43,3073.67
3065.82,3070.34,3045.52,3053.4
3045.22,3076.8,3042.22,3069.79
3083.62,3085.81,3068.12,3073.19
3069.41,3083.18,3063.65,3077.14
3078.05,3087.24,3067.61,3081.18
3066.73,3067.54,3045.93,3048.71
3069.64,3078.52,3040.59,3066.97
3063.25,3082.26,3040.24,3075.06
3072.57,3082.75,3062.54,3069.27
3087.94,3135.81,3087.67,3135.81
3133.22,3139.61,3128.17,3136.42
3131.34,3133.89,3102.76,3104.03
3105.01,3117.86,3099.1,3104.53
3115.33,3120.12,3098.82,3114.31
3117.66,3167.63,3112.62,3155.83
3166.24,3195.67,3164.26,3183.95
3183.4,3183.4,3168.63,3178.67
3173.62,3179.37,3169.41,3177.8
3179.04,3189.36,3170.29,3182.62
3166.84,3178.45,3156.46,3175.96
3194.86,3196.93,3178.09,3179.96
3155.35,3167.74,3150.72,3160.78
3170.37,3176.3,3117.73,3117.73
3113.4,3114.54,3080.28,3093.7
3105.86,3142.02,3098.46,3136.6
3125.31,3132.51,3109.91,3116.23
3130.31,3146.99,3103.89,3113.53
3127.73,3131.64,3101.64,3120.04
3130.85,3142.36,3115.04,3135.23
3142.38,3153.48,3132.56,3149.46
3161.21,3171.46,3130.76,3136.19
3121.33,3125.49,3107.57,3112.35
3108.01,3108.01,3062.53,3065.02
3066.25,3071.57,3046.78,3051.78
3075.89,3078.07,3047.14,3049.41
3049.08,3061.78,3039.58,3044.11
3053.21,3066.31,3037.27,3064.18
3073.21,3102.97,3070.25,3101.17
3091.38,3112.45,3088.05,3104.12
3097.77,3102.56,3065.24,3072.87
3066.56,3066.56,3000.27,3005.62
3005.92,3020.61,2995.78,3016.96
2989.44,3006.59,2974.07,2990.46
3011.82,3012.95,2978.72,2981.7
3005.04,3007.71,2975.98,2986.12
2986.05,2999.14,2961.16,2987.95
2986.85,2989.7,2964.94,2977.23
2987.54,3021.94,2984.22,3020.06
3033.85,3033.85,2981.69,2982.13
2983.03,3004.87,2975.85,2999.66
3003.71,3024.44,2998.93,3011.93
2976.46,2977.81,2926.79,2937.29
2942.09,2949.7,2895.58,2895.59
2892.57,2931.11,2889.81,2904.87
2916.38,2920.01,2896.55,2904.26
2880.77,2909,2877.06,2883.89
2896.81,2900.1,2842.86,2846.81
2847.84,2855.64,2826.74,2836.94
2838.9,2859.57,2810.8,2853.13
2886,2916.07,2884.75,2916.07
2910.73,2919.96,2893.38,2916.68
2919.14,2928.17,2912.42,2926.55
2943.62,2967.19,2940.68,2966.85
2961.02,2976.93,2951.73,2976.78
2974.56,2985.32,2965.14,2967.79
2952.02,2992.18,2935.88,2991.78
3005.41,3017.18,2996.3,3012.03
3013.25,3014.26,2999.72,3010.24
3029.21,3030.28,2999.57,3002.2
3000.44,3002.89,2980.93,2996.68
2993.2,2994.73,2958.26,2973.7
2967.99,2996.53,2962.02,2989.27
2999.69,3003.27,2968.82,2978.04
2973.19,2997.64,2971.56,2986.96
3005.43,3033.14,3003.82,3022.3
3033.93,3035.19,3008.49,3013.81
3007.83,3026.51,2982.63,2992.16
2976.95,2985.33,2963.8,2971.34
2975.5,3011.22,2973.54,3010.6
3020.82,3056.65,3016.4,3054.53
3059.03,3061.82,3044.36,3044.36
3050.3,3053.53,3034.15,3050.39
2998.6,3022.19,2995.13,3021.01
3013.89,3016.18,3008.53,3012.6
3013.13,3018.65,2983.35,2990.16
2989.87,2993.66,2951.04,2985.91
2965.12,2985.47,2959.37,2960.31
2955.45,3021.41,2953.52,3019.51
3091.33,3112.65,3083.49,3112.26
3108.49,3118.18,3092.28,3100.57
3100.89,3108.44,3090.8,3101.66
3089.17,3102.35,3083.88,3098.81
3098.46,3103.39,3076.6,3091.81
3099.65,3111.22,3096.34,3105.81
3125.64,3127.72,3098.47,3121.76
3122.12,3126.59,3114.1,3125.64
3113.66,3123.48,3104.08,3117.5
3101.06,3112.29,3093.32,3110.78
3110.72,3124.65,3106.79,3117.54
3130.49,3144.05,3125.79,3136
3127.91,3134.73,3119.2,3134.7
3135.63,3143.18,3121.54,3143.18
3155.82,3161.06,3149.74,3153.67
3125.67,3153.56,3124.45,3130.38
3140.65,3156.2,3135.86,3149.71
3152.17,3161.83,3144.89,3154.3
3149.62,3156.94,3133.11,3153.66
3157.43,3164.06,3135.83,3142.31
3140.67,3154.18,3136.82,3142.13
3162.94,3183.14,3154.91,3179.1
3161.72,3169.63,3130.57,3131.17
3140.9,3178.53,3136.82,3171.58
3159.38,3174.82,3157.35,3168.48
3167.44,3170.42,3135.98,3165.13
3178.06,3196.89,3177.18,3193.87
3192.53,3194.01,3182.19,3192.01
3190.73,3196.91,3184.84,3186.49
3195.34,3205.52,3187.06,3196.88
3182.74,3202.33,3182.39,3198.66
3202.84,3206.22,3184.03,3192.03
3197.46,3213.59,3194.92,3213.59
3211.99,3213.25,3163.95,3164.41
3154.88,3155.19,3118.62,3131.49
3149.09,3161.82,3139.55,3161.82
3180.59,3186.25,3116.25,3116.25
3126.23,3135.57,3105.36,3129.65
3129.72,3177.8,3127.28,3162.26
3161.43,3182.6,3159.72,3160.19
3143.55,3171.5,3129.4,3169.74
3159.46,3182.27,3154.79,3182.03
3200.38,3227.31,3200.27,3224.13
3233.31,3233.44,3217.68,3222.36
3224.5,3235.1,3221.47,3232.09
3245.85,3248.7,3227.89,3244.37
3237.74,3252.87,3233.66,3252.87
3244.85,3249.78,3229.92,3242.32
3243.04,3251.45,3230.62,3245.12
3253,3258.93,3250.24,3258.93
3260.46,3260.62,3242.66,3249.07
3215.7,3249.37,3211.1,3237.59
3246.7,3252.6,3205.42,3229.09
3251.91,3257.99,3240.9,3254.19
3228.17,3237.57,3215.69,3222.6
3235.3,3247.94,3230.86,3245
3255.85,3263.63,3222.48,3235.3
3249.95,3252.93,3239.91,3252.48
3230.76,3258.26,3227.02,3256.52
3257.32,3270.3,3253.2,3267.52
3268.63,3270.23,3230.57,3239.17
3252.55,3267.93,3245.41,3254.86
3257.38,3260.16,3210.39,3218.6
3219.11,3226.24,3206.02,3224.98
3174,3206.21,3168.88,3203.86
3207.15,3222.26,3195.57,3222.25
3229.81,3249.95,3215.02,3237.86
3246.06,3299.16,3245.8,3297.25
3289.59,3306.95,3287.74,3300.16
3292.39,3296.5,3271.02,3294.95
3277.58,3283.4,3213.46,3216.49
3239.05,3265.84,3231.45,3264.63
3236.25,3236.98,3186.07,3204.67
3212.24,3212.97,3154.96,3166.36
3169.32,3210.03,3168.33,3206.06
3217.4,3241.16,3198.74,3233.55
3252.8,3275.89,3241.52,3269.33
3262.21,3277.12,3255.44,3269.65
3279.82,3301.28,3279.28,3289.99
3284.07,3287.48,3268.03,3279.26
3290.31,3315.34,3289.42,3307.02
3308.05,3328.79,3298.58,3328.79
3325.35,3330.02,3296.51,3299.13
3306.15,3344.9,3305.81,3340.62
3371.41,3388.11,3370.3,3378.63
3382.33,3396.21,3381.44,3392.97
3398.84,3402.24,3381.04,3396.63
3394.89,3413.27,3389.8,3413.27
3408.94,3428.54,3403.43,3409.17
3414.84,3436.6,3411.59,3436.58
3429.53,3447.1,3426.67,3438.79
3439.72,3468.67,3439.72,3462.61
3455.68,3475.48,3452.31,3471.62
3473.16,3485.95,3462.24,3465.24
3483.41,3499.2,3473.04,3498.97
3490.47,3509.41,3488.13,3496.43
3495.46,3512.15,3486.88,3502.12
3503.48,3532.04,3446.97,3463.3
3426.07,3467.13,3422.51,3459.42
3438.28,3459.47,3429.31,3459.14
3497.9,3514.8,3475.39,3488.89
3471.67,3479.53,3450.4,3467.51
3473.21,3503.82,3473.04,3491.3
3478.22,3500.67,3455.84,3455.91
3460.76,3465.84,3419.39,3465.37
3467.02,3482.75,3430.02,3445.26
3432.85,3446.16,3397.91,3401.48
3404.41,3424.05,3378.24,3424.05
3437.84,3471.73,3429.43,3469.22
3475.68,3484.81,3465.54,3473.77
3436.62,3466.57,3426.57,3436.95
3458.14,3459.18,3395.91,3400.43
3398.54,3451.03,3387.61,3445.36
3442.31,3448.4,3419.32,3423.55
3449.97,3468.56,3436.34,3452.13
3456.29,3488.31,3456.09,3482.18
3483.59,3485.45,3443.2,3443.2
3405.14,3412.94,3355.93,3364.64
3367.81,3377.3,3326.86,3357.25
3326.38,3344.66,3294.95,3320.76
3350.59,3358.31,3327.69,3347.89
3375.7,3383.7,3365.48,3376.22
3395.79,3412.79,3395.41,3401.86
3389.3,3422.2,3382.75,3403.25
3430.48,3454.43,3430.31,3434.49
3430.69,3453.29,3415.23,3433.4
3420.27,3455.42,3417.88,3443.67
3468.48,3479.46,3441.78,3479.38
3493.81,3495.51,3475.39,3484.83
3501.25,3508.81,3484.79,3504.26
3502.11,3522.99,3502,3520.76
3557.79,3579.29,3552.53,3578.3
3579.58,3600.08,3576.57,3600.08
3601.09,3609.59,3591.54,3607.49
3611,3611.35,3589.65,3598.5
3608.13,3615.79,3600.69,3610
3610.03,3624.54,3607.09,3611.28
3581.9,3589.05,3578.57,3587.61
3599.87,3601.92,3587.46,3600.39
3606.7,3606.7,3576.96,3579.27
3605.26,3606.28,3573.53,3579.6
3589.46,3606.19,3579.2,3605.19
3584.85,3613.33,3581.26,3613.16
3604.29,3618.86,3592.8,3599.14
3612.36,3629.12,3606.33,3616.47
3627.66,3649.35,3624.77,3626.37
3654.18,3678.5,3653.74,3675.74
3671.11,3689.59,3663.88,3689.59
3682.72,3694.19,3681.34,3692.95
3685.39,3690.31,3654.68,3665.77
3658.48,3663.2,3633.59,3654.01
3672.33,3675.71,3649.67,3669.12
3664.27,3677.83,3649.69,3660.11
3645.78,3673.51,3645.39,3669.95
3675.37,3691.06,3648.82,3684.44
3683.97,3686.55,3668.74,3669.27
3625.36,3626.77,3600.96,3606.12
3603.78,3621.46,3598.65,3602.78
3601.88,3623.48,3589.03,3589.09
3596.77,3625.26,3593.14,3613.59
3603.68,3630.23,3589.02,3599.79
3614.14,3639.21,3613.93,3638.71
3659.21,3660.66,3643.86,3657.79
3661.8,3684.22,3652.26,3657.57
3616.06,3629.95,3573.57,3578.52
3579.11,3607.36,3578.8,3593.35
3587.07,3635.84,3587.07,3620.3
3621.59,3621.78,3581.05,3589.87
3622.64,3637.06,3593.62,3612.61
3619.05,3651.78,3612.22,3649.04
3652.44,3665.01,3651.17,3658.78
3672.82,3677.07,3618.77,3660.01
3675.12,3708.42,3675.12,3706.18
3724.67,3729.38,3716.44,3729.02
3710.79,3726.59,3704.22,3725.01
3724.53,3731.84,3713.08,3715.97
3723.27,3724.73,3701.88,3722.18
3755.04,3756.24,3712.48,3717.85
3725.05,3747.08,3724.27,3745.7
3751.29,3790.61,3737.69,3783.64
3794.7,3798.16,3781.59,3789.38
3796.27,3798.76,3774.12,3774.73
3786.84,3787.14,3745.54,3765.29
3771.6,3789.85,3753.04,3768.25
3772.59,3782.92,3754.94,3761.1
3774.95,3795.72,3772.8,3787.43
3767.89,3788.35,3762.67,3781.59
3737.6,3780.97,3734.74,3771.48
3774.18,3817.98,3774.18,3817.98
3792.76,3819.28,3788.47,3815.02
3809.9,3816.96,3753.17,3774.34
3774.72,3812.86,3773.4,3807.75
3776.64,3800.08,3769.75,3770.38
3772.22,3772.49,3694.14,3694.83
3701.62,3702.15,3650.03,3677.78
3721.58,3764.72,3721.11,3760.75
3753.22,3794.37,3751.38,3791.87
3767.49,3816.41,3766.28,3815.28
3810.72,3824.44,3789.68,3794.01
3815,3840.48,3814.15,3839.43
3822.85,3863.49,3821.43,3863.15
3893.36,3914.93,3882.06,3914.28
3922.65,3931.45,3909.91,3920.05
3935.54,3947.67,3904.06,3929.57
3907.3,3911.64,3887.66,3907.07
3911.61,3932.6,3907.54,3928.96
3955.98,3961.1,3927.5,3943.36
3942.56,3947.58,3927.09,3940.13
3954.34,3957.12,3934.94,3952.34
3962.4,3966.71,3919.14,3930.62
3924.34,3945.04,3909.26,3919.71
3932.45,3938.48,3904.2,3922.04
3932.5,3937.46,3919.46,3936.59
3925.14,3947.27,3909.63,3939.86
3952.08,3955.95,3920.91,3931.95
3935.81,3938.28,3855.07,3857.33
3871.24,3919.23,3869.12,3919.23
3913.64,3925.34,3904.72,3919.79
3907.82,3922.28,3902.67,3919.92
3899.38,3965.57,3899.31,3965.57
3956.47,3975.89,3949.01,3972.74
3978.27,3985.97,3969.22,3985.97
3990.06,3994.97,3942.84,3949.07
3945.97,3960.44,3923.47,3931.55
3940.98,3952.08,3911.61,3921.27
3938.11,3970.91,3936.82,3969.16
3977.31,3991.66,3973,3991.65
4004.37,4007.09,3987.16,3994.57
3996.7,4026.99,3989.49,4017.75
4026.92,4045.81,4023.65,4044.75
4057.16,4069.7,4055.45,4059.89
4065.66,4068.49,4040.88,4045.26
4038.99,4050.08,4022.12,4037.2
4020.33,4051.74,4004.76,4038
4037.99,4043.71,4025.26,4033.16
4069.86,4069.86,4042.35,4062.52
4073.75,4081.78,4063.49,4068.75
4061.17,4074.01,4056.49,4060.49
4061.67,4065.08,3998.92,4003.81
4004.75,4013.54,3993.57,3998.4
4015.53,4017.45,3992.29,4000.97
4019.37,4043,4019.16,4029.52
4028.88,4034.69,4011.58,4023.68
4024.67,4070.31,3979.59,4070.06
4059.57,4063.69,4045.44,4058.14
4064.73,4111.93,4064.73,4104.74
4136.15,4149.31,4127.72,4148.9
4150.64,4155.62,4147.15,4155.42
4164.21,4169.97,4158.59,4167.18
4173.36,4175.36,4153.64,4156.59
4153.58,4158.73,4142.18,4154.2
4161.51,4177.73,4160.77,4176.59
4160.2,4160.9,4131.79,4143.02
4148.34,4152.96,4124.97,4131.91
4137.03,4139.78,4103.75,4113.68
4128.57,4158.18,4126.48,4153.18
4154.28,4171.75,4145,4165.61
4179.04,4182.74,4142.7,4156.19
4168.93,4174.68,4142.22,4174.66
4167.41,4179.47,4097.99,4113.31
4129.6,4183.84,4125.81,4183.02
4196.53,4218.8,4195.98,4214.88
4209.59,4219.28,4204.16,4218.69
4207.82,4217.24,4187.31,4197.58
4222.98,4227.93,4193.17,4225.76
4234.58,4246.56,4225.52,4243
4224.36,4224.44,4192.28,4218.88
4194.97,4197.93,4128.17,4128.17
4131.95,4136.46,4052.63,4083.61
4067.86,4099.65,4067.83,4097.96
4060.61,4091.26,4044.76,4051.43
4098.81,4135.83,4094.17,4123.12
4068.97,4124.93,4067.61,4103.88
4105.06,4113.55,3989.95,3996.96
4019.44,4044.2,4004.58,4031.52
4015.5,4026.28,3968.19,4011.55
4022.17,4063.92,4022.17,4057.12
4082.14,4126.51,4069.96,4125.86
4125.12,4148.3,4122.61,4148.18
4154.66,4198.52,4153.1,4191.05
4196.85,4212.61,4190.39,4201.29
4171.58,4240.67,4170.47,4240.67
4237,4250.91,4225.75,4244.03
4253.71,4277.33,4243.56,4272.78
4260.74,4274.28,4232.38,4237.95
4241.46,4272.34,4226.75,4267.55
4282.17,4284.85,4261.62,4263.41
4273.32,4311.12,4272.11,4292.97
4298.48,4307.51,4275.8,4287.59
4300.45,4316.82,4278.53,4292.06
4291.47,4322.46,4284.78,4318.93
4323.52,4342.59,4275.61,4308.12
4261.42,4284.15,4239.65,4277.3
4327.85,4357.21,4327.53,4351.97
4352.76,4362.5,4344.15,4357.97
4368.81,4371.71,4341,4352.12
4370.98,4371.39,4319.15,4336.22
4332.62,4339.93,4307.84,4334.45
4342.93,4354.43,4295.47,4307.19
4288.6,4323.33,4270.22,4323.33
4338.26,4339.9,4242.94,4260.42
4250.45,4272.34,4241.94,4245.4
4274.22,4301.28,4273.01,4279.95
4286.22,4334.66,4284.11,4333.31
4331.46,4334.3,4283.53,4307.6
4297.99,4329.61,4287.41,4319.28
4339.9,4344.39,4268.34,4276.79
4289.31,4289.44,4190.61,4226.39
4252.57,4274.32,4203.65,4234.27
4254.98,4263.03,4173.58,4173.58
4169.4,4186.02,4131.84,4151.23
4163.18,4203.47,4144.71,4155.76
4185.62,4212.97,4180.54,4199
4219.87,4268.2,4218.77,4268.04
4281.61,4286.09,4258.85,4276.46
4282.18,4284.69,4216.57,4237.74
4263.94,4267.06,4118.71,4127.73
4110.92,4133.68,4052.14,4079.75
4085.18,4120.24,4066.2,4112.86
4129.63,4184.22,4121.17,4183.31
4181.21,4182.59,4042.79,4062.29
4015.07,4067.22,3991.64,3999.73
4038.06,4050.79,3986.5,4022.69
4032.63,4054.8,3946.03,4034.16
4066.82,4086.28,4038.81,4086.22
4080.3,4110.46,4064.7,4095.52
4105.36,4121.55,4081.91,4121.55
4132.06,4170.72,4131.61,4161.46
4160.9,4161.44,4125.41,4126.97
4174.61,4177.16,4107.52,4148.34
4125.16,4126.98,4068.1,4075.56
4091.81,4111.59,4014.17,4074.4
4089.51,4111.45,4070.24,4103.54
4085.19,4116.14,4070.62,4114.56
4121.25,4149.56,4105.61,4127.45
4138.63,4145.06,4115.89,4123.9
4099.25,4138.34,4086.35,4138.06
4128.22,4132.46,4080.76,4080.76
4085.49,4091.03,4021.05,4067.67
4053.28,4109.2,4039.91,4051.5
4043.44,4071.87,4025.24,4071.87
4092.84,4146.53,4092.09,4143.86
4144.9,4155.13,4128.01,4130.16
4122.08,4132.32,4093.83,4100.63
4096.44,4098.25,4035.96,4069.29
4070.35,4091.14,4044.29,4090.59
4080.33,4128.47,4075.7,4125.82
4121.11,4124.86,4080.61,4096.89
4105.96,4133.61,4103.61,4131.54
4136.09,4164.85,4131.47,4154.34
4159.78,4186.58,4148.3,4185.81
4206.44,4237.07,4204.72,4237.07
4234.96,4238.18,4216.89,4225.07
4238.04,4247.94,4228.96,4247.94
4251.49,4252.08,4221.95,4242.62
4247.96,4247.96,4207.61,4237.2
4222.04,4240.35,4215.8,4234.08
4222.21,4256.19,4216.23,4251.65
4259.12,4299.5,4241.68,4296.23
4312.76,4322.51,4305.74,4321.4
4324.35,4346.74,4320.28,4336.24
4329.2,4338.87,4319.93,4338
4322.92,4338.21,4315.49,4331.93
4323.11,4328.35,4284.53,4297.63
4315.31,4317.67,4288.41,4310.65
4303.93,4326.89,4296.26,4321.1
4316.01,4346.12,4311.15,4337.23
4341.18,4365.1,4320.54,4362.84
4370.14,4372.18,4339.61,4359.33
4365.37,4368.8,4354.03,4368.03
4368.95,4371.81,4358.68,4368.68
4367.9,4399.87,4342.9,4350.35
4341.94,4383.55,4339.48,4379.76
4379.44,4379.81,4347.45,4379.05
4371.8,4398.85,4371.6,4397.93
4398.37,4417.47,4396.63,4408.18
4424.71,4471.59,4424.43,4458.65
4457.84,4466.91,4450.88,4457.73
4472.99,4485.93,4463.85,4485.93
4477.74,4478.02,4447.6,4451.53
4442.87,4443.56,4372.04,4391.47
4403.03,4421.93,4388.01,4419.03
4352.03,4415.85,4351.04,4396.2
4401.05,4417.16,4389.29,4415.49
4441.39,4451.6,4432.95,4440.42
4444.91,4451.93,4389.7,4416.39
4446.17,4448.87,4419.71,4425.97
4411.52,4425.38,4352.23,4363.44
4379.94,4434.44,4378.22,4432.15
4421.2,4432.41,4404.51,4424.7
4444.94,4464.13,4443.35,4456.02
4468.16,4480.73,4457.94,4473.69
4481.61,4485.5,4465.94,4472.11
4448.06,4457.95,4430.43,4449.56
4451.12,4455.39,4413.91,4444.91
4456.07,4470.97,4441.03,4442.7
4468.44,4476.06,4444.51,4462.9
4421.29,4430.8,4367.15,4369.77
4363.39,4385.05,4324.02,4352.64
4365.62,4395.38,4343.03,4383.89
4364.59,4383.02,4333.58,4352.84
4326.28,4378.99,4325.04,4355.05
4373.24,4379.7,4321.89,4334.97
4340.88,4373.12,4327.87,4370.9
4387.38,4415.78,4384.15,4401.33
4394.69,4407.08,4371.84,4389.25
4407.86,4434.31,4403.64,4434.12
4438.13,4453,4433.94,4453
4479.64,4482.47,4427.13,4464.93
4490.53,4509.16,4486.48,4508.31
4514.25,4528.91,4513.92,4527.52
4517.59,4533.01,4515.73,4526.48
4526.58,4534,4513.88,4532.1
4534.87,4547.23,4521.82,4538.55
4563.72,4571.14,4547.78,4557.35
4563.81,4575.59,4556.78,4570.64
4574.35,4575.81,4561.84,4569.62
4552.55,4565.96,4546.62,4557.69
4571.76,4580.27,4553.78,4580.27
4592.42,4598.64,4576.81,4598.19
4610.14,4610.14,4565.38,4572.57
4581.52,4603.15,4553.31,4562.29
4560.63,4583,4542.74,4582.9
4579.06,4600.4,4570.23,4592.28
4588.83,4599.03,4544.44,4552.28
4554.16,4587.09,4544.84,4586.52
4567.64,4591.81,4559.75,4591.81
4588.77,4590.08,4555.68,4567.6
4567.45,4567.47,4506.73,4518.9
4502.11,4558.23,4499.87,4552.76
4553.96,4582.4,4539.36,4562.19
4575.74,4593.98,4572.62,4593.43
4606.13,4610.57,4563.44,4579.79
4568.45,4568.87,4513.12,4527.69
4511.32,4536.03,4508.42,4508.69
4514.92,4557.27,4500.13,4555.22
4540.82,4546.93,4466.64,4466.75
4476.48,4515.75,4475.48,4512.19
4465.84,4515.24,4464.44,4505.85
4512.64,4522.06,4483.92,4493.39
4486.65,4486.65,4409.31,4422.09
4421.25,4441.95,4367.74,4430.19
4456.81,4488.07,4445.72,4475.62
4492.4,4496.26,4444.1,4454.8
4433.94,4441.76,4385.2,4385.2
4385.92,4473.73,4355.34,4468.59
4458.29,4464.13,4377.28,4378.34
4354.63,4380.51,4276.24,4276.24
4274.9,4303.82,4212.87,4213.66
4246.23,4281.34,4212.82,4227.17
4154.1,4231.54,4116.6,4215.32
4133.25,4246.02,4131.65,4217.39
4275.09,4296.11,4241.67,4258.44
4254.16,4316.87,4248.22,4316.07
4359.17,4419.48,4356.1,4419.48
4429.16,4435.86,4381.28,4382.85
4427.44,4475.55,4421.56,4452.79
4459.46,4486.12,4445.85,4483.72
4469.02,4489.6,4450.29,4485.93
4505.73,4564.29,4505.11,4564.29
4551.37,4564.44,4517.02,4549.23
4532.1,4575.5,4521.79,4566.14
4639.45,4641.51,4616.58,4630.74
4633.71,4654.19,4627.43,4638.91
4623.77,4635.95,4594.91,4623.64
4649.47,4650.39,4607.73,4620.72
4616.78,4639.17,4604.76,4638.47
4636.89,4638.8,4606.81,4632.53
4635.1,4653.38,4626.49,4651.62
4649.19,4661.23,4640.24,4660.56
4644.63,4678.58,4643.78,4675.14
4681.56,4703.1,4664.27,4680.14
4679.85,4688.74,4664.31,4688.54
4678.43,4689.53,4655.2,4671
4674.91,4709.83,4674.3,4702.44
4694.78,4696.2,4655.72,4675.71
4655.25,4702.97,4653.33,4701.87
4751.01,4751.53,4700.73,4712.97
4725.17,4755.02,4723.62,4754.89
4762.39,4774.52,4749.92,4758.25
4760.23,4788,4757.48,4787.32
4797.1,4810.86,4786.72,4791.63
4777.73,4782.07,4724.62,4727.35
4732.97,4761.63,4729.76,4755.81
4761.31,4781.38,4745.14,4774.47
4772,4785.41,4753.71,4769.44
4776.57,4788.98,4769.64,4780.75
4769.76,4793.24,4722.91,4740.69
4685.2,4768.41,4674.38,4766.47
4754.42,4766.64,4679.25,4684.03
4704.65,4759.89,4699.43,4708.16
4665.35,4707.92,4653.6,4653.6
4679.67,4690.58,4592.43,4605.16
4572.79,4645.19,4547.31,4547.84
4556.9,4651.9,4550.7,4644.31
4712.39,4748.4,4697.09,4748.4
4752.6,4782.13,4738.29,4765.38
4759.04,4781.93,4757.81,4781.43
4798.03,4798.06,4761.39,4765.43
4770.12,4787.57,4768.67,4773.47
4788.06,4814.95,4787.85,4806.86
4801.24,4813.72,4799.07,4806.91
4793.75,4803.88,4772.89,4777.44
4790.45,4806.43,4734.11,4736.06
4760.25,4777.01,4698.12,4726.81
4700.34,4702.77,4641.46,4652.57
4666.85,4667.33,4567.6,4592.74
4626.84,4652.72,4613.9,4650.47
4689.54,4741.38,4688.02,4736.19
4744.47,4744.71,4681.24,4704.07
4714.07,4715.81,4650.65,4664.71
4708.74,4751.34,4624.28,4661.5
4610.76,4655.37,4595.98,4639.32
4657.46,4663.96,4567.39,4570.82
4566.38,4635.82,4563.11,4634.38
4655.84,4665.65,4601.1,4654.85
4641.95,4692.47,4629.59,4667.42
4690.93,4752.59,4644.57,4750.4
4748.19,4771.18,4737.95,4757.88
4752.36,4774.18,4734.2,4771.76
4698.23,4721.88,4659.84,4681.5
4740.69,4742.06,4637.48,4638
4635.73,4688.41,4601.76,4683.41
4671.2,4703.81,4631.1,4635.24
4650.6,4676.69,4580.46,4676.69
4693.25,4727.74,4670.82,4727.74
4699.81,4744.33,4697.79,4716.7
4729.65,4767.38,4722.8,4765.1
4768.85,4787.18,4731.22,4744.4
4723.73,4749.45,4719.61,4726.01
4754.62,4793.26,4737.16,4787.65
4788.5,4810.36,4780.13,4801.18
4828.08,4857.61,4823.57,4857.61
4869.46,4893.84,4860.16,4893.84
4889.98,4901.89,4880.64,4899.27
4890.84,4907.5,4885.6,4906.36
4901.51,4929.53,4900.63,4924.7
4919.87,4957.02,4905.61,4955.97
4952.9,4960.97,4939.57,4960.97
4956.21,4971.18,4945.14,4968.12
4960.36,4984.24,4956,4967.14
4969.27,4989.11,4955.51,4987.89
4985.03,4989.25,4960.88,4963.53
4973.43,5008.57,4972.01,5008.1
4990.7,4996.66,4956.07,4979.9
4961.24,4973.32,4938.9,4967.14
4979.95,4993.52,4963.1,4982.81
4967.24,4982.93,4918.62,4927.37
4936.08,4950.47,4920.82,4942.44
4899.51,4903.44,4859.8,4859.8
4866.94,4876.09,4846.78,4849.94
4853.98,4895.8,4853.2,4893.29
4885.54,4904.47,4842.8,4871.76
4897.27,4929.94,4889.09,4929.51
4912.65,4944.91,4907.02,4937.43
4926.83,5001.57,4907.72,4982.83
4982.02,5000.02,4979.94,4992.38
5033.47,5042.14,5020.07,5026.42
5020.6,5031.39,5010.97,5010.97
5010.09,5032.48,4994.56,4994.73
5002.83,5006.76,4876.52,4876.52
4835.72,4889.22,4825.93,4863.36
4863.74,4899.26,4859.66,4891.22
4921.98,4948.46,4921.12,4947.44
4925.91,4940.88,4899.31,4900.89
4894.35,4899.33,4844.47,4880.23
4885.41,4901.3,4872.96,4886.94
4855.94,4929.62,4852.91,4917.32
4917.5,4948.88,4909.77,4910.23
4914.15,4956.72,4914.15,4950.82
4950.84,4975.93,4928.11,4974.57
4977.03,4996.09,4970.02,4995.98
5001.56,5024.25,4985.97,4988.25
4988.82,4996.82,4952.01,4977.28
4992.62,5021.19,4989.24,5011.02
4999.36,5016,4996,5007.79
4966.11,4974.09,4912.32,4931.82
4958.07,5000.2,4952.68,4994.6
5023.96,5028.22,5009.51,5014.1
5026.57,5040.66,4992.62,5035.17
5020.22,5073.09,5019.3,5056.06
5096.34,5100.37,5081.22,5092.09
5104.36,5119.83,5053.54,5060.25
5063.26,5075.3,5006.28,5055.42
5028.45,5053.84,4999.83,5023.65
4996.99,5015.96,4921.56,4941.43
4966.32,5005.39,4962.74,5005.39
5018.35,5043.62,5013.02,5016.93
5000.19,5008.27,4934.34,4939.33
4956.7,4965.1,4888.17,4919.65
4917.75,4957.12,4914.53,4945.54
4991.63,5014.33,4989.26,5003.55
5003.12,5017.38,4992.02,4993.57
4966.44,4995.5,4931.61,4976.19
4991.42,5012.92,4977.49,4981.69
5016.93,5051.72,4999.66,5050.8
5059.16,5062.66,5034.86,5048.29
5040.92,5084.5,5037.54,5078.44
5080.44,5087.35,5062.8,5070.03
5072.44,5097.52,5050.22,5071.74
5065.94,5098.23,5062.52,5090.79
5085.39,5103.84,5085.19,5089.36
5076.91,5081.17,5016.74,5032.75
5047.86,5111.54,5039.37,5106.59
5096.34,5106.65,5080.25,5097.98
5093.1,5099.4,5057.59,5070.02
5094.94,5099.01,5045.67,5082.93
5063.47,5100.02,5047.35,5076.52
5098.48,5114.6,5084.99,5099.23
5078.22,5101.11,5046.29,5059.12
5057.04,5074.98,5025.52,5068.46
5066.65,5069,5014.06,5021.63
5013.13,5027.02,4974.61,5013.86
5029.41,5086.66,5024.17,5076.69
5088.26,5101.39,5075.05,5082.51
5060.24,5067.96,5043.24,5051.1
5011.79,5035.37,4985.94,5029.97
5023.58,5063.06,5022.56,5055.55
5067.68,5080.11,5042.25,5064.88
5082.06,5143.32,5082.03,5132.95
5139.77,5140.17,5113.94,5117
5147.87,5162.13,5142.78,5153.97
5161.68,5163.41,5139.33,5160.1
5151.38,5164.32,5121.64,5122.41
5139.48,5141.71,5102.16,5112.19
5113.26,5121.47,5060.82,5080.51
5021.21,5051.01,4956.23,4958.47
5000.15,5008.76,4968.26,4986.87
5029.05,5038.55,4994.47,5013.12
5024.3,5027.47,4990.74,5009.21
4963.8,5020.71,4960.93,4991.94
4993.76,5001.99,4902.21,4997.46
4953.98,4965.45,4901.51,4909.76
4976.15,4982.19,4920.4,4922.4
4981.24,5008.05,4966.51,4997.7
5037.27,5074.81,5036.68,5071.51
5077.12,5116.52,5075.12,5104.89
5111.11,5125.32,5088.12,5098.94
5138.18,5163.18,5128.56,5163.18
5196.11,5210.16,5183.23,5210.14
5223.18,5231.94,5201.49,5218.86
5219.2,5229,5196.3,5208.12
5146.03,5184.74,5145.78,5171.77
5180.33,5197,5137.64,5146.41
5166.91,5167.54,5084.51,5088.63
5055.92,5072.88,5032.69,5039.78
5063.44,5097.69,5025.61,5089.21
5097.86,5117.84,5080.04,5111.73
5100.3,5135.65,5070.62,5128.78
5148.18,5155.02,5122.37,5128.28
5134.31,5143.08,5082.32,5115.38
5110.96,5125.9,5092.46,5105.55
5132.77,5175.26,5131.86,5139.94
5146.62,5149.93,5035.41,5056.44
5043.97,5055.56,5006.15,5043.54
5081.72,5112.47,5081.11,5101.8
5069.16,5089.33,5013.44,5036.79
4994.52,5055.75,4945.79,5044.39
5050.94,5071.46,5029.61,5033.56
5025.92,5051.89,5012.61,5048.23
5032.34,5092.69,5022.42,5091.7
5082.18,5085.14,5054.97,5059.35
5039.03,5060.93,4992.85,5019.05
4973.49,4986.51,4877.49,4877.49
4801.04,4856.75,4706.04,4706.04
4351.61,4694.9,4292.14,4526.25
4687.27,4689.54,4506.1,4506.49
4633.51,4703.97,4530.03,4697.54
4761.05,4818.71,4721.79,4812.71
4792.11,4836.78,4788.38,4828.32
4798.68,4824.61,4763.42,4776.51
4673.61,4722.13,4614.91,4636.1
4704.42,4749.98,4659.41,4749.98
4763.1,4800.19,4721.91,4733.5
4670.35,4712.67,4657.82,4683.92
4769.72,4815.04,4754.89,4811.93
4856.27,4862.88,4746.73,4756.53
4749.96,4826.33,4746.52,4796.25
4770.73,4822.34,4763.15,4822.34
4831.98,4832,4791.08,4805.76
4819.32,4872.35,4802.09,4860.52
4860.44,4893.44,4848.15,4889.24
4884.11,4960.87,4880.5,4893.95
4828.71,4878.71,4819.09,4827.23
4851.98,4881.46,4795.91,4828.95
4762.29,4776.28,4716.91,4756.72
4764.69,4780.64,4735.13,4752.74
4717.89,4746.21,4670.12,4734.48
4782.41,4785.22,4659.48,4686.5
4665.06,4665.21,4529.41,4543.97
4551.04,4596.06,4487.06,4517.32
4574.38,4620.16,4559.18,4620.16
4624.46,4628.23,4559.21,4627.08
4566.13,4707.77,4552.34,4707.77
4742.13,4785.91,4740.24,4781.26
4767.63,4783.37,4711.79,4748.36
4775.05,4791.15,4728.71,4791.15
4775.06,4819.07,4737.93,4810.79
4817.28,4841.38,4804.59,4830.47
4839.79,4846.74,4818.16,4838.64
4809.24,4858.28,4793.92,4796.61
4801.35,4820.09,4771.62,4782.85
4799.43,4870.1,4795.29,4870.1
4872.36,4886.95,4851.28,4886.69
4873.54,4915.49,4865.83,4905.47
4900.02,4909.37,4866.6,4880.97
4903.98,4904.85,4836.46,4840.12
4875.96,4926.99,4861.8,4920.05
5024.38,5048.55,4999.54,5031.86
5030.8,5045.16,5012.74,5034.7
5018.99,5040.08,5009.07,5030.15
5040.38,5095.69,5019.6,5095.69
5071.04,5084.63,5066.89,5074.27
5079.76,5085.22,5053.75,5053.75
5065.64,5130.51,5061.47,5127.15
5114.31,5163.47,5109.68,5145.13
5155.62,5162.57,5122.78,5142.48
5144.15,5154.86,5098.49,5127.74
5124.04,5147.12,5092.87,5147.12
5128.94,5133.44,5066.1,5095.3
5068.55,5086.89,5051.22,5083.24
5098.12,5111.19,5066.68,5067.02
5043.1,5062.49,5004.46,5005.08
4980.86,4989.06,4925.35,4927.88
4916.14,4984.91,4908.66,4984.62
4991.71,5023.45,4975.74,4986.02
5004.6,5078.8,5001.67,5075.2
5078.68,5092.46,5067.27,5073.64
5096.96,5112.46,5094.31,5104.92
5106.72,5128.08,5084.85,5102.48
5070.66,5110.75,5050.14,5102.81
5106.87,5124.09,5101.18,5116.14
5121.93,5134.35,5108.51,5127.52
5139.58,5141.36,5098.7,5108.67
5129.64,5156.31,5120.17,5156.31
5158.82,5176.77,5117.15,5123.22
5143.15,5144.6,5011.72,5037.53
5050.93,5147,5043.49,5142.27
5139.46,5139.78,5082.23,5101.81
5050.52,5111.73,5045.73,5098.24
5077.21,5106.36,5000.12,5022.86
5026.3,5075.65,5019.31,5045.17
4979.77,4996.19,4928.67,4933.47
4932.61,4953.6,4871.59,4952.23
4991.21,5026.54,4986.99,4995.36
5033.48,5078.99,4992.63,5071.13
5087.17,5088.57,5002.55,5002.55
4982.58,4996.49,4921.33,4923.08
4957.53,4968.92,4928.93,4968.92
4988.68,5007.77,4964.08,5001.11
5025.55,5046.09,5020.44,5045.93
5046.19,5063.28,5043.65,5048.49
5032.29,5041.27,4999.07,5040.98
5066.52,5116.99,5065.89,5107.94
5101.18,5102.35,5065.69,5065.85
5047.04,5058.06,5007.01,5007.41
4897.65,4903.09,4846.98,4903.09
4917.84,4926.73,4872.74,4891.43
4813.76,4866.04,4804.69,4835.77
4736.4,4788.02,4688.17,4689.43
4722.02,4742.57,4637.85,4643.63
4673.44,4683.02,4573.77,4637.99
4681.54,4714.8,4618.03,4685.92
4706.02,4713.98,4517.56,4526.06
4545.37,4650.55,4470.59,4615
4464.37,4520.45,4419.41,4488.42
4548.05,4550.57,4430.77,4476.95
4405.22,4514.92,4313.39,4471.69
4480.7,4537.15,4432.02,4472.06
4557.39,4591.18,4540.27,4591.18
4574.6,4590.44,4514.78,4518.49
4537.04,4583.21,4503.52,4567.67
4548.87,4568.85,4450.83,4468.17
4533.81,4533.81,4447.5,4506.68
4512.09,4613.95,4511.3,4613.95
4587.59,4636.93,4565.38,4620.37
4588.69,4589.9,4503.12,4516.95
4543.82,4547.32,4424.47,4504.24
4492.48,4545.52,4463.99,4509.56
4491.48,4493.19,4350.38,4363.14
4288.02,4301.53,4212.81,4283.75
4224.87,4329.61,4222.48,4268.76
4318.28,4369.62,4280.73,4283.59
4218.81,4293.22,4209.76,4266.84
4307.29,4340.13,4274.15,4337.51
4397.95,4435.95,4376.52,4435.95
4471.66,4540.78,4463.51,4534.06
4548.1,4548.47,4482.77,4487.54
4464.67,4513.15,4455.1,4504.43
4548.31,4576.47,4546.55,4570.61
4550.05,4558.06,4500.94,4503.58
4453.93,4547.64,4425.72,4542.61
4554.73,4582.2,4516.89,4582.2
4615.14,4618.85,4580.78,4590.47
4585.3,4619.9,4557.46,4557.95
4596.01,4689.6,4581.75,4689.6
4683.8,4703.57,4665.93,4703.42
4698.38,4707.72,4674.46,4707.42
4715.77,4746.65,4687.94,4717.02
4690.88,4731.19,4674.82,4708.25
4676.22,4695.03,4642.86,4648.82
4666.42,4676.47,4642.42,4674.38
4691.2,4716.14,4607.99,4662.16
4712.38,4748.79,4700.91,4748.47
4733.39,4762.27,4731.51,4750.28
4731.14,4735.27,4712.07,4728.67
4717.88,4774.78,4716.45,4763.97
4752.62,4788.09,4737.97,4774.98
4784.63,4804.58,4772.41,4795.65
4787.31,4814.85,4785.38,4808.87
4783.6,4835.6,4781.71,4821.66
4813.87,4816.67,4765.37,4768.86
4743.36,4773.51,4734.77,4773.51
4785.25,4787.39,4760.01,4766.79
4756.55,4849.31,4749.78,4846.62
4875.46,4899.14,4859.35,4869.29
4869.57,4891.3,4864.41,4869.85
4842.55,4917.09,4832.06,4914.54
4911.22,4917.75,4885.17,4891.8
4855.9,4872.7,4838.62,4843.93
4849.57,4921.51,4849.28,4920.72
4893.57,4901.49,4831.49,4848.37
4883.99,4892.6,4835.36,4850.69
4873.39,4897.55,4833.4,4833.4
4838.81,4879.6,4808.91,4872.09
4904.79,4951.91,4903.6,4947.42
4947.62,4961.3,4931.81,4945.89
4938.83,4950.43,4925.46,4938.22
4919.36,4960.79,4915.63,4960.02
4968.3,4968.67,4915.52,4940.33
4941.99,4969.32,4928.29,4948.13
4949.12,4966.61,4932.64,4945.89
4898.24,4921.66,4872.02,4906.23
4891.48,4904.87,4878.37,4895.79
4903.81,4915,4875.42,4888.31
4855.38,4872.91,4826.38,4863.14
4857.6,4889.16,4796.32,4805.29
4805.79,4807.89,4740.84,4775.36
4786.55,4821.57,4768.28,4817.59
4780.88,4791.43,4749.71,4763.22
4735.28,4751.64,4713.91,4725.64
4742.42,4744.55,4709.75,4717.09
4695.9,4736.15,4684.28,4736.15
4736.35,4771.94,4735.06,4750.21
4768.91,4811.3,4758.2,4809.88
4799.3,4812.19,4760.36,4760.69
4778.19,4779.46,4710.16,4737.33
4731.07,4759.29,4708.26,4717.68
4728.86,4791.25,4724.73,4775.46
4768.85,4776.15,4703.39,4715.73
4705.78,4762.28,4704.49,4739.12
4717.36,4735.27,4678.38,4712.53
4729.44,4781.7,4729,4769.56
4771.57,4792.64,4763.91,4765.78
4792.85,4865.99,4792.63,4861.06
4877.18,4905.45,4872.42,4894.89
4897.78,4909.38,4887.27,4901.77
4904.05,4933.51,4902.5,4933.51
4938.48,4951.45,4923.03,4948.06
4928.97,4958.98,4923.2,4952.25
4941.25,4971.36,4924.23,4971.36
4958.1,4958.65,4909.21,4942.52
4950.46,4980.14,4944.87,4968.71
4972.14,4979.38,4960.28,4961.75
4970.01,4979.66,4956.79,4974.64
4954.15,4965.49,4940.55,4958.62
4915.15,4917.92,4880.61,4894.55
4868.51,4894.85,4844.94,4848.44
4836.67,4863.01,4811.93,4843.55
4855.08,4868.16,4830.33,4834.93
4809.69,4847.86,4778.78,4844.91
4835.02,4835.02,4792.34,4800.34
4856.69,4882.15,4834.51,4837.21
4845.09,4852.19,4826.59,4843.76
4846.68,4875.93,4830,4833.32
4872.19,4910.04,4859.4,4910.04
4715.8,4798.22,4698.42,4707.98
4664.43,4665.04,4574.25,4594.44
4643.93,4692.98,4643.93,4691.87
4732.93,4787.59,4732.34,4779.24
4793.75,4843.11,4774.52,4842.67
4837.18,4880.17,4837.17,4862.57
4837.06,4839.13,4797.29,4822.9
4799.32,4861.05,4786.01,4859.16
4867.47,4889.01,4853.68,4876.81
4906.66,4959,4901.27,4956.76
4976.54,5002.5,4976.54,4988.64
5017.99,5032.1,5009.68,5022.82
5036.32,5036.39,5002.82,5005.73
5041.95,5045.18,5025.15,5034.06
5041.19,5044.81,5018.52,5029.59
5034.99,5063.53,5030.13,5055.78
5038.22,5052.24,5028.24,5036.37
5061.6,5098.25,5053.92,5089.93
5093.97,5102.78,5061.11,5073.9
5078.12,5103.52,5064.11,5100.16
5096.99,5100.72,5082.66,5097.63
5095.61,5122.3,5084.18,5110.05
5143.84,5151.06,5120.66,5139.81
5144.82,5160.16,5130.75,5154.98
5162.15,5175.81,5140.05,5162.13
5167.42,5199.13,5158.93,5184.2
5177.53,5181.02,5109.8,5137.73
5133.24,5159.74,5128.44,5159.74
5158.02,5174,5145.39,5166.25
5190.71,5227.23,5186.24,5221.12
5223.54,5228.4,5202.18,5213.14
5216.21,5238.54,5214.95,5225.48
5227.95,5227.96,5193.8,5204.59
5222.15,5235.29,5211.25,5228.4
5219.66,5233.34,5215.55,5232.9
5242.18,5271.36,5241.14,5262.02
5247.96,5248.26,5226.78,5227.11
5228.44,5230.09,5197.23,5228.66
5226.45,5243.17,5221.84,5240.15
5229.87,5245.81,5217.65,5238.38
5231.46,5252.13,5224.63,5244.6
5265.78,5275.74,5257.9,5260.08
5254.42,5262.99,5205.64,5217.69
5207.61,5230.59,5201.64,5212.2
5219.05,5253.39,5191.86,5218.92
5223.8,5245.12,5222.34,5232.33
5229.88,5241.62,5205.61,5222.99
5216.42,5219.89,5191.18,5213.22
5218.28,5229.94,5189.36,5227.21
5249.66,5263.39,5231.02,5249.9
5259.99,5275.91,5244,5275.91
5274.23,5287.61,5261.92,5283.93
5269.96,5271.01,5248.41,5259.48
5217.95,5225.94,5125.91,5125.91
5098.03,5217.88,5097.8,5211.89
5181.14,5195.02,5131.27,5155.26
5160.21,5201.34,5159.55,5173.77
5178.1,5254.78,5176.25,5249.69
5238.71,5248.6,5218.97,5244.57
5263.55,5281.07,5222.91,5235.03
5256.19,5265.18,5235.42,5241.35
5263.65,5299.4,5233.94,5295.18
5323.26,5342.88,5320.93,5339.52
5327.43,5329.71,5301.63,5305.75
5275.73,5282.27,5254.96,5257.49
5254.18,5306.81,5251.32,5305.71
5312.73,5319.65,5284.84,5318.55
5311.31,5317,5254.52,5269.15
5288.87,5325.88,5277.88,5312
5300.29,5308.6,5281.95,5302.14
5313.49,5323.6,5271.7,5289.66
5305.28,5330.81,5304.06,5316.02
5306.59,5315.73,5281.47,5306.85
5314.92,5315.65,5266.8,5292.4
5318.46,5340.52,5317.73,5328.67
5321.82,5321.82,5227.43,5246.79
5247.91,5257.18,5228.77,5239.02
5200.3,5228.26,5169.76,5213.33
5241.26,5258.88,5213.37,5214.16
5213.69,5219.98,5196.03,5199.82
5255.32,5264.27,5239.44,5243.84
5240.33,5253.83,5234.25,5246.41
5238.2,5252.1,5216.05,5241.83
5238.65,5259.12,5225.76,5257.4
5290.31,5311.5,5289.23,5309.83
5306.47,5310.27,5278.57,5283.4
5256.4,5280.85,5237.05,5250.27
5272.19,5274.12,5211.75,5215.97
5203.7,5232.35,5178.76,5190.1
5205.09,5206.7,5186.56,5189.14
5199.77,5201.13,5112.32,5153.58
5147.27,5156.7,5097.56,5105.57
5104.7,5115.06,5053.52,5058.41
5034.41,5087.51,5034.41,5046.37
5128.99,5169.41,5122.77,5166.17
5154.99,5214.17,5145.3,5193.49
5143.86,5258.99,5143.86,5251.07
5283.48,5302.68,5145.32,5208.8
5191.82,5241.08,5179.64,5237.11
5246.33,5247.17,5192.05,5218.4
5241.35,5287.06,5236.25,5275.62
5253.73,5299.63,5251.88,5294.58
5295.07,5334.05,5288.16,5333.97
5340.97,5346.8,5315.53,5321.51
5336.78,5369.83,5334.16,5368.86
5384.75,5392.26,5365.6,5386.35
5366.55,5380.68,5350.68,5380.68
5388.49,5398.92,5379.28,5398.92
5387.92,5396.27,5364.91,5368.81
5370.98,5403.86,5360.56,5379.92
5391.35,5393.15,5323.68,5323.68
5323.88,5326.34,5238.21,5251.11
5249.02,5274.54,5239.27,5255.65
5283.58,5321.09,5269.57,5308.89
5317.74,5333.99,5299.94,5333
5322.67,5397.93,5307.31,5393.76
5394.15,5425.52,5389.1,5417.36
5436.11,5450.16,5427.12,5444.5
5428.22,5434.9,5394.42,5412.54
5433.57,5486.75,5430.72,5463.83
5465.69,5476.25,5425.73,5436.67
5443.51,5485.12,5439.39,5456.85
5467.82,5474.58,5426.01,5437.16
5441.2,5483.42,5436.54,5457.44
5473.53,5489.47,5471.71,5483.94
5482.63,5486.26,5465.31,5471.43
5472.01,5472.01,5432.77,5447.42
5441.76,5462.69,5441.76,5462.69
5470.76,5512.37,5469.61,5487.44
5497.44,5498.91,5434.7,5438.56
5437.51,5450.63,5415.18,5432.09
5440.17,5441.9,5371.89,5383.12
5425.62,5452.56,5397.99,5429.08
5440.91,5482.35,5440.24,5477.01
5474.39,5495.85,5464.36,5487.94
5499.08,5536.52,5482.81,5521.06
5527.57,5541.08,5517.14,5531.82
5536.54,5564.25,5528.11,5551.82
5550.72,5564.08,5524.03,5563.65
5542.56,5550.67,5496.82,5547.49
5557.57,5584.26,5557.2,5574.12
5555.16,5557.05,5527.22,5538.73
5546.94,5555.98,5534.77,5555.65
5560.61,5571.53,5528.37,5540.08
5556.87,5574.35,5542.23,5555.33
5546.64,5564.14,5522.69,5552.94
5568.27,5606.53,5558.49,5600.96
5635.86,5658.59,5634.33,5656.34
5666.28,5669.61,5647.65,5655.18
5664.88,5667.45,5643.9,5660.78
5635.86,5636.09,5578.76,5613.71
5592.87,5615.15,5576.09,5614.79
5654.51,5662.11,5621.03,5642.65
5627.15,5656.01,5616.4,5636.2
5650.73,5666.84,5647.58,5666.77
5656.95,5668.2,5650.26,5663.55
5674.86,5689.6,5664.82,5674.22
5662.95,5686.96,5649.39,5682.45
5688.02,5722.71,5685.15,5715.18
5726.18,5743.43,5717.42,5734.13
5753.19,5770.99,5751.92,5763.96
5756.51,5783.09,5748.74,5782.57
5777.9,5821.95,5776.7,5819.44
5823.01,5835.15,5796.71,5814.9
5807.31,5838.58,5800.8,5838.58
5850.2,5867.89,5847.5,5865.95
5857.56,5864.41,5848.28,5860.63
5866.82,5866.96,5809.55,5835.51
5802.33,5845.31,5800.55,5845.31
5835.04,5861.9,5827,5861.9
5852.79,5855.06,5817.22,5825.44
5874.86,5911.79,5865.79,5904.03
5897.01,5897.01,5856.3,5861.22
5854.27,5870.75,5841.47,5870.75
5846.42,5857.74,5827.46,5849.18
5836.12,5859.77,5826.32,5833.93
5838.44,5860.63,5832.63,5837.55
5834.67,5852.54,5812.08,5838.81
5867.16,5872.6,5835.44,5861.73
5863.48,5877.43,5860.83,5875.78
5860.07,5860.5,5831.88,5856.82
5869.97,5911.2,5858.16,5900.05
5907.86,5911.48,5887.24,5900.76
5898.58,5912.61,5890.42,5901
5898.81,5915.12,5888.12,5901.53
5923.43,5928.06,5790.73,5793.82
5790.59,5825.67,5781.81,5821.64
5812.31,5842.82,5806.98,5817.69
5839.33,5858.95,5807.83,5828.74
5776.33,5849.2,5769.39,5840.37
5836.5,5888.7,5828.86,5875.14
5875.35,5900.87,5870.93,5897.55
5896.15,5916.77,5894,5914.34
5905.63,5927.81,5901.77,5911.74
5917.31,5928.93,5867.73,5894.68
5878.76,5901.39,5878.76,5898.61
5911.92,5936.39,5856.26,5864.48
5870.52,5889.58,5856.22,5878.95
5873.94,5892.07,5855.51,5877.81
5883.43,5907.85,5865.56,5880.93
5871.16,5878.94,5819.29,5866.77
5863.59,5868.09,5830.44,5836.16
5828.37,5856.54,5805.15,5805.15
5821.55,5856.79,5818.2,5856.79
5838.59,5860.04,5828.57,5849.47
5874.43,5894.68,5856.34,5863.03
5887.87,5926.23,5880.19,5916.78
5919.02,5919.23,5899.43,5910.52
5979.96,5989.92,5970.25,5983.82
6004.16,6036.02,6002.65,6025.49
6028.12,6040.89,6021.72,6025.23
6038.47,6050.71,6031.59,6048.94
6072.87,6074.04,6040.71,6047.61
6067.56,6100.73,6061.35,6091.6
6102.51,6102.72,6081.56,6095.37
6075.04,6076.96,6053.28,6072.55
6075.06,6080.82,6054.32,6075.34
6091.69,6100.76,6067.15,6100.76
6100.66,6106.12,6083.06,6102.66
6111.82,6133,6107.59,6120.59
6121.64,6131.64,6103.87,6129.14
6110.05,6120.2,6075.68,6115.96
6119.27,6122.84,6105.42,6121.23
6128.11,6153.04,6124.79,6149.67
6160.52,6170.16,6139.1,6169.87
6108.62,6122.87,6009.48,6011.24
5998.46,6073.45,5996.81,6055.13
6070.23,6106.55,6070.23,6083.7
6098.25,6135.92,6097.24,6133.62
6149.55,6150.91,6121.79,6138.71
6154.18,6166.09,6139.33,6163.02
6183.02,6217.34,6174.52,6205.26
6207.04,6211.52,6196.66,6210.19
6204.18,6217.13,6200.41,6203.19
6221.62,6221.99,6164.07,6198.52
6215.91,6247.07,6200.45,6246.83
6261.59,6308.76,6253.77,6305.8
6305.47,6310.61,6292.15,6295.68
6281.88,6304.21,6269.86,6275.06
6290.44,6302.78,6267.18,6297.38
6311.73,6324.06,6282.93,6321.76
6330.25,6341.7,6137.68,6207.92
6153.56,6183.81,6110.66,6175.47
6206.11,6226.41,6180.04,6220.37
6237.46,6237.53,6153.55,6194.89
6127.05,6170.15,6107.85,6165.5
6154.28,6161.56,6125.5,6151.76
6196.85,6243.31,6194,6239.01
6229.62,6234.01,6186.94,6188.03
6202.75,6236.66,6200.86,6233.95
6239.15,6257.68,6221.96,6236.69
6234.35,6269.37,6218.78,6265.25
6292.73,6303.44,6233.43,6247.15
6227.9,6234.32,6146.62,6146.62
6173.1,6238.29,6144.8,6234.41
6215.49,6216.6,6087.81,6144.35
6166.84,6170.63,6129.04,6140.42
6173.29,6177.36,6106.12,6110.06
6122.06,6163.62,6100.42,6150.85
6109.6,6127.98,6081.96,6089.46
6111.21,6164.94,6111.21,6153.08
6156.03,6191.27,6141.83,6176.39
6171.25,6200.58,6149.87,6193.31
6238.9,6265.64,6236.82,6261.17
6269.1,6281.45,6251.26,6274.44
6289.08,6321.76,6278.7,6312.47
6320.35,6330.97,6307.34,6314.43
6304.82,6344.55,6291.07,6344.31
6363.24,6387.73,6362.19,6385.04
6396.46,6398.26,6365.68,6390
6383.05,6388.78,6365.11,6387.75
6387.82,6417.7,6380.61,6410.81
6407.59,6425.45,6396.87,6412.17
6425.93,6432.38,6416.3,6422.75
6459.76,6460.84,6318.62,6382.19
6350.27,6379.7,6337.23,6374.68
6394.69,6396.59,6338.78,6348.12
6372.16,6375.75,6345.75,6362.94
6393.1,6394.21,6313.43,6362.65
6366.24,6368.53,6331.14,6340.34
6350.79,6361.49,6329.73,6351.56
6361.06,6386.03,6356.23,6383.77
6373.33,6423.35,6355.88,6370.46
6322.92,6355.04,6309.44,6352.33
6312.65,6318.28,6214.41,6216.87
6222.18,6266.89,6216.19,6256.56
6306.11,6346.82,6305.55,6340.23
6350.51,6350.74,6324.75,6333.01
6348.11,6374.56,6330.27,6345.11
6322.72,6334.23,6221.91,6221.91
6222.46,6254.22,6193.38,6216.53
6216.32,6226.93,6177.19,6213.13
6241.21,6302.84,6241.21,6297.48
6263.47,6291.3,6263.28,6278.41
6294.82,6302.85,6244.57,6271.33
6293.81,6308.72,6257.1,6265.64
6286.01,6292.26,6267.85,6283.02
6228.9,6311.26,6228.73,6301.89
6308.68,6374.48,6303.57,6368.31
6385.8,6435.27,6383.58,6428.66
6442.17,6449.65,6417.87,6435.33
6414.82,6426.51,6334.59,6375.57
6394.35,6407.4,6356.2,6393.31
6402.94,6413.07,6379.81,6397.87
6389.65,6391.41,6354.96,6360.19
6411.18,6439.11,6410.71,6432.26
6448.81,6455.02,6429.54,6454.28
6440.72,6460.42,6433.2,6460.19
6439.46,6455.32,6424.04,6429.08
6426.16,6464.27,6419.65,6448.47
6460.1,6477.77,6438.41,6454.64
6465.57,6467.79,6446.75,6461.32
6459.74,6466.05,6414.23,6456.04
6448.57,6448.57,6405.3,6422.69
6401.44,6429.54,6400.81,6426.92
6403.11,6408.06,6343.96,6370.59
6391.85,6405.01,6364.57,6380.16
6414.37,6472.65,6405.35,6453.26
6437.96,6456.23,6427.66,6453.45
6461.28,6497.98,6454.86,6495.96
6506.08,6527.22,6484.14,6516.72
6523.74,6532.18,6509.71,6531.71
6521.96,6546.46,6513.12,6534.63
6552.87,6587.21,6547.65,6585.36
6566.95,6590.18,6566.84,6590.18
6597.37,6599.34,6572.44,6579.73
6602.49,6608.3,6561.78,6587.25
6586.73,6604.21,6577.98,6603.55
6594.76,6613.5,6586.32,6591.51
6613.21,6616.58,6602.2,6605.8
6622.55,6632.5,6607.03,6624.01
6621.42,6628.6,6613.21,6623.66
6634.26,6635.52,6613.55,6624.22
6583.7,6605.29,6558.53,6605.07
6633.37,6640.02,6622.92,6629.05
6641.57,6641.57,6581.15,6586.83
6598.6,6611.9,6582.06,6598.43
6587.22,6600.65,6517.93,6563.89
6567.59,6582.76,6550.03,6556.77
6635.03,6708.13,6625.78,6701.26
6693.77,6727.39,6677.15,6698.96
6713.71,6737.75,6705.79,6727.67
6758.64,6759.66,6691.48,6716.53
6709.39,6719.97,6677.55,6714.94
6737.09,6765.14,6712.93,6764.44
6763.3,6790.66,6763.17,6786.44
6785.44,6795.52,6750.35,6767.78
6764.85,6791.65,6753.34,6789.12
6737.45,6758.93,6687.28,6750.05
6736.39,6757.35,6727.35,6750.94
6727.39,6766.3,6723.43,6757.6
6733.87,6743.63,6709.27,6737.87
6700.68,6725.32,6667.31,6706.21
6742.34,6806.67,6742.34,6793.29
6794.45,6797.75,6777.43,6782.79
6789.28,6795.83,6779.48,6790.71
6820.55,6862.66,6820.02,6862.48
6869.53,6874.52,6859.28,6867.36
6878.11,6890.02,6873.74,6889.16
6889.91,6897.43,6867.89,6878.52
6893.72,6914.19,6866.21,6912.36
6907.28,6908.33,6793.95,6824.34
6852.8,6888.65,6838.48,6873.97
6844.04,6872.17,6737.16,6847.59
6897.14,6899.23,6770.69,6775.37
6759.14,6836.45,6752.32,6762.21
6742.07,6787.42,6734.13,6776.38
6785.74,6829.29,6778.2,6812.84
6859.94,6870.48,6831.61,6840.08
6847.64,6879.8,6844.88,6875.08
6872.72,6884.81,6856.3,6862.32
6880.41,6897.62,6871.87,6875.8
6887.39,6901.13,6851.63,6856.53
6871.55,6945.82,6871.45,6936.58
6980.4,7003.89,6975.55,6994.76
6991.25,6995.88,6951.49,6963.85
6991.26,6991.26,6935.42,6960.96
6972.88,6992.63,6961.2,6965.36
6958.02,6962.26,6944.44,6959.96
6958.02,6962.26,6944.44,6959.96
6928.92,6942.14,6915.56,6936.25
6941.45,6955.38,6931.34,6939.34
6953.38,6954.8,6936.75,6950.16
6952.6,6954.98,6903.39,6903.39
6952.61,6954.98,6903.39,6903.39
6937.65,7006.91,6924.08,7006.9
7017.07,7069.15,7016.7,7065.53
7089.5,7098.05,7072.38,7077.91
7105.74,7137.04,7097.08,7136.56
7135.38,7161.35,7124.62,7157.39
7174.19,7181.14,7148.46,7163.58
7129.83,7154.24,7111.73,7153.57
7168.73,7211.78,7163.91,7211.78
7208.17,7265.26,7207.03,7261.06
7208.17,7265.26,7205.18,7261.06
7307.19,7330.33,7205.93,7223.69
7257.77,7309.36,7229.32,7298.28
7293.65,7313.89,7276.11,7296.05
7312,7336.38,7297.28,7336.38
7338.04,7408.03,7332.81,7408.03
7424.95,7465.39,7423.18,7460.29
7474.16,7486.32,7376.75,7415.06
7457.94,7458.53,7388.58,7411.16
7448.33,7505.77,7431.22,7505.77
7484.47,7500.61,7455.55,7466.51
7388.89,7433.65,7373.99,7402.48
7443.25,7453.99,7381.12,7411.48
7377.17,7441.09,7362.28,7385.86
7347.59,7364.43,7238.18,7240.95
7165.96,7277.36,6967.53,6967.53
6837.56,7126.55,6829.4,7115.88
7086.2,7170.34,7051.98,7051.98
7067.3,7073.99,6777.16,6777.16
6863.34,6917.01,6635.23,6874.49
6936.68,7023.62,6879.69,6981.96
6942.16,7025.68,6938.16,7013.51
6979.24,7152.05,6977.07,7143.61
7200.75,7256.93,7130.39,7256.43
7236.52,7303.26,7226.38,7239.47
7236.51,7303.26,7226.38,7239.47
7209.03,7295.95,7206,7234.31
7258.48,7338.64,7218.11,7218.23
7252.47,7280.93,7194.84,7210.09
7261.35,7337.83,7232.49,7337.39
7373.3,7421.85,7360.25,7421.46
7416.17,7438.09,7330.35,7330.35
7371.41,7386.8,7273.01,7273.01
7274.75,7307.85,7117.66,7180.56
7099.54,7267.19,7084.83,7257.87
7222.89,7350.07,7205.31,7330.7
7366.61,7378.03,7319.68,7372.01
7311.73,7403.79,7311.73,7396.65
7422.77,7435.01,7391.5,7427.95
7475.98,7560.81,7469.03,7560.81
7581.04,7609.1,7563.44,7588.32
7627.52,7637.27,7492.98,7511.01
7539.78,7544.89,7473.9,7496.81
7509.24,7525.44,7463.19,7481.74
7504.37,7514.21,7473.68,7481.99
7419.2,7421.23,7285.27,7344.24
7353.25,7380.74,7331.24,7364.3
7347.5,7415.66,7325.35,7345.28
7257.55,7303.19,7164.38,7166.68
7170.68,7194.31,6992.67,6992.67
7125.2,7225.84,7022.34,7220.54
7255.47,7255.54,6963.68,7008.81
6978.3,7036.09,6901.07,6949.23
6984.65,7120.46,6935.78,7063.44
6984.65,7120.46,6935.78,7063.44
7016.17,7044.71,6805.96,6870.12
6924.35,6963.71,6835.23,6941.28
6811.77,7059.29,6811.77,7042.11
7099.25,7112.38,7036.62,7076.55
6999.57,7066.64,6877.76,6915.11
6971.44,7074.95,6944.96,6950.34
7060.99,7117.98,7014.88,7094.3
7055,7128.54,7055,7069.03
7112.02,7166,7105.09,7140.25
7179.62,7183.62,7078.14,7106.65
7153.87,7178.51,7115.85,7156.28
7215.11,7298.59,7206.55,7281.1
7292.38,7319.58,7259.9,7295.24
7258.61,7277.45,7215.18,7238.06
7220.64,7222.99,7123.49,7146.13
7173.99,7195.72,7094.43,7128.6
7160.77,7171.67,6961.52,7007.35
7009.99,7030.74,6926.98,7003.74
7080.49,7143.94,7055.66,7118.68
7195.52,7197.15,7083.95,7119.8
7133.95,7169.8,7065.41,7066.27
7053.65,7133.27,7036.18,7130.7
7138.45,7169.46,7094.72,7100.9
7065.03,7112.59,6991.14,7088.15
7065.67,7228.26,7057.89,7209.62
7237.06,7291.27,7237.06,7265.21
7255.34,7278.81,7224.7,7266.9
7281.53,7344.8,7259.05,7339.9
7356.15,7413.62,7356.06,7404.98
7393.97,7417.67,7372.26,7402.88
7429.45,7458.42,7401.89,7411.31
7361.3,7363.52,7320.97,7351.63
7356.22,7413.32,7356.16,7398.3
7379.58,7425.39,7350.46,7382.47
7364.34,7381.16,7343.97,7354.34
7406.34,7431.83,7368.2,7394.04
7420.85,7432.53,7370.33,7378.45
7335.03,7426.78,7334.61,7425.95
7421.99,7435.38,7357.5,7424.43
7422.2,7452.85,7415.58,7433.85
7422.2,7452.85,7415.58,7433.85
7398.51,7435.13,7354.29,7396.59
7428.41,7473.81,7423.67,7462.45
7455.58,7492.42,7431.41,7442.12
7487.66,7557.38,7487.23,7554.33
7570.08,7607.17,7561.2,7606.46
7621.36,7644.48,7602.38,7637.86
7652.81,7691.65,7622.31,7689.24
7697.41,7697.41,7597.66,7635.07
7607.73,7653.57,7595.14,7645.51
7647.23,7677.29,7642.87,7659.93
7673.87,7708.25,7669.53,7703.79
7713.9,7748.96,7686.65,7695.7
7723.53,7768.6,7723.53,7761.04
7725.03,7755.72,7704.34,7746.38
7692.96,7749.36,7676.83,7747.02
7658.47,7727.41,7635.73,7725.59
7764.15,7806.6,7755.48,7781.52
7800.3,7803.45,7699.19,7712.95
7739.69,7739.71,7679.12,7692.82
7631.12,7639.73,7477.73,7532.01
7553.74,7597.49,7527,7561.63
7586.33,7610.67,7444.17,7445.09
7438.11,7526.07,7419.56,7503.68
7544.13,7573.59,7502.95,7510.3
7451.9,7568.1,7443.1,7567.69
7593.63,7594.33,7498.5,7502.67
7593.63,7594.33,7498.5,7502.67
7550.65,7589.19,7511.43,7586.43
7595.93,7695.81,7588.65,7688.39
7731.74,7757.28,7702.06,7756.2
7770.63,7777.48,7731.98,7759.2
7698.51,7748.16,7696.58,7716.61
7752.71,7825.67,7746.76,7823.92
7827.62,7843.52,7803.34,7825.98
7831.74,7838.82,7791.98,7805.72
7753.25,7866.81,7753.25,7855.12
7859.43,7863.77,7822.83,7858.05
7829.8,7849.85,7811.15,7825.3
7843.08,7860.25,7815.86,7820.2
7806.93,7846.76,7776.55,7841.87
7914.35,7928.79,7814.33,7840.77
7839.09,7933.31,7838.76,7932.24
7848.04,7881.3,7834.08,7852.19
7889.75,7889.75,7698.96,7737.42
7735.27,7740.26,7604.24,7628.18
7654.59,7709.49,7614.84,7671.79
7701.82,7732.68,7670.71,7707.29
7659.52,7808.85,7659.52,7802.69
7819.23,7824.06,7783.3,7812.02
7809.54,7859.68,7801.88,7859.68
7878.62,7898.2,7868.65,7883.66
7880,7901.69,7864.46,7888.33
7886.52,7923.35,7881.06,7891.78
7834.71,7866.19,7818.37,7839.11
7848,7888.66,7814.27,7819.71
7847.88,7878.23,7815.5,7870.89
7810.02,7832.66,7732.69,7774.12
7826.95,7849.67,7795.74,7806.52
7786.64,7830.78,7752.68,7816.33
7834.37,7837.14,7787.9,7821.01
7840.09,7897.68,7836.79,7859.17
7844.04,7897.63,7840.84,7889.1
7886.47,7926.32,7866.53,7878.46
7907.81,7949.71,7907.1,7945.98
7989.64,8024.94,7976.6,8017.9
8039.01,8046.31,8009.59,8030.04
8044.34,8113.56,8042.1,8109.69
8094.2,8133.3,8069.57,8088.36
8079.31,8119.82,8079.31,8109.54
8079.31,8119.82,8079.31,8109.54
8087.95,8104.07,8042.14,8091.25
8073.53,8077.84,7962.35,7995.17
7998.27,8001.97,7885.49,7922.73
7878.79,7962.53,7873.93,7902.54
7939.57,7945.03,7890.39,7924.16
7894.87,7986.32,7880.93,7972.47
7958.87,7965.39,7884.05,7954.23
7999.93,8037.51,7989.85,8013.71
8026.16,8040.83,7979.78,8010.04
7992.21,8002.78,7890.07,7895.79
7903.57,7986.1,7901.01,7956.11
7962.55,7976.12,7917.73,7950.04
7993.53,8039.06,7986.4,8028.23
8041.69,8057.26,7979.67,7986.95
7939.38,7997.9,7912.47,7993.25
8001.59,8014.12,7979.29,8007.47
8011.68,8067.03,7982.77,7990.37
8021.22,8071.56,8017.91,8041.97
8024.5,8065.06,8015.86,8046.35
8091.5,8107.38,8019.77,8037.3
8024.48,8054.15,7983.99,7999.55
8034.65,8053.93,8012.03,8025.09
7993.33,7997.17,7833.16,7879.51
7874.76,7902.67,7715.97,7788.45
7747.1,7797.32,7654.84,7735.95
7728.51,7799.75,7718.95,7738.02
7694.08,7701.2,7420.56,7422.05
7388.07,7493.21,7274.04,7329.06
7507.84,7516.69,7368.33,7496.89
7473.33,7500.93,7400.07,7430.74
7501.78,7658.14,7493.44,7645.49
7669.26,7670.49,7563.09,7642.7
7616.47,7616.86,7452.46,7485.14
7530.15,7582.89,7428.3,7449.03
7486.74,7520.53,7424.74,7468.63
7328.55,7472.58,7260.13,7437.54
7423.21,7435.69,7099,7108.4
7197.49,7364.82,7178.54,7318.34
7125.18,7283.32,7057,7167.21
7272.42,7295.61,6922.83,7050.29
7017.87,7166.84,7001.48,7161.65
7276.62,7368.49,7270.63,7305.9
7327.82,7435.88,7286.5,7434.06
7424.02,7466.53,7298.68,7356.99
7344.08,7349.23,7255.88,7328.85
7326.07,7400.64,7320.89,7375.96
7446.09,7572.93,7435.87,7570.75
7544.17,7566.93,7499.71,7530.89
7468.51,7474.34,7349.48,7406.9
7364.05,7371.09,7193.77,7200.87
7230.69,7319.11,7182.86,7200.88
7265.39,7285.57,7101.17,7136.39
7112.83,7274.26,7072.36,7259.03
7193.6,7274.86,7171.7,7247.87
7217.24,7224.12,7011.4,7028.48
6867.43,6994.75,6830.76,6908.82
6985.51,7029.93,6951.62,6972.25
6985.51,7029.92,6951.62,6972.25
6919.52,6987.89,6919.16,6938.98
7026.5,7083.93,7003.12,7081.85
7041.23,7105.14,7014.36,7082.7
7135.08,7292.71,7090.98,7291.59
7267.37,7319.96,7217.69,7273.08
7279.3,7332.79,7255.68,7330.54
7486.13,7486.51,7392.22,7441.51
7407.95,7421.11,7150.11,7158.43
7407.95,7421.11,7150.11,7158.43
7017.05,7189.52,6984.34,7188.26
7163.49,7205.37,6945.27,6969.25
6959.63,7047.62,6878.98,7020.52
7121.65,7129.83,6983.01,7031.83
7127,7197.29,7096.56,7098.31
7135.28,7154.64,7034.82,7070.33
6986.37,7027.17,6898.99,6910.66
6886.46,6931.81,6710.01,6753.73
6809.81,6847.27,6733.71,6783.91
6777.59,6868.86,6586.5,6636.83
6607.76,6666.2,6447.91,6528.41
6573.48,6586.68,6304.63,6332.99
6278.49,6355.18,6190.17,6192.92
6278.49,6355.18,6190.17,6192.92
6257.86,6555.53,6214.34,6554.35
6457.19,6583.01,6336.97,6579.49
6616.79,6684.18,6529.22,6584.52
6649.52,6659.96,6570.06,6635.28
6649.52,6659.96,6570.06,6635.28
6506.91,6693.71,6506.88,6665.94
6584.77,6600.21,6457.13,6463.5
6567.14,6760.69,6554.24,6738.86
6757.53,6855.6,6741.4,6823.47
6893.44,6909.58,6795.86,6897
6923.06,6985.22,6899.56,6957.08
6908.65,6991.37,6877.08,6986.07
6947.46,6975.65,6933.6,6971.48
6908.03,6936.22,6887.48,6905.91
6931.39,7025.85,6928.12,7023.83
7033.75,7079.63,7028.12,7034.69
7010.13,7113.95,7003.62,7084.46
7134.1,7185.38,7096.62,7157.23
7134.09,7185.38,7096.62,7157.23
7109.57,7110.16,6979.81,7020.36
7061.65,7084.85,6953.23,7025.77
7042.25,7078.96,7029.95,7073.46
7128.19,7174.56,7111.09,7164.86
7075.01,7086.3,7034.25,7085.69
7087.49,7092.29,7011.47,7028.29
7094.79,7201.31,7065.57,7183.08
7208.17,7303.12,7205.94,7281.74
7256.37,7299.94,7243.41,7263.87
7266.28,7348.23,7261.07,7347.54
7356.34,7408.69,7355.36,7402.08
7400.44,7410.77,7346.72,7375.28
7316.5,7336.74,7235.05,7288.35
7232.3,7299.44,7225.14,7298.2
7327.37,7343.56,7290.03,7307.9
7358.85,7419.43,7349.81,7414.62
7437.46,7461.66,7413.84,7420.38
7390.25,7454.42,7375.71,7426.95
7468.57,7477.28,7440.26,7472.41
7468.57,7477.28,7440.26,7472.41
7450.75,7507.79,7450.27,7486.77
7490.31,7513.7,7455.25,7489.07
7475.41,7485.75,7430.89,7459.71
7481.63,7527.55,7479.01,7527.55
7585.3,7602.69,7551.61,7554.46
7535.29,7573.22,7524.31,7549.3
7526.42,7562.3,7485.39,7554.51
7533.31,7561.9,7516.48,7532.53
7587.45,7603.03,7540.75,7595.35
7636.62,7643.66,7501.56,7577.57
7582.29,7598.66,7543.54,7576.36
7575.38,7579.02,7499.87,7505.92
7483.79,7489.08,7397.19,7421.46
7334.35,7411.52,7332.92,7408.14
7442.56,7558.23,7442.4,7558.06
7571.85,7611.13,7560.46,7591.03
7621.38,7677.07,7619.46,7643.4
7644.79,7653.1,7627.02,7630.91
7658.41,7714.96,7652.03,7688.53
7696.38,7737.67,7677.74,7714.48
7747.4,7767.89,7699.15,7723.95
7721.95,7779.24,7674.04,7728.97
7705.43,7850.1,7705.43,7838.96
7800.25,7817.83,7642.57,7642.67
7618.98,7662.38,7579.29,7637.54
7700,7738.17,7649.21,7691.52
7702.05,7712.84,7582.09,7643.38
7660.07,7689.16,7619.82,7669.17
7726.71,7733.62,7688.51,7729.32
7800.24,7831.45,7777.1,7828.91
7824.61,7854.92,7811.28,7848.69
7891.18,7938.26,7870.9,7895.55
7894.26,7917.65,7844.96,7891.78
7914.51,7940.45,7909.14,7938.69
7924.89,7955.9,7891.85,7953.88
7924.77,7945.55,7897.61,7909.28
7922.73,7965.33,7916.9,7964.24
7975.2,7975.2,7933.41,7947.36
7984.15,7992.09,7952.61,7984.16
7987.16,7993.33,7933.56,7976.01
8000.57,8017.56,7978.81,8000.23
8044.97,8052.4,7973.38,7996.08
7998.44,8002.31,7950.97,7998.06
7969.37,8017.15,7965.9,8015.27
8026.74,8128.88,8023.81,8120.82
8122.88,8139.55,8101.7,8102.02
8150.85,8151.85,8075.41,8118.68
8100.28,8146.42,8060.89,8146.4
8147.65,8176.08,8136.41,8161.85
8104.91,8124.61,8050.55,8095.39
8132.93,8146,8048.23,8049.64
8046.48,8094.06,7976.77,8036.77
8092.88,8164.71,8084.8,8164
7981.85,8135.54,7981.85,8123.29
8043.52,8070.97,7899.02,7963.76
7946.24,8004.49,7923.35,7943.32
7853.21,7929.78,7796.16,7910.59
7881.31,7949.34,7759.34,7916.94
7720.07,7760.83,7627.23,7647.02
7689.66,7776.2,7665.3,7734.49
7682.8,7838.72,7682.24,7822.15
7832.58,7946.23,7826.67,7898.05
7829.03,7918.71,7810.35,7816.28
7714.06,7747.27,7678.35,7702.38
7765.57,7804.44,7752.92,7785.72
7749.81,7786.33,7738.35,7750.84
7660.72,7665.15,7585.32,7628.28
7675.57,7694.15,7631.25,7637.01
7655.66,7693.74,7603.76,7607.35
7553.02,7581.11,7503.94,7547.31
7565.46,7595.9,7527.66,7567.72
7470.95,7506.86,7448.23,7453.15
7441.22,7457.66,7292.22,7333.02
7413.94,7529.5,7385.02,7527.12
7585.68,7589.47,7498.17,7575.48
7582.24,7634.12,7546.22,7615.55
7652.97,7767.02,7647.91,7742.1
7798.87,7895.44,7795.76,7823.17
7901.04,7909.99,7798.63,7822.57
7803.13,7819.16,7773.97,7792.72
7822.56,7848.36,7813.6,7837.13
7807.19,7819.21,7778.12,7796.66
7819.43,7865.98,7812.61,7845.02
7920.98,8005.21,7911.67,7953.88
7970.26,7998.59,7930.38,7987.32
8087.45,8088.88,7996.87,8051.34
8028.69,8073.02,8011.2,8031.71
8040.58,8047.56,8004.63,8005.7
8005.27,8007.31,7879.15,7884.72
7933.93,7974.28,7903.07,7909.97
7939.36,7976.58,7935.47,7967.76
7988.76,8010.15,7961.46,8006.24
8145.85,8150.45,8059.29,8091.16
8086.65,8109.37,8063.1,8109.09
8129.57,8170.23,8122.34,8170.23
8123.28,8171.97,8093.66,8161.79
8112.91,8112.91,8078.39,8098.38
8061.41,8146.98,8061.32,8141.73
8183.19,8228.6,8160.56,8202.53
8219.28,8226.18,8171.63,8196.04
8209.2,8245.66,8201.52,8244.14
8263.18,8264.78,8236.27,8258.19
8251.66,8259.75,8204.23,8222.8
8224,8230.67,8184.66,8185.21
8151.76,8215.58,8135.12,8207.24
8241.34,8245.78,8144.63,8146.49
8171.99,8218.42,8171.54,8204.14
8242.5,8251.83,8193.89,8251.4
8227.36,8321.81,8226.5,8321.5
8294.68,8295.95,8233.4,8238.54
8294.3,8339.64,8291.12,8330.21
8325.1,8325.28,8247.37,8293.33
8231.77,8295.46,8228.02,8273.61
8290.8,8299.83,8274.29,8287.05
8190.56,8311.04,8080.52,8111.12
8056.42,8068.8,7953.67,8004.07
7823.33,7836.45,7662.9,7726.04
7804.51,7845.01,7739.57,7833.27
7747.27,7881.38,7702.42,7862.83
7921.59,8041.12,7896.15,8039.16
7997.19,8020.56,7910.35,7959.14
7907.49,7924.99,7833.79,7863.41
7852.37,8065.24,7851.58,8016.36
7877.33,7900.28,7762.87,7773.94
7790.2,7805.93,7716.55,7785.98
7828.35,7907.52,7828.35,7895.99
8006.18,8026.75,7974.36,8002.81
7989.36,8010.58,7948.09,7948.56
8017.07,8036.94,7998.5,8020.21
8038.79,8048.58,7937.12,7991.39
7943.65,8005.34,7730.77,7751.77
7829.58,7856.04,7789.05,7853.74
7908.78,7916.83,7795.18,7826.95
7798.35,7866.87,7766.67,7856.88
7945.78,7992.29,7925.83,7973.39
8015.16,8017.91,7914.74,7962.88
7906.44,7940.37,7847.32,7874.16
7949.81,7981.41,7928.94,7976.88
8061.29,8134.42,8061.29,8100.85
8125.58,8134.39,8098.52,8103.07
8130.91,8131.66,8052.34,8087.44
8049.98,8086.53,8001.68,8084.16
8091.68,8169.68,8081.56,8169.68
8206.58,8243.8,8176.73,8194.47
8190.57,8210.2,8165.47,8176.71
8121.64,8165.33,8121.25,8153.54
8148.65,8188.23,8139.82,8186.02
8174.62,8179.87,8086.22,8177.39
8193.59,8237.43,8174.32,8182.88
8184.88,8202.82,8086.16,8117.67
8106.49,8135.81,8085.34,8112.46
8147.23,8158.83,7969.65,7993.63
7990.66,8095,7935.57,8077.38
8070.12,8072.11,7991.02,8030.66
8047.11,8051.83,7890.28,7939.63
7964.09,8012.16,7949.63,7999.34
8026.83,8062.5,7906.29,7908.68
7851.13,7852.7,7744.96,7786.13
7787.02,7872.26,7700,7872.26
7908.44,7986.62,7899.39,7982.47
7956.41,8013.31,7942.08,7956.29
7898.27,7921.88,7823.73,7823.78
7895.96,7930.92,7873.52,7903.74
7904.56,7982.84,7899.81,7950.78
8047.34,8115.8,8046.8,8057.04
8044.35,8069.85,8036.41,8048.65
8074.85,8166.18,8071.81,8148.71
8119.81,8146.15,8103.38,8124.18
8176.91,8183.64,8131.25,8156.85
8149.85,8157.36,8045.37,8089.54
8137.42,8164.14,8117.26,8162.76
8188.12,8194.62,8101.98,8104.3
8090.24,8122.88,8078.35,8119.79
8180.04,8187.84,8137.66,8185.8
8150.59,8249.97,8150.59,8243.12
8285.77,8335.56,8285.27,8325.99
8313.35,8319.29,8275.14,8276.85
8284.28,8315.5,8241.7,8304.71
8314.38,8321.8,8248.81,8292.36
8335.05,8386.75,8326.56,8386.4
8445.5,8451.37,8421.3,8433.2
8446.62,8457.39,8421.05,8434.68
8426.57,8426.57,8379.33,8410.63
8455.11,8483.16,8415.87,8434.52
8422.67,8475.57,8405.89,8475.31
8431.26,8467.29,8425.48,8464.28
8471.07,8514.84,8462.99,8486.09
8455.02,8496.9,8451.34,8482.1
8461.06,8485.36,8441.58,8479.02
8524.48,8540.83,8506.8,8540.83
8529.16,8559.78,8503.62,8549.94
8578.02,8589.76,8536.73,8570.66
8543.57,8578.27,8468.63,8526.73
8527.87,8530.73,8487.29,8506.21
8530.54,8535.46,8477.49,8519.88
8559.65,8633.15,8559.65,8632.49
8635.4,8659.73,8625.62,8647.93
8669.59,8705.91,8662.58,8705.18
8669.59,8705.91,8662.58,8705.18
8682.01,8697.32,8664.04,8665.73
8672.84,8672.84,8540.16,8568.2
8460.72,8523.98,8435.4,8520.64
8557.45,8584.88,8552.38,8566.67
8587.93,8588.89,8541.92,8570.7
8634.25,8665.44,8630.57,8656.53
8650.86,8678.85,8619.77,8621.83
8623.56,8650.76,8600.82,8616.18
8631.12,8658.48,8622.35,8654.05
8645.36,8745.82,8633.6,8717.32
8713.91,8768.87,8697.58,8734.88
8791.31,8833.45,8789.77,8814.23
8829.47,8831.99,8804.6,8823.36
8834.65,8848.76,8820.42,8826.62
8838.97,8888.13,8838.97,8887.22
8911.84,8931.91,8901.87,8924.96
8950.2,8956.64,8934.55,8945.65
8955.01,8957.12,8934.36,8952.88
8970.21,9022.46,8968.45,9022.39
9049.47,9052,8987.32,9006.62
9004.45,9006.36,8909.19,8945.99
8918.74,8975.35,8912.77,8972.6
8918.74,8975.35,8912.77,8972.6
9039.46,9093.43,9010.89,9092.19
8976.43,9065.76,8976.43,9021.8
8943.5,9072.41,8943.5,9071.46
9076.64,9091.93,9042.55,9068.58
9068.03,9168.89,9059.38,9129.24
9202.27,9215.95,9158.5,9203.43
9232.94,9235.2,9164.66,9178.86
9213.72,9274.49,9193.06,9273.93
9270.61,9298.33,9226.49,9251.33
9253.76,9298.82,9231.14,9258.7
9313.45,9357.92,9301.32,9357.13
9392.37,9393.48,9346.81,9388.94
9392.37,9393.48,9346.81,9388.94
9361.07,9397.58,9350.2,9370.04
9413.61,9439.29,9375.13,9383.77
9377.72,9409.2,9334.13,9402.48
9446.2,9451.43,9273.23,9314.91
9092.46,9185.45,9088.04,9139.31
9201.82,9288.87,9182.33,9269.68
9318.26,9329.11,9249.04,9275.16
9211.15,9303,9185.18,9299.02
9324.32,9324.8,9123.22,9149.27
9190.72,9299.85,9188.55,9273.4
9398.39,9485.38,9374.05,9470.05
9574.1,9574.94,9454.93,9508.68
9540.98,9575.66,9505.68,9572.15
9526.64,9570.09,9496.53,9520.51
9493.63,9628.66,9493.63,9628.39
9680.89,9714.74,9617.21,9638.94
9688.6,9728.77,9666.68,9725.96
9657.04,9748.32,9650.02,9711.97
9728.9,9746.36,9693.05,9731.18
9679.04,9747.68,9675.8,9732.74
9782.81,9838.37,9777.1,9817.18
9799.2,9820.86,9636.94,9750.96
9708.01,9715.95,9542.33,9576.59
9188.44,9322.88,9166.01,9222.67
9301.2,9315.26,8940.49,8964.12
9011.55,9148.32,8927.8,8982.86
8744.03,8904.11,8562.05,8567.15
8269.74,8591.82,8264.16,8578.21
8667.14,8952.81,8543.35,8951.48
8965.1,9070.32,8602.89,8684.09
8834.1,9019.96,8757.66,9017.75
8790.09,8921.08,8677.39,8738.6
8469.02,8612.36,8375.13,8566.21
7957.93,8243.31,7943.16,7950.68
8219.76,8347.4,7930.43,8344.25
8136.25,8181.36,7850.95,7951.86
7398.58,7712.33,7194.67,7201.8
7610.39,7875.93,7219.09,7874.88
7392.73,7422.2,6882.86,6898.57
7072,7406.23,6828.91,7330.96
6902.32,7182.83,6686.36,7038.92
6996.45,7341.38,6858.38,7150.58
7248.07,7354.44,6854.67,6879.52
6847.28,6984.94,6631.42,6860.67
7196.15,7418.37,7169.86,7418.37
7421.36,7671.21,7276.4,7383.62
7462.21,7809.82,7462.21,7796.66
7554.25,7716.24,7491.13,7502.38
7583.46,7784.35,7539.97,7774.15
7740.06,7880.31,7642.86,7702.96
7459.5,7566.37,7301.98,7363.26
7317.45,7501.7,7307.95,7482.18
7477.27,7518.72,7288.11,7373.08
7660.17,7938.33,7617.79,7906.24
8129.99,8146.43,7881.22,7883.76
7975.72,8114.43,7901.94,8089.45
8169.01,8227.91,8072.32,8153.58
8127.69,8200.44,8035.95,8192.42
8353.21,8531.11,8338.09,8515.74
8355.96,8464.66,8308.79,8394.69
8479.11,8560.16,8393.27,8529.8
8667.48,8670.3,8531.69,8649.62
8553.37,8684.91,8553.37,8559.96
8460.69,8480.29,8215.69,8261.47
8434.55,8537.31,8404.54,8495.38
8528.84,8635.22,8475.2,8491.42
8530.08,8642.93,8464.42,8634.52
8717.98,8754.57,8697.37,8730.16
8825.68,8830.57,8600.7,8607.73
8802.7,8957.26,8765.01,8914.71
8911.01,8926.11,8825.83,8889.55
8681.29,8754.46,8566.84,8605.54
8555.32,8715.82,8537.83,8710.71
8809.66,8909.96,8781.31,8809.12
8874.7,8933.25,8819.37,8854.39
8973.78,9015.99,8932.85,8979.66
9056.89,9125.98,9018.21,9121.32
9054.91,9241.92,9053.17,9192.34
9225.14,9250.96,9000.06,9002.55
9006.05,9074.16,8752.68,8863.17
8788.04,8945.71,8705.25,8943.72
8839.99,9018.4,8821.38,9014.56
9177.15,9267.22,9154.35,9234.83
9227.46,9317.25,9183.25,9185.1
9305.62,9392.82,9304.2,9375.78
9375.19,9405.25,9254.85,9284.88
9278.55,9328.28,9239.41,9324.59
9501.21,9501.21,9333.16,9340.22
9346.12,9414.62,9144.28,9412.36
9392.99,9523.64,9345.28,9368.99
9382.35,9505.55,9324.73,9489.87
9471.42,9571.28,9462.32,9552.05
9566.53,9611.22,9472.08,9608.37
9651.86,9707.78,9627.18,9682.91
9649.65,9716.14,9560.41,9615.81
9703.54,9845.69,9685.35,9814.08
9823.44,9927.13,9780.61,9924.74
9867.19,10002.5,9863.27,9953.75
10012.32,10086.89,9962.58,10020.35
9791.24,9868.08,9491.3,9492.73
9715.87,9768.64,9413.62,9588.81
9426.9,9756.07,9403,9726.02
9949.78,9963.63,9748.38,9895.87
9943.31,9991.21,9891.81,9910.53
9892.48,9959.2,9885.66,9943.05
10042.13,10053.91,9872.94,9946.12
9945.49,10059.61,9916.6,10056.47
10130.83,10221.85,10112.44,10131.37
10092.92,10137.5,9842.22,9909.17
9899.36,10023.28,9810.47,10017
9995.12,10000.67,9749.07,9757.22
9771.72,9877.34,9663.61,9874.15
9875.29,10085.59,9863.67,10058.77
10063.67,10197.19,10048.04,10154.63
10268.67,10310.36,10194.06,10207.63
10360.38,10462.05,10354.98,10433.65
10412.46,10518.98,10337.98,10343.89
10409.35,10494.63,10350.96,10492.5
10563.72,10578.1,10379.91,10547.75
10545.91,10622.35,10447.01,10617.44
10729.92,10824.78,10368.04,10390.84
10310.25,10497.83,10182.46,10488.58
10576.72,10604.67,10420.54,10550.49
10443.87,10499.79,10364.39,10473.83
10500.52,10532.62,10421.21,10503.19
10526.02,10783.8,10488.04,10767.09
10837.88,10839.93,10650.46,10680.36
10687.58,10745.32,10627.45,10706.13
10689.5,10728.12,10407.87,10461.42
10294.41,10418.75,10217.31,10363.18
10421.7,10546.44,10399.86,10536.27
10509.2,10523.64,10397.87,10402.09
10474.7,10567.91,10464,10542.94
10450.12,10609.59,10412.09,10587.81
10741.47,10747.8,10557.7,10745.27
10848.64,10927.56,10831.15,10902.8
10897.89,10941.91,10852.9,10941.17
10967.87,11002.11,10943.72,10998.4
10989.98,11121.19,10963.41,11108.07
11072.53,11126.04,10920.37,11010.98
11033.72,11040.24,10849.46,10968.36
10942.66,10989.42,10762.71,10782.82
10878.12,11036.72,10877.16,11012.24
11026.86,11124.85,11007.5,11042.5
11042.24,11058.44,10972.06,11019.3
11083.24,11144.53,11080.3,11129.73
11170.75,11230.61,11103.83,11210.84
11214.8,11257.42,11132.1,11146.46
11096.4,11283.62,11090.03,11264.95
11258.44,11326.21,11245.44,11311.8
11449.25,11462.05,11297.53,11379.72
11370.23,11468.26,11343.04,11466.47
11516.62,11672.05,11507.46,11665.06
11688.19,11730.01,11551.01,11625.34
11689.28,11708.77,11634.77,11695.63
11718.81,11829.84,11697.41,11785.9
11850.96,11945.72,11794.78,11943.88
12047.26,12074.06,11836.18,12056.44
11861.9,11894.4,11361.35,11458.1
11396.24,11531.18,10875.87,11313.14
10900.69,11131.5,10837.2,10847.69
11064.76,11217.69,10970.45,11141.56
11235.53,11299.53,10875.02,10919.59
11010.07,11033.05,10728.03,10853.55
11010.14,11118.28,10982.26,11056.65
11193.96,11244.46,11127.98,11190.32
11222.08,11245.42,11046.43,11050.47
10796.05,10974.45,10783.81,10910.28
10973.45,10977.68,10639.95,10793.28
10610.14,10782.74,10519.49,10778.8
10873.3,10979.65,10737.52,10963.64
10950.83,10962.02,10612.92,10634.62
10551.02,10799.55,10520.22,10672.27
10680.46,10939.55,10639.98,10913.56
11084.38,11120.8,11019.14,11117.53
11109,11153.23,11065.63,11085.25
11092.9,11277.96,11092.9,11167.16
11291.99,11344.13,11240.53,11326.51
11082.53,11244.87,11033.69,11075.02
11169.1,11335.21,11162.52,11332.49
11314.53,11392.41,11124.44,11154.6
11271.68,11380.56,11258.35,11364.6
11443.35,11448.23,11384.33,11420.98
11487.6,11581.23,11476.66,11579.94
11732.33,11965.54,11704.13,11876.26
11901.76,11946.98,11821.83,11863.9
11889.07,11939.92,11714.35,11768.73
11559.88,11740.68,11559.1,11713.87
11761.83,11827.42,11648.53,11671.56
11732.34,11778.11,11454.57,11478.88
11531.83,11632.89,11471.24,11516.49
11530.39,11613.79,11476.08,11484.69
11526.98,11548.77,11369.29,11506.01
11536,11548.85,11434.86,11548.28
11440.64,11545.63,11221.06,11358.94
11409.34,11465.06,11361.86,11431.35
11230.9,11249.95,10999.07,11004.87
11064.47,11287.63,11030.19,11185.59
11103.47,11129.81,10822.57,10911.64
11010.45,11071.08,10830.94,10957.61
11038.66,11213.92,11004.84,11160.57
11443.77,11663.31,11394.21,11590.78
11816.33,11924.28,11784.15,11890.93
11869.9,11920.53,11737.13,11895.23
12046.66,12108.07,11703.49,11713.78
11622.44,11665.87,11424.61,11553.85
11656.65,11793.57,11638.9,11786.43
11802.5,11847.84,11666.37,11709.59
11794.94,11849.78,11715.52,11829.28
11847.11,11937.72,11814.89,11924.13
11913.35,11950.18,11852.41,11899.34
11896.06,11942.49,11799.96,11801.6
11779.03,11912.64,11760.98,11904.71
11892.7,11935.47,11852.51,11854.97
11916.76,11949.33,11796.53,11880.63
11939.33,12049.88,11863.45,12036.78
12053.89,12114.77,12020.95,12094.4
12053.89,12114.77,12020.95,12094.4
12159.18,12236.23,12154.57,12205.85
12313.36,12405.79,12263.93,12355.11
12285.75,12360.06,12217.35,12349.37
12369.26,12439.02,12356.99,12377.18
12399.32,12464.23,12376.44,12464.23
12461,12536.23,12460.55,12519.94
12503.17,12594.54,12453.21,12582.77
12591.69,12607.14,12290.78,12338.95
12247.55,12431.56,12214.74,12405.81
12336.79,12383.5,12246.77,12377.87
12447.44,12543,12432.71,12440.04
12543.26,12596.13,12465.42,12595.06
12611.03,12687.32,12566.38,12658.25
12730.78,12765.25,12696.35,12764.75
12804.93,12809.6,12654.6,12755.64
12596.14,12751.27,12525.22,12742.52
12785.22,12840.57,12695.31,12807.92
12834.94,12841.92,12758.67,12771.11
12791.54,12833.55,12767.64,12804.73
12791.54,12833.55,12767.64,12804.73
12914.64,12930.89,12827.44,12899.42
12965.39,12973.33,12821.97,12850.22
12906.51,12924.93,12857.76,12870
12877.09,12902.07,12821.23,12888.28
12877.09,12902.07,12821.23,12888.28
12958.52,12958.73,12543.24,12698.45
12665.65,12828.27,12665.65,12818.96
12666.15,12909.63,12649.99,12740.79
12867.34,13090.91,12867.34,13067.48
13160.22,13208.09,13036.55,13201.98
13048.78,13138.27,12999.51,13036.43
13062.06,13105.04,12963.92,13072.43
13088.01,13171.15,13051.06,13128.95
13174.75,13220.16,13098.41,13112.64
13099.9,13139.83,12949.76,12998.5
13099.9,13139.83,12949.76,12998.5
13132.73,13206.86,13078.7,13197.18
13342.55,13486.13,13329.77,13457.25
13521.48,13560.35,13454.07,13530.92
13474.81,13567.14,13463.66,13543.06
13681.21,13728.98,13368.68,13635.99
13681.72,13702.69,13603.19,13626.06
13486.58,13538.42,13192.91,13270.6
13323.3,13507.64,13316.52,13337.16
13284.72,13322,12985.05,13070.69
13226.18,13431.46,13132.47,13403.4
13543.1,13652.69,13535.86,13612.67
13718.31,13723.83,13585.34,13610.54
13674.06,13778.42,13631.62,13777.74
13824.88,13878.16,13761.66,13856.3
13937.06,13987.74,13894.15,13987.64
13966.82,14044.95,13966.55,14007.7
14093.35,14109.12,13845.47,13972.53
14045.21,14058.91,13916.85,14025.77
13979.21,14102.04,13937.72,14095.47
13979.21,14102.04,13937.72,14095.47
14152.22,14175.11,13995.45,14047.5
13911.65,13976.43,13804.26,13965.5
13814.67,13905.96,13714.35,13865.35
13929.2,13985.58,13842.6,13874.46
13714.2,13757.06,13530.96,13533.05
13262.61,13526.09,13003.98,13465.2
13400.25,13607.36,13286.59,13597.97
13512.64,13602.86,13066.38,13119.43
13232.9,13368.06,13024.53,13192.35
13406.16,13596.59,13362.66,13588.83
13599.45,13601.33,13352,13358.79
13336.25,13372.52,12995.07,12997.75
12953.99,13068.71,12553.96,12723.47
12860.04,12941.22,12397.05,12920.15
12904.26,13001,12599.23,12609.16
12923.07,13151.54,12882.49,13073.82
13234.73,13277.1,13035.44,13068.83
13273.31,13433.62,13246.33,13398.67
13222.81,13324.69,13158.72,13319.86
13323.47,13460.35,13272.5,13459.71
13523.17,13620.71,13397.08,13471.57
13336.92,13595,13272.69,13525.2
13349.2,13384.46,13101.92,13116.17
13119.9,13252.37,13039.45,13215.24
13278.78,13455.64,13278.78,13377.54
13381.43,13405.15,13202.43,13227.7
13289.24,13292.92,12961.35,12961.89
12844.58,13021.86,12786.81,12977.68
12996.03,13149.55,12878.72,13138.73
13103.97,13143.41,12968.16,13059.65
13008.8,13075.75,12922.57,13045.4
13122.57,13325.54,13118.38,13246.87
13414.32,13487.08,13404.18,13480.1
13594.9,13720.58,13582.76,13705.59
13681.67,13776.71,13674.28,13698.38
13675.3,13733.03,13653.58,13688.84
13796.89,13830.14,13758.71,13829.31
13787.01,13905.41,13748.35,13900.19
13854.44,13877,13783.95,13850
13902.45,14011.51,13902.45,13996.1
14004.08,14033.63,13839.04,13857.84
13983.23,14049.13,13970.42,14038.76
14059.11,14062.5,13977.05,14052.34
13984.58,14041.79,13842.57,13914.77
13894.46,13927.67,13698.67,13786.27
13745.77,13951.35,13706.86,13950.22
13952.57,14015.87,13771.04,13818.41
13861.37,14062.74,13856.83,14016.81
14052.38,14154.03,14019.5,14138.77
14170.91,14171.24,14064.28,14090.22
14082.78,14133.65,14034.7,14051.03
14204.51,14211.57,13952.8,14082.55
13970.73,14084.76,13941.63,13962.68
14031.77,14042.12,13881.51,13895.12
13774.51,13795.57,13485.59,13633.5
13731.13,13753.05,13553.93,13582.42
13557.83,13635.73,13439.39,13632.84
13723.09,13828.62,13690.75,13752.24
13687.59,13687.93,13401.75,13401.86
13115.85,13423.31,13107.67,13389.43
13215.49,13288.61,13002.53,13031.68
13150.94,13247.87,13007.24,13124.99
13255.65,13460.88,13242.97,13429.98
13368.8,13399.17,13265.4,13379.05
13416.9,13485.34,13299.92,13303.64
13078.19,13304.6,13072.23,13299.74
13356.63,13563.52,13355.71,13535.76
13616.19,13616.58,13463.26,13470.99
13557.21,13708.85,13551.01,13661.17
13721.54,13751.14,13631.8,13657.17
13693.94,13750.16,13679.59,13738
13742.58,13776.52,13701.62,13736.27
13792.05,13820.87,13747.61,13748.74
13829.06,13836.17,13678.77,13736.48
13743.24,13775.89,13689.74,13756.33
13655.75,13684.13,13548.93,13614.51
13697.25,13826.82,13692.01,13814.49
13802.82,13889.11,13784.89,13881.72
13946.32,13981.72,13831.98,13924.91
13980.23,14003.5,13906.45,13911.75
13933.88,14031.19,13904.4,14020.33
14030.85,14069.42,14006.59,14069.42
14083.47,14175.45,14056.67,14174.14
14166.64,14171.02,14052.16,14072.86
14085.55,14129.69,13903.73,14039.68
13999.13,14196.21,13998.93,14161.35
14096.93,14129.22,14009.03,14030.38
14047.42,14150.78,13960.04,14141.47
14138.29,14269.77,14121,14253.27
14263.38,14317.66,14246.3,14271.73
14357.27,14414.46,14333.7,14369.71
14400.81,14409.08,14337.65,14360.39
14417.81,14505.19,14417.2,14500.51
14509.19,14535.97,14471.38,14528.33
14509.85,14526.81,14478.06,14503.95
14493.69,14533.55,14439.4,14522.38
14582.98,14649.11,14555.34,14639.33
14661.55,14687,14529.8,14663.64
14753.42,14755.33,14580.8,14665.06
14409.2,14610.06,14371.59,14559.78
14578.43,14710.2,14552.26,14701.92
14743.86,14761.08,14672.63,14733.24
14715.13,14803.68,14660.19,14677.65
14780.9,14790.55,14632.95,14645.4
14635.78,14650.38,14451.8,14543.43
14597.51,14623.02,14413.32,14427.24
14235.98,14313.6,14178.66,14274.98
14330.46,14555.75,14271.23,14498.88
14508.75,14633.15,14498.65,14631.95
14652.72,14694.19,14617.87,14684.6
14753.06,14846.06,14698.77,14836.99
14821.03,14863.65,14790.49,14840.71
14807.95,14811.08,14503.76,14660.58
14715.66,14798.88,14645.64,14762.58
14771.17,14833.74,14761.38,14778.26
14615.85,14728.78,14615.85,14672.68
14758.6,14770.41,14665.67,14681.07
14714,14762.6,14584.09,14761.3
14747.21,14812.37,14734.12,14780.53
14794.08,14896.48,14776.03,14895.12
14864.22,14890.18,14788.59,14835.76
14855.75,14883.81,14802.69,14860.18
14887.75,14894.61,14754.48,14788.09
14834.38,14842.5,14692.41,14765.14
14751.35,14824.31,14698.94,14816.26
14825.07,14850.61,14797.22,14822.9
14771.53,14794.68,14610.02,14793.76
14670.56,14716.95,14550.88,14656.18
14636.24,14697.25,14516.3,14525.91
14423.16,14610.76,14423.16,14541.79
14571.53,14722.16,14571.53,14714.66
14776.98,14963.47,14776.98,14942.65
14978.14,15034.89,14965.53,15019.8
15039.03,15059.43,15011.58,15041.86
15025.17,15059.63,14939.56,14945.81
14969.76,15144.48,14966.52,15129.5
15165.94,15288.08,15165.12,15265.89
15262.88,15278.96,15202.67,15259.24
15308.98,15379.5,15302.11,15309.38
15358.47,15380.07,15285.35,15331.18
15313.42,15375.56,15283.67,15363.52
15375.98,15403.44,15343.27,15374.33
15360.35,15360.35,15206.61,15286.64
15296.06,15352.38,15245.17,15248.25
15332.92,15349.47,15111.31,15115.49
15211.43,15215.44,15030.85,15105.58
15168.45,15181.19,15008.3,15037.76
15071.34,15174.38,14984.68,15161.53
15120.09,15205.5,15047.14,15181.92
15163.35,15166.56,14998.73,15043.97
14758.14,14841.82,14530.07,14713.9
14803.36,14847.03,14696.47,14746.4
14800.59,14950.12,14767.01,14896.85
14960,15085.44,14932.51,15054.65
14961.61,15067.56,14946.57,15047.7
14954.17,15003.16,14864.96,14969.97
14787.21,14817.74,14539.88,14546.68
14614.88,14676.62,14493.67,14512.44
14582.6,14632.36,14444.3,14448.58
14494.93,14606.82,14324.01,14564.76
14493.12,14499.74,14181.69,14255.48
14312.86,14508.65,14299.78,14433.83
14289.45,14509.55,14259.07,14501.91
14631.8,14755.72,14615.14,14654.02
14694.72,14699.91,14569.68,14579.54
14540.08,14665.99,14482.61,14486.2
14539.09,14552.71,14441.6,14465.92
14537.17,14589.28,14471.88,14571.64
14717.5,14827.56,14699.52,14823.43
14891.24,14904.98,14847.97,14897.34
14839.74,15026.68,14833.28,15021.81
15073.13,15137.85,15049.73,15129.09
15160,15178.39,15071.15,15121.68
15104.8,15222.25,15094.14,15215.7
15158.06,15193.01,15021.02,15090.2
15142.92,15259.63,15070.75,15226.71
15317.5,15384,15198.23,15235.72
15323.29,15504.12,15323.29,15498.39
15541.26,15598.95,15470.82,15595.92
15583.98,15656.6,15569.27,15649.6
15658.52,15821.58,15616.44,15811.58
15849.74,15966.09,15827.66,15940.31
16003.56,16053.39,15900.78,15971.59
15995.72,16038.23,15961.81,15982.36
16024.13,16035.21,15836.68,15886.54
15753.84,15867.24,15543.68,15622.7
15752.08,15768.02,15695.77,15704.28
15752.62,15874.58,15705.38,15860.96
15894.82,15918.45,15778.31,15853.85
15840.32,15989.61,15825,15973.85
15973.61,15998.57,15909.39,15921.57
15973.4,16010.88,15848.83,15993.71
16042.16,16121.12,16017.23,16057.44
16120.92,16212.23,15851.04,15854.76
15809.5,15895.86,15601.46,15775.14
15677.88,15848.56,15591.36,15845.23
15664.38,15731.54,15456.09,15491.66
15719.42,15833.11,15644.61,15782.83
15716.5,15828.19,15451.39,15537.69
15752.27,15816.82,15243.93,15254.05
15181.82,15444.54,15150.12,15381.32
15428.7,15470.36,14931.06,15085.47
15117.63,15281.99,14931.61,15225.15
15510.91,15720.09,15507.66,15686.92
15690.65,15792.64,15618.88,15786.99
15720.54,15796.05,15511.12,15517.37
15629.59,15677.6,15477.85,15630.6
15621.27,15637.06,15408.25,15413.28
15215.96,15317.55,15097.35,15237.64
15230.71,15575.76,15055.23,15565.58
15629.08,15633.19,15119.49,15180.43
15036.77,15288.78,14960.37,15169.68
14933,15007.3,14860.04,14980.94
15140.43,15349.06,15015.02,15341.09
15319.16,15525.97,15303.06,15521.89
15544.79,15697.98,15528.91,15653.37
15544.79,15697.98,15528.91,15653.37
15696.83,15871.4,15696.83,15871.26
15895.2,15901.47,15757.07,15781.72
15794.92,15821.81,15679.85,15766.22
15758.98,15868.09,15729.16,15741.56
15722.91,15777.43,15643.94,15644.97
15732.5,15832.8,15644.09,15832.8
15852.14,15852.14,15512.41,15622.72
15547.16,15586.3,15095.18,15100.17
15024.15,15198.45,14914.87,15080.86
15095.72,15171.02,14877.63,14935.9
14751.78,14953.85,14530.23,14942.83
14919.26,15158.71,14837.64,15153.45
15263.1,15319.03,15117.29,15188.39
15245.04,15259.71,14782.24,14806.81
14708.02,14897.68,14689.43,14893.75
14681.83,14740.54,14482.94,14506.9
14582.22,14658.89,14331.65,14340.25
14462.85,14642.03,14140.78,14154.02
14046.22,14171.72,13764.24,13768.92
13481.5,13876.61,13094.65,13855.13
13610.87,13781.62,13414.14,13539.3
13871.77,14002.65,13392.19,13542.12
13710.99,13765.91,13322.66,13352.78
13436.71,13771.91,13236.56,13770.57
13812.19,14242.9,13767.71,14239.88
14277.43,14358.69,14070.77,14346
14494.47,14504.82,14264.65,14417.55
14045.83,14207.89,13851.74,13878.82
13958.48,14222.76,13850.39,14098.01
14118.79,14236.31,13974.1,14015.67
13984.43,14226.48,13934.78,14194.45
14368.16,14490.72,14330.87,14490.37
14228.68,14509.56,14118.2,14185.64
14213.62,14246.7,13733.16,13791.15
13768.97,13921.71,13664.76,13790.92
13997.18,14142.49,13976.29,14139.76
14038.92,14163.73,13931.99,14124.09
14004.19,14020.82,13704.7,13716.72
13735.4,13762.4,13465.56,13548.07
13424.36,13618.72,13249.65,13381.52
13511.75,13533.78,13032.17,13037.49
12587.88,13486.11,12587.88,13473.58
13485.26,13696.86,13358.29,13694.62
13570.83,13810.64,13549.9,13751.4
13716.7,13777.04,13441.32,13532.46
13597.53,13796.55,13493.91,13752.02
13837.59,13837.59,13472.64,13537.94
13455.23,13486.71,13224.98,13313.44
13328.36,13353.28,12828.02,12830.96
12800.04,13159.44,12670.08,12795.55
13113.7,13301.16,13039.79,13255.55
13098.35,13163.5,12946.28,13129.96
13229.77,13239.35,12830.37,12843.81
12795.12,12918.01,12555.35,12581.22
12685.23,12973.88,12616.59,12948.62
13119.36,13440.12,12992.2,13436.55
13360.72,13620.8,13317.14,13614.78
13564.63,13899.28,13528.06,13893.84
13860.39,13945.81,13682.55,13838.46
13866.43,14141.07,13857.29,14108.82
13990.35,14152.15,13921.65,13922.6
14001.32,14193.55,13897.2,14191.84
14194.72,14218.76,14010.79,14169.3
14177.21,14356,14101.34,14354.9
14500.39,14646.9,14419.4,14619.64
14558.59,14609.25,14383.45,14442.27
14444.78,14456.74,14217.73,14220.52
14269.53,14306.94,14131.81,14261.5
14304.35,14534.38,14286.45,14532.55
14490.26,14500.29,14169.12,14204.17
14002.58,14032.84,13788.9,13888.82
13861.49,13978.25,13689.23,13897.3
13830.47,13866.06,13693.69,13711
13547.29,13585.08,13401.39,13411.96
13584.69,13685.95,13317.74,13371.57
13373.12,13679.43,13353.66,13643.59
13647.43,13662.93,13345.22,13351.08
13319.39,13414.27,13222.03,13332.36
13312.44,13643.97,13281.22,13619.66
13665.38,13678.55,13426.12,13453.07
13623.7,13710.69,13140.83,13174.65
13168.8,13212.6,12828.02,12839.29
12749.17,13011.45,12722.59,13004.85
12918.04,12918.04,12490.74,12490.74
12500.88,12703.79,12430.9,12488.93
12712.86,12948.52,12487.86,12871.53
12710.42,12861.83,12315.74,12334.64
12331.69,12542.54,12202.41,12536.02
12511.46,12645.83,12460.99,12563.76
12574.73,12985.01,12367.02,12964.85
12787.52,12787.52,12183.56,12317.69
12246.83,12358.42,11990.15,12144.66
11923.03,11990.61,11574.94,11623.25
11900.34,11944.94,11566.28,11737.67
11645.57,11844.51,11339.18,11364.24
11199.25,11547.33,11108.76,11370.96
11555.98,11856.71,11510.26,11805
11727.14,11804.59,11627.53,11662.79
11905.57,11988.43,11754.28,11984.52
11790.68,11826.23,11381.69,11418.15
11364.4,11562.82,11313.31,11388.5
11542.67,11552.21,11035.69,11354.62
11396.27,11552.07,11304.56,11535.27
11326.44,11351.61,11092.48,11264.45
11225.03,11511.9,11211.85,11434.74
11409.84,11796.97,11406.16,11740.65
11869.69,12131.66,11856.82,12131.13
12137.54,12190.08,11942.5,12081.39
12176.89,12237.94,11901.43,11994.46
11945.57,12320.12,11901.45,12316.9
12097.11,12167.44,11966.62,12012.73
12200.33,12245.4,12004.2,12061.37
11925.81,12194.86,11888.61,12175.23
12147.28,12235.78,12052.7,12086.27
12016.48,12115.06,11751.98,11754.23
11543.88,11569.15,11328.27,11340.02
11542.24,11635.85,11177.68,11181.54
11160.22,11226.33,11072.19,11177.89
11048.25,11160.92,10850.01,11028.74
11006.83,11132.55,10922.71,11127.84
11006.83,11132.55,10922.71,11127.84
10964.18,11323.9,10911.45,11322.24
11337.9,11443.15,11250.32,11361.85
11422.6,11644.47,11412.88,11621.35
11503.61,11689.69,11479.77,11635.31
11524.49,11541.1,11348.06,11372.6
11420.89,11483.17,11207.08,11264.73
11056.55,11325.67,11031.27,11247.58
11151.21,11279.97,11005.93,11251.19
11379.36,11454.69,11295.33,11452.42
11561.64,11629.03,11322.84,11360.05
11515,11721.22,11448.97,11713.15
11726.09,11939.96,11703.36,11897.65
11914.15,12060.59,11812.72,12059.61
12025.37,12093.02,11767.19,11834.11
11837.96,11855.1,11707.53,11782.67
11701.53,11711.31,11533.37,11562.57
11756.19,12081.73,11718.38,12032.42
12036.48,12179.09,11886.67,12162.59
12239.69,12426.26,12181.13,12390.69
12317.96,12499.72,12271.98,12368.98
12287.67,12503.34,12260.48,12348.76
12433.87,12699.64,12425.21,12668.16
12675.05,12736.19,12600.78,12720.58
12538.81,12720.44,12525.77,12657.56
12703.72,12855.15,12597.75,12644.46
12557.49,12582.91,12438.86,12493.93
12793.44,12861.44,12698.61,12854.81
12944.82,13026.24,12760.09,12779.91
12866.31,13047.19,12821.22,13047.19
12996.63,13146.06,12993.78,13128.05
13082.64,13181.09,12979.24,13102.55
12968.63,13053.51,12863.01,12938.12
12937.78,13002.66,12873.49,12965.34
12832.27,12859.01,12674.87,12705.22
12523.16,12538.55,12353.73,12381.57
12380.37,12490.85,12352.03,12381.3
12375.15,12504.33,12350.16,12431.53
12506.37,12641.26,12471.98,12639.27
12630.58,12655.84,12141.52,12141.71
12021.05,12124.87,11981.42,12017.67
12093.06,12101.85,11790.02,11883.14
11972.56,12027.43,11814.17,11816.2
11707.44,11798.37,11546.52,11785.13
11899.14,11945.91,11573.51,11630.86
11643.03,11679.43,11471.5,11544.91
11559.38,11819.07,11555.08,11791.9
11679.85,11896.73,11660.53,11862.13
11958.61,12132.67,11958.61,12112.31
12174.94,12270.19,12169.28,12266.41
11908.81,11957.97,11604.43,11633.57
11680.41,11746.83,11602.76,11719.68
11633.24,11760.73,11497.11,11552.36
11401.21,11460.43,11316.92,11448.4
11338.57,11538.13,11337.83,11535.02
11440.14,11520.99,11343.72,11425.05
11466.21,11613.57,11218.99,11220.19
11167.38,11203.77,11024.64,11066.81
10952.69,10958.3,10732.72,10867.93
10833.39,11024,10789.05,10802.92
10955.29,11040.98,10741.02,10829.5
10817.52,11101.5,10776.34,11051.64
10894.44,10899.47,10623.23,10737.51
10697.71,10883.04,10572.33,10575.62
10659.01,10875.46,10577.89,10815.43
11054.72,11189.96,11044.04,11176.41
11022.67,11210.32,10910.76,11148.64
11129.04,11230.44,11051.27,11073.31
10877.28,10891.93,10608.52,10652.4
10659.95,10669.93,10449.04,10542.1
10484.37,10608.84,10351.98,10426.19
10437,10494.53,10372.21,10417.1
10131.82,10697.71,10088.83,10649.15
10742.81,10766.69,10308.81,10321.39
10575.65,10696.59,10569.69,10675.8
10963.99,10972.97,10670.12,10772.4
10689.31,10808.04,10592.88,10680.51
10657.41,10837.3,10574.55,10614.84
10576.04,10875.72,10542.43,10859.72
10867.07,10983.52,10713.33,10952.61
10996.97,11210.38,10996.97,11199.11
10969.02,11205.84,10948.38,10970.99
10971.95,10998.73,10780.5,10792.67
10766.2,11117.04,10766.2,11102.45
11028.43,11047.94,10914,10988.15
11154.74,11156.35,10881.19,10890.85
10885.01,10993.24,10522.9,10524.8
10399.45,10486.01,10319.54,10342.94
10548.15,10553.63,10262.93,10475.25
10516.94,10587.96,10428.91,10564.52
10611.53,10745.65,10472.73,10616.2
10528.45,10564.97,10344.01,10353.17
10869.17,11119.11,10779.95,11114.15
11124.75,11352.43,11069.83,11323.33
11233.9,11350.12,11167.17,11196.22
11474.82,11492.62,11241.15,11358.41
11260.09,11286.1,11162.92,11183.66
11008.67,11198.84,11006.21,11144.96
11257.01,11259.44,11059.16,11146.06
11091.01,11128.78,10999.75,11024.51
11058.56,11179.87,10975.66,11174.41
11174.61,11310.82,11174.61,11285.32
11174.61,11310.82,11174.61,11285.32
11231,11261.57,11206.38,11226.35
11147.57,11217.75,11020.69,11049.5
11060.02,11086.02,10944.37,10983.78
10995.2,11468.48,10966.53,11468
11475.17,11546.77,11378.75,11482.45
11308.38,11492.32,11296.72,11461.5
11380.99,11425.51,11193.02,11239.94
11228.42,11241.42,10956.2,11014.89
10963.95,11039.81,10910.62,10958.55
11011.33,11119.16,10939.47,11082
11038.17,11138.7,10999.26,11004.62
11015.48,11144.67,10984.82,11143.74
11542.84,11571.64,11160.54,11256.81
11248.09,11352.09,11065.24,11170.89
11012.62,11029.57,10775.61,10810.53
10767.64,10833.24,10642.1,10705.41
10707.44,10713.97,10497.55,10546.03
10490.89,10609.47,10446.82,10547.11
10592,10753.57,10569.2,10709.37
10586.46,10599.34,10313.32,10476.12
10437.75,10514.76,10361.82,10497.86
10437.75,10514.76,10361.82,10497.86
10462.19,10472.32,10340.73,10353.23
10339.2,10414.82,10207.47,10213.29
10321.46,10502.08,10301.06,10478.09
10368.37,10468.31,10324.69,10466.48
10368.37,10468.31,10324.69,10466.48
10562.06,10613.06,10309.16,10386.98
10467.82,10515.22,10337.64,10458.76
10390.31,10393.22,10295.25,10305.24
10363.96,10604.14,10265.04,10569.29
10662.1,10807.26,10619.12,10635.65
10607.72,10743.67,10589.59,10742.63
10794.99,10932.44,10762.73,10931.67
10969.26,11027.75,10797.12,11001.1
10906.37,11084.01,10900.16,11079.16
10906.37,11084.01,10900.16,11079.16
11070,11145.44,11024.72,11095.11
11170.95,11223.41,10952.05,10957.01
10890.4,10932.52,10804.57,10852.27
10924.66,11143.17,10885.65,11140.43
11171.94,11405.5,11144.03,11364.41
11302.93,11378.15,11282.65,11334.27
11146.53,11334.22,11069.17,11313.36
11458.41,11516.05,11341.19,11512.41
11470.47,11691.89,11470.27,11621.71
11512.34,11553.31,11388.54,11393.81
11398.58,11586.01,11398.37,11584.55
11573.14,11904.02,11500.33,11816.32
12065.15,12269.56,12024.14,12200.82
11946.86,12231.31,11946.86,12006.95
11904.41,11973.41,11843.49,11887.45
11891.25,12150.22,11836.77,12113.79
12069.12,12096.39,11890.09,11910.52
12069.1,12070.96,11745.11,11789.58
11714.6,11775.8,11630.54,11718.12
11759.09,11910.92,11719.73,11891.79
11808.2,11999.85,11760.56,11960.15
11905.12,12071.29,11876.82,12070.59
11896.31,12040.34,11853.36,11855.83
11777.5,11803.22,11673.21,11787.27
11777.5,11803.22,11673.21,11787.27
11640.37,11684.14,11491.18,11492.3
11517.2,11582.52,11445.17,11507.07
11636.93,11638.98,11432.58,11590.4
11404.18,11434.36,11334.47,11394.94
11517.19,11565.23,11444.6,11466.98
11451.05,11548.23,11435.39,11455.54
11447.58,11479,11349.87,11379.48
11273.77,11487.59,11273.61,11462.98
11524.65,11699.63,11514.74,11689.01
11736.87,11827.92,11667.48,11675.74
11670.98,11705.97,11512.03,11530.33
11553.09,11601.23,11487.75,11576
11578.31,11667.11,11319.98,11338.35
11325.36,11373.81,11093.86,11138.89
11041.46,11326.73,10982.8,11188.84
11357.74,11467.02,11284.93,11428.15
11291.17,11447.9,11238.44,11434.05
11384.87,11733.8,11365.49,11717.28
11696.34,11773.11,11562.63,11630.51
11614.39,11695.55,11550.69,11675.54
11764.79,11879.16,11724.91,11860.11
11857.5,12013.99,11666.85,11669.96
11811.32,11962.69,11684.52,11787.4
11747.62,11826.23,11670.67,11823.96
11868.54,11903.21,11739.05,11768.84
11752.76,11752.76,11635.02,11716.08
11855.59,11941.6,11823.35,11926.24
12010.44,12044.79,11953.37,12013.47
12031.54,12227.93,12030.44,12221.91
12146.09,12196.34,12086.52,12189.45
12208.49,12224.68,12081.81,12126.33
12081.76,12086.75,11931.84,11996.86
11939.08,12098.5,11898.36,12087.96
11975.14,12084.94,11924.2,12084.35
12080.24,12091.27,12011.4,12031.88
12110.87,12134.5,11916.54,11929.34
11997.42,12178.8,11995.94,12166.27
12117.91,12205.72,12026.55,12123.47
12108.23,12159.02,12064.1,12157.72
12234.56,12245.43,12110.23,12153.41
12063.68,12191.1,12060.17,12157.23
12039.08,12155.96,12011.95,12059.56
12046.03,12097.15,11986.82,12072.46
12053.47,12103.58,11960.31,12037.2
11968.81,11990.46,11798.77,11799.16
11913.23,11967.99,11833.07,11854.35
11972.15,12154.01,11950.92,12142.24
12117.54,12227.72,12082.57,12226.58
12210.05,12261.32,12181.08,12212.6
12198.02,12206.58,12015.23,12080.51
12097.04,12212.56,12022.46,12025.33
11997.34,12033.15,11925.37,11966.4
12073.03,12264.83,12065.72,12235.41
12231.68,12264.99,12178.26,12256.92
12195.78,12216.13,12174.06,12179.55
12286.66,12337.69,12180.86,12306.44
12321.26,12347.38,12255.44,12328.51
12350.52,12364.65,12209.58,12284.74
12301.17,12376.4,12263.35,12365.21
12327.05,12403.81,12324.52,12343.05
12388.58,12514.07,12335.02,12500.57
12513.87,12698.5,12512.26,12688.84
12709.46,12731.73,12624.06,12657.9
12664.44,12756.23,12655.26,12720.78
12652.88,12709.74,12554.43,12560.25
12481.9,12529.63,12415.85,12484.16
12706.44,12736.92,12604.89,12698.09
12736.42,13001.91,12729.74,12975.69
13109.1,13154.29,12968.12,13017.43
12968.38,13029.08,12889.37,12935.28
12944.46,13141.83,12903.63,13100.98
13190.48,13256.21,13125.86,13240.77
13238.48,13330.65,13194.95,13229.43
13199.59,13306.2,13165.65,13276.42
13295.26,13361.9,13089.48,13104.9
13113.27,13248.6,13101.18,13238.52
13312.4,13385.95,13229.33,13259.14
13326.37,13465.91,13302.58,13461.92
13566.52,13594.4,13473.19,13573.32
13570.56,13661.74,13455.99,13626.48
13572.88,13828.17,13561.37,13782.82
13859.07,13864.06,13680.95,13689.57
13642.3,13711.18,13561.84,13667.29
13620.87,13638.57,13460.94,13502.2
13443.41,13631.85,13441.56,13630.61
13484.1,13572.19,13442.65,13492.52
13468.75,13573.57,13334.42,13335.78
13389.25,13578.8,13366.97,13555.67
13506.02,13654.14,13495.73,13591.75
13592.36,13618.53,13540.26,13591.33
13719.98,13816.67,13716.16,13787.92
13798.7,13839.09,13773.41,13816.77
13772.1,13844.5,13764.25,13791.65
13653.17,13689.52,13567.25,13679.04
13668.07,13804.51,13656.73,13660.72
13645.37,13692.41,13584.87,13685.48
13709.81,13774.83,13643.32,13760.7
13915.64,13963.45,13842.13,13918.96
14021.15,14163.81,14012.24,14138.57
14166.66,14232.11,14081.96,14113.7
14149.92,14274.41,14138.01,14244.95
14212.25,14396.69,14176.11,14353.64
14398.53,14446.55,14317.09,14358.02
14273.29,14309.92,14030.62,14063.31
14148.17,14179.01,14020.45,14032.81
14081.63,14110.15,13997.12,14058.87
14093.24,14201.91,14092.52,14144.56
14123.52,14187.35,14041.95,14127.28
14319.16,14360.2,14006.92,14050.11
14199.83,14344.35,14188.1,14316.66
14337.9,14370.91,14292.75,14346.02
14274.93,14309.21,14215.64,14283.91
14132.73,14133.85,13914.81,13973.45
13899.76,14032.28,13881.35,13959.72
14025.96,14119.22,13897.93,13909.24
13972.45,13997.15,13864.92,13994.4
13875.45,13899.74,13769.34,13884.32
13897.61,13898.53,13698.4,13722.02
13818.25,13947.16,13686.51,13737.99
13633.65,13720.33,13609.98,13644.85
13599,13789.16,13582.49,13788.33
13760.48,13774.98,13611.94,13631.05
13593.17,13644.32,13473.03,13474.63
13527.3,13535.09,13303.44,13316.93
13190.02,13335.87,13161.76,13290.78
13347.26,13516.86,13325.59,13497.59
13593.94,13598.77,13484.38,13505.87
13532.43,13757,13532.43,13721.03
13834.31,13834.69,13462.84,13463.97
13514.37,13633.42,13376.35,13590.65
13695.36,13735.98,13626.64,13705.13
13687.23,13959.81,13677.06,13943.76
13961.77,14050.82,13924.2,14019.31
14041.54,14114.67,14010.48,14034.97
14129.96,14149.62,13982.42,14031.81
13994.54,14060.85,13945.65,14020.95
13988.81,14001.95,13802.42,13872.47
13675.11,13774.64,13642.47,13748.83
13754.71,13843.37,13733.18,13761.52
13884.03,13937.47,13805.13,13917.9
13858.94,13913.6,13763.69,13773.61
13773.67,13868.57,13733.82,13813.58
13889.76,13957.57,13810.66,13926.05
13889.2,13895.75,13684.24,13708.33
13669.95,13751.28,13663.45,13710.24
13649.44,13705.15,13578.87,13678.19
13710.26,13727.81,13467.28,13469.13
13328.06,13362.23,13222.56,13223.99
13287.17,13353.22,13200.64,13211.81
13172.54,13277.83,13132,13271.32
13180.96,13199.13,13033.4,13063.61
13115.36,13156.37,12963.16,13092.85
13043.37,13270.97,13025.11,13201.28
13337.71,13382.98,13177.09,13219.32
13217.98,13364.03,13204.08,13307.77
13229.68,13280.04,13008.6,13059.47
13092.92,13258.76,13072.51,13236.01
13228.12,13251.18,13087.57,13219.83
13127.68,13472.27,13099.03,13431.34
13326.22,13509.3,13277.48,13484.24
13505.81,13659.63,13491.81,13562.84
13619.21,13671.11,13549.29,13659.68
13672.47,13714.14,13491.56,13574.22
13613.59,13619.54,13361.85,13407.23
13453.81,13598.05,13447.17,13567.98
13419.87,13602.25,13364.74,13533.75
13439.68,13499.74,13275.3,13314.3
13354.8,13404.73,13157.33,13186.18
13157.77,13177.35,12977.43,12983.81
12930.85,13143.23,12848.83,13018.33
13084.99,13170.39,13022.85,13139.88
13039.86,13042.52,12804.3,12821.23
12768.97,12818.14,12543.86,12595.6
12718.69,12772.43,12600.57,12643.01
12750.47,12842.96,12691.56,12789.48
12786.62,12859.4,12697.04,12851.24
12887.06,13072.42,12875.2,13061.47
13230.49,13302.18,13177.64,13294.19
13362.85,13520.28,13344.73,13478.28
13514.08,13551.62,13435.99,13518.78
13555.79,13675.46,13516.56,13639.85
13660.22,13684.87,13573.58,13650.41
13693.69,13697.82,13506.02,13521.45
13571.19,13802.53,13556.35,13798.11
13745.96,13805.1,13687.78,13767.74
14015.37,14124.06,14003.14,14094.38
14147.27,14194.36,14060.69,14103.84
14066.88,14130.45,14033.79,14113.67
14101.44,14154.32,14063.93,14125.48
14134.75,14309.8,14134.2,14284.53
14217.23,14237.5,14146.31,14199.98
14283.82,14359.61,14226.63,14265.86
14283.82,14359.61,14226.63,14265.86
14238.03,14270.28,14214.13,14250.85
14239.31,14305.71,14205.24,14241.02
14224.63,14303.66,14195.72,14281.76
14367.11,14423.22,14247.89,14258.49
14265.05,14289.2,14127.06,14226.22
14181.35,14311.95,14135,14305.03
14168.66,14197.52,14058.52,14185.49
14126.4,14285.66,14121.76,14229.91
14325.62,14327.64,14138.51,14146.71
14230.43,14353.11,14220.87,14339.99
14279.45,14416.92,14264.96,14403.97
14340.13,14436.08,14324.57,14432.49
14423.01,14533.4,14385.39,14533.4
14555.68,14743.56,14517.52,14733.96
14798.72,14855.62,14642.23,14761.56
14797.46,14848.41,14753.16,14813.92
14814.02,14938.04,14811.82,14904.81
14923.02,15003.8,14921.6,15003.22
14973.36,15069.29,14776.29,14777.94
14923.14,14970.81,14837.47,14963.87
15006.18,15047.19,14927.12,14992.97
15006.18,15047.19,14927.12,14992.97
15028.69,15101.18,15024.06,15074.57
15089.66,15114.08,15051.67,15099.18
15142.09,15150.07,15087.22,15095.14
15099.19,15111.41,14955.37,15011.35
15099.19,15111.41,14955.37,15011.35
14873.7,14887.8,14682.38,14765.94
14641.47,14694.58,14577.44,14592.21
14532.23,14632.77,14504.78,14510.3
14500.11,14625.19,14477.57,14524.07
14564.47,14846.9,14560.2,14843.77
14744.13,14894.32,14716.71,14857.71
14877.7,14998.2,14842.7,14969.65
15020.95,15063.61,14800.38,14970.18
15001.01,15047.25,14931.88,14972.76
15001.01,15047.25,14931.88,14972.76
14908.26,15004.35,14863.81,14944.35
14814.77,14865.76,14706.23,14855.62
14994.52,15066.81,14911.11,15055.65
15122.38,15310.97,15087.2,15310.97
15393.05,15438.85,15333.63,15360.28
15391.41,15432.35,15337.23,15425.94
15560.61,15629.07,15468.91,15481.92
15555.62,15597.25,15430.68,15510.5
15474.85,15538.84,15433.04,15455.36
15470.66,15630.58,15449.87,15628.05
15604.08,15619.23,15484.67,15509.9
15324.19,15405.56,15158.49,15164.01
15254.02,15372.13,15208.88,15361.64
15403.16,15664.21,15366.78,15628.95
15613.99,15637.88,15471.68,15597.68
15638.19,15652.75,15515.25,15609
15690.35,15770.67,15645.81,15756.65
15762.23,15813.27,15739.18,15793.72
15842.38,16007.29,15831.76,15990.66
15980.62,16080.07,15917.87,15942.55
15598.88,15770.42,15551.44,15655.6
15781.71,15865.51,15683.94,15859.15
15865.3,15911.22,15779.72,15906.17
15910.43,15917.41,15752.02,15775.65
15679.84,15730.47,15508.5,15630.78
15532.12,15583.68,15451.65,15580.87
15904.48,16061.82,15869.24,16041.62
16094.8,16134.22,15954.5,15996.82
16014.45,16054.9,15973.9,15976.25
16013.98,16046.1,15940.51,16035.3
15969.14,16003.56,15924.72,15947.74
16059.34,16115.96,15931.69,16091.92
16109.83,16302.24,16096.6,16274.94
16264.21,16289.06,16199.06,16207.51
16077.74,16087.57,15862.63,15939.59
16092,16128.56,15956.66,16031.54
16147.32,16309.02,16096.01,16273.38
16322.1,16449.7,16059.5,16085.11
16052.62,16085.94,15978.04,16019.27
16116.98,16275.45,15992.98,16265.64
16220.11,16233.3,16143.34,16177.77
16209.19,16245.32,16039.68,16128.53
16043.58,16055.33,15925.91,15973.17
16154.92,16247.59,16094.17,16103.45
16031.93,16175.59,15951.86,16166.79
16185.76,16377.44,16127.48,16369.41
16517.24,16538.87,16393.9,16401.84
16387.83,16467.62,16361,16428.82
16335.3,16441.17,16315.72,16384.47
16446.85,16476.38,16312.95,16315.7
16424.76,16431.82,16279.17,16399.52
16377.23,16420.92,16347.38,16379.46
16377.23,16420.92,16347.38,16379.46
16397.05,16490.65,16327.9,16396.83
16199.24,16251.41,16137.24,16240.45
16178.8,16340.74,16169.31,16277.46
16418.57,16468.04,16046.56,16049.08
16095.4,16326.5,16080.48,16248.52
16285.18,16323.6,16220.72,16253.95
16328.76,16348.18,16141.15,16306.64
16104.01,16200.1,16092.02,16170.36
16236.2,16464.6,16154.65,16442.2
16293.03,16341.45,16125.33,16175.09
16276.48,16295.27,15863.88,15885.02
15856.38,15965.79,15822.02,15865.25
15942.29,15957.03,15654.51,15683.37
15705.69,15786.12,15587.5,15601.5
15547.1,15576.7,15222.78,15282.01
15396.13,15539,15265.66,15451.31
15525.55,15730.35,15510.58,15696.64
15805.6,15839,15634.44,15712.75
15375.26,15644.51,15343.91,15611.76
15821.33,15981,15770.72,15927.9
16007,16021.5,15885.89,15983.08
15920.89,15979.36,15655.67,15657.82
15646.09,15926.22,15557.64,15605.48
15758.11,15862.79,15604.73,15840.96
16147.48,16204.71,16068.34,16156.33
16208.54,16350.08,16197.86,16349.25
16358.34,16397.39,16303.84,16332.56
16226.07,16341.65,16226.07,16302.76
16323.74,16362.79,16241.98,16346.26
16389.02,16437.39,16293.52,16340.87
16400.31,16407.06,16334.86,16388.24
16391.16,16526.27,16386.44,16511.18
16601.14,16749.74,16544.09,16742.39
16738.1,16797.83,16693.44,16698.32
16708.49,16726.41,16613.84,16685.97
16702.02,16823.83,16695.69,16794.88
16736.1,16839.02,16719.97,16832.62
16839.02,16855.27,16712.09,16801.54
16996.38,16996.38,16678.37,16736.03
16786.79,16947.79,16771.58,16920.79
16786.79,16947.79,16771.58,16920.79
16988.31,17032.66,16917.51,17019.88
16879.35,16989.6,16873.97,16920.58
16878.63,16900.46,16690.36,16737.08
16771.9,16789.27,16445.54,16735.02
16865.71,16909.89,16646.43,16828.67
16823.88,16891.88,16750.39,16857.05
16974.48,17187.92,16955.56,17187.9
17204.87,17235.73,17123.59,17173.12
17124.13,17229.31,17090.04,17133.12
17083.44,17213.45,17057.34,17192.53
17160.42,17345.05,17107.99,17343.55
17502.15,17725.39,17490.64,17608.44
17715.27,17741.8,17566.32,17667.56
17621.18,17693.43,17590.8,17688.88
17697.3,17935.98,17636.36,17857.02
17856.76,17890.52,17796.88,17862.23
17856.76,17890.52,17796.88,17862.23
17913.94,17936.79,17650.69,17721.59
17681.01,17787.34,17620.57,17689.36
17640.26,17730.12,17494.02,17496.82
17572.16,17734.34,17546.63,17717.65
17697.27,17813.55,17687.07,17805.16
17793.95,17892.78,17765.42,17858.68
17891.1,18035,17723.83,17732.6
17773.9,17894.28,17657.64,17879.3
17808.04,18031.29,17802.24,18028.76
18016.12,18188.3,18016.12,18188.3
18016.12,18188.3,18016.12,18188.3
18200.6,18366.31,18197.13,18352.76
18371.86,18416.94,18342.6,18403.74
18465.02,18511.89,18381.6,18429.29
18512.09,18655.19,18467.58,18647.45
18659.25,18671.07,18238.78,18283.41
18303.64,18556.73,18293.6,18398.44
18485.91,18641.53,18397.83,18472.57
18534.27,18576.83,18386.07,18509.34
18188.19,18223.24,17972.87,17996.92
18119.15,18130.87,17759.54,17871.22
17835.59,17935.14,17691.43,17726.94
17923.65,18040.99,17839.76,18007.57
17982.74,18128.38,17968.1,17997.35
17733.91,17747.06,17313.52,17342.41
17352.65,17544.46,17033.97,17181.72
17331.94,17454.57,17239.99,17357.88
17444.39,17535.32,17299.83,17370.2
17424.1,17468.56,17015.38,17147.42
17499.23,17693.98,17438.6,17599.4
17647.03,17791.58,17051.42,17194.15
16780.44,16920.62,16582.79,16776.16
15712.53,16453.46,15708.54,16200.08
16261.36,16620.31,16137.65,16366.85
16622.31,16709.81,16179.53,16195.81
16408.27,16694.25,16262.93,16660.02
16636.52,16789.22,16574.57,16745.3
16793.64,16895.79,16699.39,16780.61
16944.74,17192.79,16943.95,17187.61
17227.64,17260.73,17032.17,17192.6
17394.54,17602.72,17375.41,17594.5
17516.4,17674.65,17502.82,17631.72
17649.74,17877.44,17585.58,17876.77
17849.09,17932.53,17758.19,17816.94
17840.51,17963.07,17790.98,17918.99
17993.72,18017.69,17589.15,17619.35
17772.73,17941.27,17700.27,17877.79
17867.85,17909.09,17645.69,17725.77
17655.52,17789.72,17573.37,17754.82
17738.8,17759.94,17439.4,17556.03
17610.57,17789.21,17482.6,17516.43
17650.49,17720.38,17498.79,17713.62
17650.49,17720.38,17498.79,17713.62
17585.45,17585.45,17057.78,17136.3
17015.71,17232.65,16984.67,17084.3
17063.24,17295.58,17035.07,17127.66
17137.62,17166.54,16668.57,16690.83
16835.67,16923.28,16732.83,16884.6
16949.64,17036.07,16801.12,17025.88
17061.41,17420.23,16787.84,17395.53
17413.89,17605.72,17338.32,17569.68
17575.26,17719.14,17564.6,17683.98
17573.7,17618.4,17480.66,17592.13
17707.02,17781.74,17544.64,17628.06
17663.38,17832.7,17556.42,17573.3
17980.89,18099.93,17909.75,18013.98
17999.35,18024.34,17835.64,17948.32
17994.91,18021.58,17936.37,17974.27
18046.44,18091.96,17863.38,18074.52
18050.36,18155.03,18040.62,18082.21
18327.34,18327.34,18071.74,18190.29
18228.78,18238.28,18069.18,18119.59
18069.83,18198.16,17997.56,18189.17
18154.94,18162.72,17779.77,17910.36
17867.12,17978.57,17767.79,17925.12
17859.49,18011.25,17826.42,17918.47
18130.42,18145.28,17952.3,18137.85
18080.12,18096.33,17900.03,17923.9
18017.93,18203.04,17989.7,18182.92
18179.22,18302.05,18133.02,18291.62
18200.62,18333.39,18154.18,18282.05
18217.73,18375.53,18208.44,18342.94
18426.66,18547.92,18423.6,18502.69
18515.97,18564.25,18252.52,18315.59
18333.29,18383.11,18214.96,18367.08
18537.21,18541.46,18368.79,18373.61
18466.01,18524.33,18452.58,18489.55
18456.48,18543.58,18377.62,18540.01
18451.86,18620.71,18413.47,18573.13
18502.06,18509.19,18146.61,18276.65
18384.15,18435.37,18305.42,18415.49
18512.58,18690.01,18487.06,18518.6
18648.25,18671.01,18563.02,18567.19
18576.09,18753.19,18509.59,18712.75
18731.69,18785.49,18598.24,18607.93
18427.31,18427.31,18083.95,18095.15
18189.67,18363.94,18181.53,18239.92
18220.43,18308.3,18112.83,18179.98
18250.71,18449.68,18250.71,18439.17
18772.76,19000.5,18730.21,18983.47
19084.43,19301.7,19084.43,19269.46
19255.14,19318.56,19224.43,19286.78
19355.34,19366.07,19193.29,19298.76
19289.81,19343.04,19168.52,19281.4
19286.46,19358.48,19191.13,19230.72
19256.09,19275.81,19073.39,19107.65
18929.92,18936.75,18598.87,18680.12
18717.93,18865.28,18672.3,18791.81
18699.71,18992.08,18689.83,18987.47
18971.31,18974.91,18724.39,18966.14
19072.78,19110.89,18714.06,18972.42
18966.32,19025.77,18899.48,19003.65
19140.59,19208.68,18969.35,19054.84
19109.08,19184.4,19100.73,19174.3
19132.99,19133.11,18937.2,19060.48
19132.99,19133.11,18937.2,19060.48
19087.47,19245.49,19066.52,19218.17
19255.43,19436.92,19255.43,19403.95
19364.34,19486.15,19340.41,19480.91
19587.48,19741.76,19575.4,19735.12
19756.4,19790.03,19688.59,19700.26
19743.96,19863.15,19734.42,19859.77
19824.09,19872.79,19698.05,19736.69
19796.39,19887.08,19641.34,19687.24
19832.96,20055.93,19830.64,20034.9
19947.34,20018.24,19897.38,19902.84
19995.18,20061.65,19817.47,19926.72
20016.12,20204.58,19988.12,20173.89
20095.62,20148.83,20004.73,20105.53
20114.98,20179.77,19336.59,19392.69
19565.66,19623.02,19357.76,19372.77
19190.04,19758.61,19168.38,19572.6
19641.05,19772.09,19504.68,19764.88
19818.47,20031.13,19813.76,20031.13
19818.47,20031.13,19813.76,20031.13
19979.25,20070.08,19888.11,20020.36
19896.77,19904.77,19553.4,19722.03
19460.41,19622.93,19342.51,19486.78
19551.36,19563.72,19283.41,19310.79
19551.36,19563.72,19283.41,19310.79
19403.9,19517.87,19117.59,19280.79
19395.51,19638.66,19379.57,19621.68
19851.99,20007.95,19784.99,19864.98
19938.08,19940.21,19421.02,19489.68
19469.37,19544.5,19308.54,19478.88
19469.37,19544.5,19308.54,19478.88
19312.26,19315.11,19018.75,19161.63
18903.66,19099.97,18831.91,19088.1
19207.75,19273.14,18926.6,19044.39
19350.31,19548.9,19299.32,19511.23
19573.87,19579.85,19335.68,19338.29
19655.54,19709.64,19543.32,19630.2
19655.54,19709.64,19543.32,19630.2
19734.39,19789.62,19551.17,19756.78
19903.04,20068.52,19903.04,20009.34
19906.99,20053.68,19892.55,20053.68
20087.1,20118.61,19897.13,19954.3
19234.04,19514.35,19204.95,19341.83
19418.22,19759.43,19294.62,19733.59
19695.68,19699.82,19479.51,19632.32
19697.53,19785.79,19483.83,19681.75
19832.33,19969.17,19575.21,19627.44
19215.38,19502.13,19141.15,19391.96
19422.17,19666.44,19408.18,19654.02
19533.05,19696.94,19498.9,19692.33
19725.83,19793.36,19654.1,19791.99
19774.87,19862.54,19489.36,19523.4
19668.18,19772.04,19650.79,19714.27
19602.11,19731.93,19579.77,19643.85
19436.51,19682.51,19415.48,19649.95
19696.92,19952.17,19675.87,19945.65
19956.82,20045.76,19932.15,20026.77
19956.82,20045.76,19932.15,20026.77
20090.56,20110.12,19909.74,20041.26
19994.5,20099.39,19928.9,20056.25
20029.19,20041.15,19795.02,19962.36
20006.69,20016.66,19510.91,19524.01
19590.85,19644.23,19275.46,19286.93
19242.61,19256.35,18871.52,19026.39
19109.32,19286.02,18966.46,19075.26
19212.36,19242.69,18535.22,18544.42
18477.17,18861.33,18372.99,18847.28
18923.36,18992.3,18216.63,18350.19
18176.43,18589.49,17956.6,18285.16
18312.97,18604.47,18144.73,18552.73
18204.53,18439.24,17980.39,18069.26
18029.85,18243.58,17768.59,18196.22
17840.32,17868.07,17291.82,17468.32
17443.09,17687.4,17238.24,17436.1
17711.41,17800.1,17436.27,17648.45
17598.56,17621.91,17239.44,17303.01
17523.3,17773.48,17491.08,17754.09
17722.54,17925.94,17645.87,17808.66
17662.57,17682.92,17431.67,17504.12
17590.12,17917.54,17533.94,17750.79
17586.06,17903.2,17576.82,17691.63
17519.84,17798.06,17474.81,17784.05
18046.19,18210.05,18030.68,18188.59
18207.97,18281.13,18170.42,18271.85
18217.33,18236.55,17837.26,17899.02
17811.24,17988.02,17743.8,17804.03
17722.09,17763.28,17283.06,17322.99
17045.44,17334.98,16854.37,17299.29
17221.55,17506.58,17149.36,17449.89
17207.01,17716.52,17181.27,17601.05
16790.53,16889.34,16533.04,16550.6
16045.6,16128.16,15575.68,15587.79
14978.03,16292.28,14784.03,15603.26
16181.04,16316.5,15053.39,15267.91
15295.44,17202.94,15270.28,17124.97
16635.45,16712.37,15894.26,16387.31
16358.53,16753.41,16228.04,16724.46
17120.44,17136.56,16661.26,16831.48
16842.39,16979.96,16753.22,16823.17
16499.69,16600.37,16066.46,16309.07
16399.97,16408.51,16181.17,16286.45
16399.97,16408.51,16181.17,16286.45
16052.76,16066.79,15685.33,15870.9
16079.94,16410.56,16038.73,16300.42
16880.29,17029.86,16642.66,16708.05
16754.76,17174.35,16744.97,17166.04
17182.11,17404.49,17110.72,17382.94
17390.93,17467.35,17128.71,17366.13
17270.76,17500.41,17256.2,17461.32
17099.98,17483.82,16959.53,17446.34
17793.14,17922.83,17688.1,17710.74
17868.76,18048.83,17812.04,17977.73
17817.01,17965.64,17792.08,17844.24
17623.21,17830.35,17592.88,17689.66
17706.83,17820.29,17503.01,17738.16
17920.15,18096,17776,17928.14
18022.55,18068.9,17853.84,17928.92
18674.56,18710.22,18472.71,18708.34
18761.23,19065.96,18745.5,19010.08
19074.72,19174.55,19023.61,19146.81
19031.24,19207.22,18967.78,19112.32
19151.54,19213.42,19038.48,19211.1
18937.42,19227.22,18937.42,19215.46
19132.06,19186.69,19015.62,19142.72
19002.94,19241.41,18799.2,18872.64
18888.05,19061.11,18840.34,18925.73
18622.38,18841.52,18599.69,18737.21
18622.38,18841.52,18599.69,18737.21
19014.44,19210.94,18961.69,19199.16
19232.62,19276.83,19084.38,19100.94
19389.39,19389.39,19091.54,19175.87
19131.22,19157.78,18847.74,19113.77
19063.06,19252.72,18985.3,19242.61
19288.66,19459.28,19224.7,19398.96
19434.94,19493.45,19359.09,19460.49
19518.2,19610.51,19226.22,19298.45
19526.99,19593.18,19464.84,19529.95
19573.14,19637.56,19531.1,19591.24
19620.11,19730.38,19539.09,19714.99
19779.35,19800.46,19551.34,19615.88
19578.87,19690.61,19553.56,19662.48
19450.92,19591.87,19367.42,19406.83
19550.75,19733.31,19550.75,19701.21
19627.08,19666.56,19485.44,19521.09
19526.92,19660.77,19489.56,19546.27
19526.92,19660.77,19489.56,19546.27
19639.41,19696.11,19380.58,19447.41
19427.01,19643.7,19334.98,19630.97
19809.62,19946.72,19795.29,19912.53
20013.95,20052.78,19918.08,19973.55
20062.19,20187.15,19982.48,20167.91
20217.26,20311.51,20095.05,20273.46
20360.15,20418.31,20266.36,20369.73
20290.61,20339.04,20105.42,20202.89
20184.37,20397.22,20181.74,20393.13
20497.66,20624.51,20480.22,20601.1
20497.66,20624.51,20480.22,20601.1
20490.55,20511.82,20323.02,20412.52
20466.93,20480.89,20377.35,20418.46
20522.09,20645.41,20486.38,20611.34
20636.48,20655.39,20495.14,20630.66
20562.88,20647.97,20509.75,20585.53
20592.56,20672.34,20492.63,20640.33
20822.76,20836.04,20670.58,20677.8
20717.81,20751.05,20507.06,20730.49
20760.32,20911.83,20735.55,20884.27
20959.57,20980.56,20846.12,20895.66
20960.33,21077.37,20957.44,20974.17
20982.21,20985.34,20750.9,20892.69
20966.47,21023.85,20870.67,21020.02
21083.82,21113.1,21001.68,21057.96
21059.94,21159.8,21036.85,21108.32
21176.4,21202.18,21122.12,21178.58
21286.72,21303.96,21081.69,21098.29
21140.4,21230.88,21016.92,21129.67
21457.48,21457.48,21078.67,21122.45
20830.64,20865.62,20560.17,20650.13
20853.91,21055.24,20833.86,21053.58
21092.1,21138.72,20893.29,20916.55
20955.22,21183.88,20937.49,21169.42
21325.01,21408.15,21090.05,21242.7
21316.37,21464.53,21284.97,21450.02
21459.65,21549.73,21346.62,21385.4
21507.44,21689.68,21386.25,21681.9
21764.55,21803.75,21645.14,21713.14
21649.21,21766.29,21627.13,21710.67
21709.34,21716.18,21567.46,21622.98
21616.82,21651.5,21559.33,21629.77
21607.45,21610.24,21277.71,21314.95
21269.67,21269.67,20905.99,21172.86
21112.52,21198.76,21013.53,21100.31
21139.83,21545.43,21092.35,21496.53
21466.47,21572.18,21400.08,21449.29
21443.63,21550.92,21389.1,21544.27
21526.33,21616.17,21476.3,21590.14
21619.27,21742.46,21534.94,21705.16
21630.33,21631.15,21397.98,21455.55
21630.33,21631.15,21397.98,21455.55
21086.57,21293.69,21033.05,21279.63
21461.63,21553.98,21370.98,21497.73
21539.91,21711.96,21469.4,21707.69
21860.44,21878.81,21534.72,21700.39
21806.22,21885.62,21776.24,21798.7
21858.17,21891.42,21731.48,21879.49
21980.6,22000.97,21810.84,21886.06
21977.52,22059.71,21908.81,22043.07
22078.63,22182.34,22031.62,22141.1
22243.2,22352.25,22233,22348.75
22397.5,22397.5,22308.78,22333.96
22333.02,22339.54,22058.92,22261.33
22439.11,22540.93,22358.48,22470.72
22554.31,22645.11,22497.71,22631.48
22606.59,22801.9,22590.86,22788.98
22782.72,22785.13,22539.04,22573.47
22656.02,22657.45,22397,22497.85
22318.77,22456.78,22185.87,22384.7
22403.27,22488.18,22285.44,22484.07
22605.3,22704.9,22536.06,22591.15
22580.36,22671.39,22493.96,22660.01
22530.94,22782.58,22516.74,22755.16
22885.9,22900.6,22729.75,22844.05
22886.16,22925.43,22695.82,22780.51
22894.35,22991.72,22827.56,22941.67
22972.37,23006.07,22718.76,22788.36
22852.32,23045.14,22845.42,23043.38
23045.33,23062.62,22899.16,23024.62
23043.52,23119.91,22193.07,22204.43
22578.67,22718.75,22499.49,22694.61
22388.04,22691.07,22213.73,22521.7
22738.5,22841.69,22427.79,22670.08
22764.4,22886.87,22404.69,22562.54
22489.81,22736.01,22396.65,22679.97
22844.82,23031.87,22841,22990.54
22984.55,23010.35,22894.42,22953.67
22940.79,22978.4,22514.08,22740.4
22751.33,22983.46,22732.18,22941.8
23143.23,23261.26,23127.96,23204.87
23537.32,23658.66,23493.96,23637.46
23766.46,23901.36,23675.19,23827.49
23987.29,24019.99,23763.99,23958.47
23793.08,23846.13,23578.47,23581.15
23941.78,23946.23,23628.82,23724.96
23951.91,23976.84,23764.87,23834.72
